RecordID,Year_Sort,Year,Month,Day,Circa,DatingNotes,Place,Diocese,Province,CountryModern,PlaceNotes,Latitude,Longitude,Jurisdiction_ID,Jurisdiction_ID2,Jurisdiction_ID3,Jurisdiction_ID4,Jurisdiction_ID5,Jurisdiction_ID6,Classification,ClassificationNotes,IssuingAuthority,IssuingAuthorityAlt,RegnalStart,RegnalEnd,Delegated,Language,LanguageNotes,Source,SourceOther,Edition,EditionOther,Source_URL,Source_URL2,SourceNotes,TranscriptionNotes,NoKnownText,TextNeeded,Fragment,BaseText,OCR,GeneralNotes,Transcription,BiblioRefs
0001,1274,1274,11,1,,"Misdated to October 29 in Dalham; correct dating in Roberg, Intro to COGD edition of Lyon II, p 259",Salzburg,Salzburg,Salzburg,Austria,,47.8025,13.045833,P067,,,,,,Provincial,,Frederick II of Walchen,,1270,1284,,Latin,,,,"Dalham, Concilia, 117-125","Hartzheim III, 639-44",https://books.google.com/books?id=D9JEAAAAcAAJ,https://books.google.com/books?id=-d5KAAAAcAAJ,,,,,,"GoogleBooks
Data Capture",,"Original copy with seal is in Munich, HStA, HU Passau 167; statutes survive in at least 65 HSS (Johanek, Synodalia, III, Anhang I, 16-18)",Reviewed ,
0002,1277,1277,,,,"Hartzheim gives date as 1227; redated by Heydenreich, Trierer Synodalstatuten, to 1277; supported by Johanek, Pariser Statuten, 340-41; ",Trier,Trier,Trier,Germany,,49.7596,6.6439,P083,,,,,,Provincial,,Heinrich I von Finstingen,,1260,1286,,Latin,c. 1 contains Middle High German,,,"Blattau, Statuta synodalia, I, 14-30","Hartzheim III, 526-35",http://books.google.com/books?id=dow-AAAAcAAJ,https://books.google.com/books?id=-d5KAAAAcAAJ,,,,,,"GoogleBooks
Data Capture",Yes,,Reviewed ,
0003,1274,1274x1275,,,Yes,,Mainz,Mainz,Mainz,Germany,,49.98,8.2791,D549,,,,,,Diocesan,"Johanek, Synodalia, I: ""Die Synodalstatuten Erzbischof Werners waren nur für die Diözese Mainz gedacht. Sie gehören damit zu den ältesten Statuten dieser Art in der Mainzer Kirchenprovinz, ja im Reich überhaupt.""",Werner von Eppstein,,1259,1284,,Latin,,"Oxford, Bodleian Library, MS Laud 401, fols. 1r-6v","Leipzig, Universitätsbibliothek, lat. 1085, fols. 33r-37r","Johanek, Synodalia III, Anhang II, Nr 1 (SS 71-106)",,,,,CoSyn Transcription from Johanek edition,,,,"Library Scan
Other
Digital MS",,"see written notes under 'Mainz 1274/75'

-survives only in these two MSS; essentially ignored in 1310 provincial compilation (which was hugely influential), as Unger observed",Reviewed ,
0004,1285,1282x1290,10,,Yes,"dated 1279 (October 16) in Hartzheim, WFUB, and Germania Sacra, with Finke arguing instead for 1282x1290 (and Otte following Finke)",Münster,Münster,Cologne,Germany,,51.962944,7.628694,D541,,,,,,Diocesan,,Everhard von Diest,,1275,1301,,Latin,,,,"Hartzheim III, 644-53","Niesert, Beiträge zu einem Münsterischen Urkundenbuche, 1, 1, 1-23 (no. 1)",https://books.google.com/books?id=-d5KAAAAcAAJ,,,CoSyn transcription from Hartzheim,,,,"GoogleBooks
Data Capture",,,Reviewed ,"Finke, Heinrich. “Die angebliche Fälschung der ältesten Münsterschen Synodalstatuten.” Zeitschrift für vaterländische Geschichte und Altertumskunde (Westfalen) 49 (1891): 161-184; see also Westfaelisches Urkundenbuch, III, p. 560-563, Nr. 1079 (arguing against its authenticity)

"
0005,1281,1281,11,18,,,Salzburg,Salzburg,Salzburg,Austria,,47.8025,13.045833,P067,,,,,,Provincial,,Frederick II of Walchen,,1270,1284,,Latin,,,,"Dalham, Concilia, 125-130","Hartzheim III, 653-56",https://books.google.com/books?id=D9JEAAAAcAAJ,https://books.google.com/books?id=-d5KAAAAcAAJ,,,,,,"GoogleBooks
Data Capture",Yes,"survives in 63 MSS (Johanek, Synodalia, III, Anhang I)",Reviewed ,
0006,1281,1275x1282,,,,"day/month not certain (and some editions give 1280 or 1281, including REK); here following Wolter",Cologne,Cologne,Cologne,Germany,,50.94257,6.958976,D538,,,,,,Diocesan,,Siegfried von Westerburg,,1275,1297,,Latin,,,,"Wolter, Synodalstatuten, 121-155, no. 5","Hartzheim III, 657-71; REK 3/2, 114-115, no. 2874 (Summary)",https://books.google.com/books?id=-d5KAAAAcAAJ,,,,,,,"GoogleBooks
Data Capture
Digital MS",,,Reviewed ,
0007,1284,1284,3,17,,,Sankt Pölten ,Passau,Salzburg,Germany,,48.2,15.625,D570,,,,,,Diocesan,,Gottfried I.,,1282,1285,,Latin,,,,"Hartzheim III, 673-82","Hieronymus Pez, Scriptores rerum Austriacarum, vol. II, coll. 519-533. Leipzig: sumptibus Joh. Frid. Gleditschii B. filii. 1725. ",https://books.google.com/books?id=-d5KAAAAcAAJ,,"survives in at least 20 MSS (Johanek, Synodalia, III, Anhang I); textual transmission is complicated",,,,,"GoogleBooks
Data Capture",,"These were subsequently extended at a synod in Passau, probably that same year (see Johanek, Synodalia, ch. 3)",Reviewed ,
0008,1286,1286,,,,,Naumburg,Naumburg-Zeitz,Magdeburg,Germany,,51.1525,11.81,D548,,,,,,Other,Synod held jointly with bishops of Meissen and Merseburg,Bruno von Langenbogen,,1285,1304,,Latin,,,,"Hartzheim III, 682-83",,https://books.google.com/books?id=-d5KAAAAcAAJ,,,,,,,"GoogleBooks
Data Capture",,,Reviewed ,
0009,1287,1287,,,,,Würzburg,Würzburg,Mainz,Germany,,49.788,9.936,P017,P023,P043,P083,,,Legatine,"issued by Giovanni Boccamazza, bishop of Tusculum",Giovanni Boccamazza,,,,,Latin,,,,"Hartzheim III, 724-37","Lappenberg, Hamburgisches Urkundenbuch, I, 683-98, no. 830",https://books.google.com/books?id=-d5KAAAAcAAJ,,"text survives in at least 52 MSS (see Johanek, Synodalia, III, Anhang I, 56-59)",,,,,"GoogleBooks
Data Capture",,"""Nationalkonzil""; King Rudolph was in attendance, along with archbishops of Trier, Mainz, Cologne, and Bremen

Johanek, Synodalia, ch. 3: considerable episcopal protests against the legate's political plans did not keep the statutes from being widely received and recopied (even if chronicles claimed that they threatened the libertas cleri, etc.)",Reviewed ,"Krafl, ""Wurzburg Legatine Statutes"""
0010,1288,1288,11,11,,Nov 9-13,Salzburg,Salzburg,Salzburg,Austria,,47.8025,13.045833,P067,,,,,,Provincial,,Rudolf of Hoheneck,,1284,1290,,Latin,,"Vorau, Stiftsbibliothek, Ms. 329, fols. 137v-142r","Zwettl, Stiftsbibliothek, Cod 278, fols. 53v-62v","Johanek, Synodalia III, Anhang II, 107-130","Hartzheim III, 737-39 (deficient)",,https://books.google.com/books?id=-d5KAAAAcAAJ,"Johanek's edition is based on the Vorau MS, which dates from late 13th-c",CoSyn Transcription from Johanek edition,,,,"Library Scan
Other
Digital MS",,"These show the highpoint of canonistic learning and creativity in province of Salzburg for 13/14th-c (see Johanek, Synodalia, ch. 3), but Bishop Leopold von Seckau refused to approve the statutes, and Duke Albrecht of Austria forced their annulment.

Johanek, Synodalia, Summarium: ""Dem Bischof von Seckau wurde klargelegt, dass die Bestimmung, der er sich so hartnäckig widersetzte, dass die Satzung des Erzbischofs mit den allgemeinen Normen des Kirchenrechts übereinstimmte.""",Reviewed ,
0011,1290,1290,8,31,,,Wrocław,Wrocław,Gniezno,Poland,,51.116667,17.033333,D537,,,,,,Diocesan,,Thomas of Wrocław,,1232,1268,,Latin,,,,"Sawicki X, 333-36",,,,,,,,,"Library Scan
Hard Copy Scan",Yes,,Reviewed ,
0012,1292,1292,3,17,,,Bremen,Bremen,Bremen,Germany,,53.075833,8.8075,P017,,,,,,Provincial,,Gisilbertus,,,,,Latin,,,,"Bremisches UB 1, 508-513, nr. 477","Mansi 24, coll 1093-98; Hartzheim IV, 583-86",https://books.google.com/books?id=kbNumdYKdrkC,https://books.google.com/books?id=lOJVAAAAcAAJ,,CoSyn transcription from Hartzheim edition,,,,"GoogleBooks
Data Capture",,,Reviewed ,
0013,1298,1298,,,,,Mainz,Mainz,Mainz,Germany,,49.98,8.2791,P043,,,,,,Provincial,,Gerhard II,,,,,Latin,,,,"Hartzheim IV, 587-90",,https://books.google.com/books?id=kbNumdYKdrkC,,,,,,,"GoogleBooks
Data Capture",,,Reviewed ,
0014,1293,1293,4,21,,,Utrecht,Utrecht,Cologne,Netherlands,,52.083,5.1,D543,,,,,,Diocesan,,Jan van Zyrik,John II van Sierck ,1291,1296,,Latin,,,,"Joosting, Bronnen, V, 60-68","OB Utrecht, V/1, pp. 102-105, no. 2581; Hartzheim IV, 17-19",https://resolver.kb.nl/resolve?urn=MMKB02:100007906,https://books.google.com/books?id=kbNumdYKdrkC,,,,,,Data Capture,,,Reviewed ,
0016,1300,1298x1303,,,Yes,date range from episcopal reign,Cologne,Cologne,Cologne,Germany,,50.94257,6.958976,D538,,,,,,Diocesan,,Wikbold von Holte,,1297,1304,,Latin,,,,"Wolter, Synodalstatuten, 156-172, no. 6","Hartzheim IV, 37-43",https://books.google.com/books?id=M99KAAAAcAAJ,,,,,,,"GoogleBooks
Data Capture",,,Reviewed ,
0017,1307,1307,2,13,,"Given incorrectly as 1306 in Hartzheim; for discussion, see Unger, 234-44, and 289",Cologne,Cologne,Cologne,Germany,,50.94257,6.958976,D538,,,,,,Diocesan,,Heinrich von Virneburg,,1306,1332,,Latin,,,,"Wolter, Synodalstatuten, 172-187, no. 7","Hartzheim IV, 99-106 ",https://books.google.com/books?id=kbNumdYKdrkC,,,,,,,"GoogleBooks
Data Capture",,,Reviewed ,
0018,1310,1310,,,,,Trier,Trier,Trier,Germany,,49.7596,6.6439,P083,,,,,,Provincial,,Baldwin of Luxembourg,,1307,1354,,Latin,,,,"Blattau, Statuta synodalia, I, 63-155","Hartzheim IV, 127-65",https://books.google.com/books?id=dow-AAAAcAAJ,,,,,,,"GoogleBooks
Data Capture",Yes,,Reviewed ,
0019,1310,1310,5,13,,"Provincial council occurred May 11-13, but compilation was approved the first day (see Johanek, Synodalia, ch. 2)",Mainz,Mainz,Mainz,Germany,,49.98,8.2791,P043,,,,,,Compilation (Provincial),,Peter von Aspelt,,1306,1320,,Latin,,,,"Hartzheim IV, 174-223",,https://books.google.com/books?id=M99KAAAAcAAJ,,"Existing editions highly unsatisfactory, as noted by Johanek, Synodalia, ch. 2, but no attempt has here been made to improve the Hartzheim text",,,,,"GoogleBooks
Data Capture",,"Johanek, Synodalia, I, 75: this  codification by Peter von Aspelt was widely diffused in Germany; aside from within the province of Mainz, it is also found in Constance, Basel, Hildesheim, Eichstaett, Boeblingen, Erfurt, and the diocese of Paderborn
-survives in at least 59 MSS total (Johanek, Synodalia, III, Anhang I)
-contains material from Fritzlar 1244, Mainz 1246, Mainz 1261, Aschaffenburg 1292, AB Peter (undated), German national council of 1225, and Magdeburg 1261 (see Unger, Rezeption, 284-85)",Reviewed ,
0020,1311,1311,,,,issued between 5 November 1310 and 1 October 1311,Cambrai,Cambrai,Reims,France,,50.175579,3.2345,D430,,,,,,Diocesan,,Pierre de Lévis-Mirepoix,,1309,1324,,Latin,,,,"Hartzheim IV, 240-42",,https://books.google.com/books?id=M99KAAAAcAAJ,,,CoSyn Transcription from Hartzheim edition,,,,"GoogleBooks
Data Capture",,,Reviewed ,"Caspars, Synodale Statuten, 88-89"
0021,1317,1317,3,14,,,Münster,Münster,Cologne,Germany,,51.962944,7.628694,D541,,,,,,Diocesan,,Ludwig II,,1310,1357,,Latin,,,,"Westfaelisches Urkundenbuch, VIII, p. 417ff, nr. 1140","Hartzheim IV, 251-54; Niesert, Beiträge zu einem Münsterischen Urkundenbuche, 1, 1, 39-42 (no. 7)",https://books.google.com/books?id=M99KAAAAcAAJ,https://books.google.com/books?id=TkdZAAAAcAAJ,,,,,,"GoogleBooks
Data Capture",,,Reviewed ,
0022,1323,1323,10,18,,dated 1324 in Hartzheim,Cambrai,Cambrai,Reims,France,,50.175579,3.2345,D430,,,,,,Diocesan,,Pierre de Lévis-Mirepoix,,1309,1324,,Latin,,"Paris, BnF lat 1592, fol. 27v-28v",,"Reusens, Statuta, 83-86","Gousset, APER II, 515-518; Hartzheim IV, 286-88",,https://books.google.com/books?id=L9U-AAAAcAAJ,,CoSyn transcription from Reusens edition,,,,"GoogleBooks
Library Scan
Digital MS
WebDownload",Yes,MS (and Reusens ed.) has additional passage at end not given in Gousset edition,Reviewed ,
0023,1355,1355,5,13,,,Utrecht,Utrecht,Cologne,Netherlands,,52.083,5.1,D543,,,,,,Diocesan,,Jan van Arkel,,1342,1364,,Latin,,,,"Joosting, Bronnen, V, 140-41","Hartzheim IV, 378-80",https://resolver.kb.nl/resolve?urn=MMKB02:100007906,https://books.google.com/books?id=kbNumdYKdrkC,,,,,,Data Capture,,,Reviewed ,
0025,1356,1356,3,14,,,Cologne,Cologne,Cologne,Germany,,50.94257,6.958976,D538,,,,,,Diocesan,,Wilhelm von Gennep,,1349,1362,,Latin,,,,"Wolter, Synodalstatuten, 485-489, no. 88","Hartzheim IV, 480-82; REK VI, no. 778 (Summary)",https://books.google.com/books?id=kbNumdYKdrkC,,,,,,,"GoogleBooks
Data Capture",,,Reviewed ,
0026,1370,1370,,,,,Magdeburg,Magdeburg,Magdeburg,Germany,,52.133333,11.616667,P042,,,,,,Provincial,,"Albrecht II., Graf von Sternberg",,1368,1372,,Latin,,,,"Hartzheim IV, 411-27",,https://books.google.com/books?id=M99KAAAAcAAJ,,,,,,,"GoogleBooks
Data Capture",,Largely a reissuing of earlier statutes,Reviewed ,
0028,1375,1375,3,12,,March 11/12,Bonn,Cologne,Cologne,Germany,,50.733889,7.099722,D538,,,,,,Diocesan,,Friedrich von Saarwerden,,1370,1414,,Latin,,,,"Wolter, Synodalstatuten, 646-649, no. 151","Hartzheim IV, 520-522; REK VIII, 1153 (summary)",https://books.google.com/books?id=kbNumdYKdrkC,,,CoSyn transcription from Hartzheim,,,,"GoogleBooks
Data Capture",,,Reviewed ,
0029,1386,1386,1,25,,,Salzburg,Salzburg,Salzburg,Austria,,47.8025,13.045833,P067,,,,,,Provincial,,Pilgrim II of Pucheim,,1365,1396,,Latin,,,,"Dalham, Concilia, 160-66","Hartzheim, IV, 530-34",https://books.google.com/books?id=HmlNAAAAcAAJ,,,,,,,"GoogleBooks
Data Capture",Yes,"survives in at least 32 MSS (Johanek, Synodalia, III, Anhang I, 26-27)
",Reviewed ,
0030,1283,1283,10,1,,,Cambrai,Cambrai,Reims,France,,50.175579,3.2345,D430,,,,,,Diocesan,,Enguerrand II de Créqui,,1274,1286,,Latin,,,,"Avril, Statuts, IV, 109-111","Boeren, Anciens statuts, III, 408-410",https://gallica.bnf.fr/ark:/12148/bpt6k62644355,,,,,,,Hard Copy Scan,Yes,Additiones,Reviewed ,
0032,1292,1292-1295,,,Yes,"first redaction in 1292-1293, with additions and corrections in 1294-1295 (see Avril, Bourges, 210)",Mende,Mende,Bourges,France,,44.51944,3.50139,D384,,,,,,Compilation (Diocesan),LIber synodalis; Instructiones (first part of the text),William Durand,Guglielmus Durantis,1286,1296,,Latin,,,,"Avril, Bourges, 209-311","Instructions et constitutions de Guillaume Durand le Spéculateur publiées d’après le manuscrit de Cessenon. Eds. Jos. Berthelé and M. Valmary. Montpellier: Delord-Boehm et Martial, 1900. [=Mémoires de l’Académie des sciences et lettres de Montpellier, ser. 2, 3 (1905): 1-148.])",,,"It is possible that authorial corrections survive in Cessenon MS (now AD Herault 10 F 96), but Avril is doubtful",,,,,Hard Copy Scan,Yes,,Reviewed ,
0033,1279,1279,10,16,,,Södertälje,Strängnäs,Uppsala,Sweden,previously known as Tälje,59.183333,17.666663,P086,,,,,,Provincial,,Jakob Israelsson,Jacobus Israelis ,1277,1281,,Latin,,,,"SDHK-nr: 1070, 1115","Diplomatarium Suecanum, no. 691, 692 [=I, 558-566]",https://sok.riksarkivet.se/sdhk SDHK-nr: 1070,https://books.google.com/books?id=EnWyZimmPqsC,"
",,,,,Other,,All six suffragan bishops present,Reviewed ,
0034,1299,1299x1301,,,Yes,"1299x1301 dating from Bertil Nilsson - email 22 March 2017); elsewhere 1296x1314, and possibly attributable to AB Nils Kettilsson",Uppsala,Uppsala,Uppsala,Sweden,,59.833333,17.666667,D696,,,,,,Other,"""Modificatio et Declaratio"" of the 1279 Södertälje decrees",Nils Allesson,,1292,1305,,Latin,,,,"SDHK, nr: 1822","Diplomatarium Suecanum, vol. II, nr. 1746  ",https://sok.riksarkivet.se/sdhk,https://books.google.com/books?id=lp_dvHv4FTkC,,,,,,Other,,"not itself issued at a council, rather this text is the archbishop's explanation  of the 1279 Södertälje decrees",Reviewed ,
0035,1319,1319,10,2,,,Bonn,Cologne,Cologne,Germany,,50.733889,7.099722,D538,,,,,,Diocesan,,Heinrich von Virneburg,,1306,1332,,Latin,,,,"Wolter, Synodalstatuten, 260-271, no. 18","Janssen, Synodalstatuten, S. 121-128",,,,,,,,"Library Scan
Hard Copy Scan
Digital MS",,"As noted in Lepper article, three of the fifteen articles were previously given at the synod held in February of that year, and two others (on usury and excommunication) are elaborations of February issues

Cologne, DB Cod 134 (MS D, in edition) gives markedly different text for c. 12 (on beguines) and omits subsequent statutes",Reviewed ,"Lepper, Unbekannte, 339-56."
0036,1279,1279,,,,,Reading,,Canterbury,England,,51.454167,-0.973056,P020,,,,,,Provincial,,John Peckham,John Pecham,1279,1292,,Latin,,,,"Councils and Synods, ed Powicke and Cheney, vol 2, 834-51",,,,,,,,,Data Capture,,,Reviewed ,
0037,1298,1298,,,,,Novara,Novara,Milan,Italy,,45.45,8.61667,D166,,,,,,Diocesan,Second Part (Constitutiones),Papiniano della Rovere,,1296,1300,,Latin,,,,"Novara 1298, ed Briacca, pp214-271",,,,,,,,,Hard Copy Scan,,"Second Part (Constitutiones)

Liber synodalis of Papiniano della Rovere, Bishop of Novara – issued in 1298 (following celebration of a synod), two years into his episcopate (p36); he had been born in Turin, and was later named bishop of Parma in 1300

-Papiniano was himself closely tied to papacy, having served as a chaplain and “uditore del Palazzo apostolico” [p41] at the request of Boniface VIII [Registres de Boniface VIII, I, n. 914, coll 319-20]

-Novara was under jurisdiction of Milan, but the work shows few traces of the council held at Milan in 1291 [pp. 36-37]

-work is strongly influenced by Guillaume Durand’s statutes (p. 67); follows structure of instructiones et monitiones and then constitutiones (this seems to have been the southern French model, as opposed to Odo of Sully’s, which was pervasive in the North; see Guizard, l’Oeuvre canonique de Guillaume Durand, in XXXIXme Congrès Mende 1955, Montpellier 1955)

-shows itself to be strongly inspired by Bonifician conception of centralized authority [p82]

-Helmrath, Partikularsynoden, 160: 1298 Novara Diocesan Statutes (issued by Bishop Papinianus della Rovere) contained material from Gratian, the Liber Extra, the Synodalbook of William Durandus, the 1252 Statutes of Nimes, a Cologne Synod, the joint 1289 statutes of Cahors, Rodez and Tulle, and other statutes of Novara itself from 1257 and 1277. (cites Briacca, Statuti sinodali, 169-279)",Reviewed ,"Briacca, Papiniano della Rovere, Contributi ad una biografia, in Raccolta di Studi in memoria di Giovanni Soranzo, I, Milan 1968, pp60-128, at pp113-14"
0038,1310,1310,,,,,Florence,Florence,[Holy See],Italy,,43.771667,11.253611,D096,,,,,,Diocesan,,Antonio d'Orso Biliotti,,1309,1321,,Latin,,,,"Trexler, Synodal Law, 225-89",,,,,,,,,Hard Copy Scan,Yes,"1310 Florentine constitutions required new officials to ban heretics from communal territory within one month of their assumption of office [see Constitutions of Florence (1310), in ibid, p274, line 31]

Constitutions of Florence (1310): section on De hereticis ” [Trexler, 274-75]
-“Ad exterminium igitur heretice pravitatis…” curates are to be vigilent “ne aliqui heretici vel credentes in suis parrocchiis commorentur” [repeating Fiesole legislation]
-refers repeatedly to “exterminationem heresum” and “hereticorum exterminium”
-temporal authorities are to publish this decree and papal legislation against heretics within a month of taking office
-anyone who was excommunicated on suspicion of heresy and remained pertinacious for a year and more (i.e. remained excommunicate”) would be condemned as a heretic
",Reviewed ,
0039,1327,1327,8,7,,,Florence,Florence,[Holy See],Italy,,43.771667,11.253611,D096,,,,,,Diocesan,,Francesco di Silvestro da Cingoli,,1323,1341,,Latin,,"Florence, Archivio di Stato, Capitoli XI, ff. 1-19",,"Guasti & Gherardi, I Capitoli del comune di Firenze II (Florence, 1893), pp4-47",,,,,CoSyn transcription from Guasti/Gherardi edition,,,,"GoogleBooks
Hard Copy Scan",Yes,"Bp issues revocatio and modificatio in 1330 (see notes); heavily dependent on earlier statutes of Rimini (issued by Bp Cingoli, prior to his translation to Florence)

",Reviewed ,
0040,1306,1306,,,,,Fiesole,Fiesole,[Holy See],Italy,,43.8,11.3,D094,,,,,,Diocesan,,Antonio d'Orso Biliotti,,1301,1309,,Latin,,,,"Trexler, Synodal Law, 181-224",,,,,,,,,Hard Copy Scan,Yes,,Reviewed ,
0041,1352,1352,,,,,Kammin,Kammin,[Holy See],Poland,"also Cammin, Kamień Pomorski",53.966667,14.783333,D663,,,,,,Diocesan,,Johann von Sachsen-Lauenburg,,1343,1370,,Latin,,,,"Wiegand, Kammin, pp245-271",,,,,,,,,"Library Scan
Hard Copy Scan",,,Reviewed ,
0043,1400,1398x1406,,,Yes,"dating from Hauck, Kirchengeschichte, V.i.146",Constance,Constance,Mainz,Germany,,47.663333,9.175278,D555,,,,,,Diocesan,,Marquard von Randegg,,1398,1406,,Latin,,,,"Brehm, Diözesan-Archiv von Schwaben, 22, pp44-48, 93-96, 141-144; 23 (1905): 30-32, 44-45 ","summary in Kehrberger, PSS, 82-86",http://digi.ub.uni-heidelberg.de/diglit/dioezarchivschwab,,,,,,,Hard Copy Scan,Yes,cc. 96-102 are reissues of earlier statutes,Reviewed ,
0045,1230,1230,,,,,Albi,Albi,Bourges,France,,43.928889,2.146389,D381,,,,,,Diocesan,,Durand de Beaucaire,,,,,Latin,,,,"Pontal, Statuts, II, 8-33",,https://gallica.bnf.fr/ark:/12148/bpt6k62444168,,Facing page French translation,,,,,"GoogleBooks
WebDownload",Yes,"Bishop came from Bourges and was clearly concerned about heresy (Pontal, II, 3)

(64) Item, precipimus quod omnes sacerdotes et capellani habeant et teneant et observent statuta nostra synodalia, et in manu sua in omnibus synodis teneant et observent. Quod si non habuerint, persolvant X solidos ramundenses. Ista autem precipimus statuta quod bis in epdomada legant loco VII psalmorum.
**priests and chaplains to read the statutes twice weekly in lieu of 7 penitential psalms
",Reviewed ,
0046,1270,1254x1271,,,Yes,date range from episcopal reign; Lagger argues for 1267x1271 in Statuts synodaux d'Albi,Albi,Albi,Bourges,France,,43.928889,2.146389,D381,,,,,,Diocesan,,Bernard II de Combret,,1254,1271,,Latin,,,,"Pontal, Statuts, II, pp458-72",,https://gallica.bnf.fr/ark:/12148/bpt6k62444168,,,,,,,"GoogleBooks
WebDownload",Yes,,Reviewed ,
0047,1234,1234,,,,,Bordeaux,Bordeaux,Bordeaux,France,,44.837912,-0.579541,D365,,,,,,Diocesan,some of the statutes applied to whole province (margin notes these as “est provinciale”),Géraud de Malemort,,1227,1261,,Latin,,,,"Pontal, Statuts, II, 44-105",,https://gallica.bnf.fr/ark:/12148/bpt6k62444168,,Facing page French translation; MS fragmentary in parts,,,,,"GoogleBooks
WebDownload",Yes,"apparently with some influence from Salisbury, but notably limited influence from LatIV (as observed in Avril, Bordeaux et Saintes, 29)",Reviewed ,
0048,1230,1225x1235,,,Yes,reworked and augmented by Hostiensis in 1249 ,Sisteron,Sisteron,Aix,France,,44.191111,5.947222,D335,,,,,,Diocesan,,Rodolphe II,,1216,1241,,Latin,,,,"Pontal, Statuts, II, 186-233",,https://gallica.bnf.fr/ark:/12148/bpt6k62444168,,,"Many passages copied directly from Synodal de l'Ouest (0904_Angers_1218c), as per Pontal edition",,,,"GoogleBooks
WebDownload",Yes,,Reviewed ,
0049,1252,1252,,,,,Nimes,Nimes,Narbonne,France,,43.837778,4.360833,D409,,,,,,Diocesan,reputedly written by Pierre de Sampson,Raymond Amaury,,,,,Latin,,,,"Pontal, Statuts, II, 264-453",,https://gallica.bnf.fr/ark:/12148/bpt6k62444168,,,,,,,"GoogleBooks
WebDownload",Yes,"Pierre de Sampson may have composed these statutes for Nimes in 1252, upon request of Raymond Amaury, bishop of Nimes, though see doubts expressed by H. Gilles, DHJF, 914-915

soon adopted in Arles, Béziers, Frejus, Lodève, Urzès, and became influential across Europe (cf. copy in Wroclaw MS; Sawicki X, 504-41)",Reviewed ,
0050,1240,1238x1245,,,Yes,,Cambrai,Cambrai,Reims,France,,50.175579,3.2345,D430,,,,,,Diocesan,,Guiard de Laon,Gui Ier de Laon,1238,1248,,Latin,,"Nijmegen, Universiteitsbibliotheek, MS 192, fol. 1r-14v",,"Avril, Statuts, IV, 19-65","Boeren, Anciens statuts, III, 131-167",https://gallica.bnf.fr/ark:/12148/bpt6k62644355,,Nijmegen MS not known to Avril; see transcription provided by CMA Caspers and update accordingly,CoSyn Transcription from Avril edition,,,,Hard Copy Scan,Yes,,Reviewed ,
0051,1260,1260,10,1,,,Cambrai,Cambrai,Reims,France,,50.175579,3.2345,D430,,,,,,Diocesan,,Nicolas III de Fontaines,,1248,1273,,Latin,,"Nijmegen, Universiteitsbibliotheek, MS 192, fol. 14v-19v",,"Avril, Statuts, IV, 72-85","Boeren, Anciens statuts, III, 377-390",https://gallica.bnf.fr/ark:/12148/bpt6k62644355,,Nijmegen MS not known to Avril; see transcription provided by CMA Caspers and update accordingly,CoSyn Transcription from Avril edition,,,,Hard Copy Scan,Yes,"Nove additiones
",Reviewed ,
0052,1273,1273,10,1,,"MS gives 1270, but sede vacante only fell in October in 1273",Cambrai,Cambrai,Reims,France,,50.175579,3.2345,D430,,,,,,Diocesan,"sede vacante, issued by chapter",sede vacante,,,,,Latin,,,,"Avril, Statuts, IV, 93-94","Boeren, Anciens statuts, III, 391-92",https://gallica.bnf.fr/ark:/12148/bpt6k62644355,,,,,,,Hard Copy Scan,Yes,,Reviewed ,
0053,1274,1274,10,1,,Month/Day uncertain,Cambrai,Cambrai,Reims,France,,50.175579,3.2345,D430,,,,,,Diocesan,,Enguerrand II de Créqui,,1274,1286,,Latin,,,,"Avril, Statuts, IV, 94-95","Boeren, Anciens statuts, III, 392-93",https://gallica.bnf.fr/ark:/12148/bpt6k62644355,,,,,,,Hard Copy Scan,Yes,,Reviewed ,
0054,1275,1275,10,1,,,Cambrai,Cambrai,Reims,France,,50.175579,3.2345,D430,,,,,,Diocesan,,Enguerrand II de Créqui,,1274,1286,,Latin,,"Nijmegen, Universiteitsbibliotheek, MS 192, fol. 20r-22v",,"Avril, Statuts, IV, 95-99","Boeren, Anciens statuts, III, 393-98",https://gallica.bnf.fr/ark:/12148/bpt6k62644355,,Nijmegen MS not known to Avril; see transcription provided by CMA Caspers and update accordingly,CoSyn Transcription from Avril edition,,,,Hard Copy Scan,Yes,"Synod consisted of ""additiones""",Reviewed ,
0055,1277,1277,10,1,,Month/Day uncertain,Cambrai,Cambrai,Reims,France,,50.175579,3.2345,D430,,,,,,Diocesan,,Enguerrand II de Créqui,,1274,1286,,Latin,,,,"Avril, Statuts, IV, 100-103","Boeren, Anciens statuts, III, 398-402",https://gallica.bnf.fr/ark:/12148/bpt6k62644355,,,,,,,Hard Copy Scan,Yes,Additiones,Reviewed ,
0056,1278,1278,10,1,,Month/Day uncertain,Cambrai,Cambrai,Reims,France,,50.175579,3.2345,D430,,,,,,Diocesan,,Enguerrand II de Créqui,,1274,1286,,Latin,c. 17 contains vernacular,,,"Avril, Statuts, IV, 103-108","Boeren, Anciens statuts, III, 402-407",https://gallica.bnf.fr/ark:/12148/bpt6k62644355,,,,,,,Hard Copy Scan,Yes,Additiones,Reviewed ,
0057,1282,1282,10,1,,,Cambrai,Cambrai,Reims,France,,50.175579,3.2345,D430,,,,,,Diocesan,,Enguerrand II de Créqui,,1274,1286,,Latin,,,,"Avril, Statuts, IV, 108-109","Boeren, Anciens statuts, III, 407-08",https://gallica.bnf.fr/ark:/12148/bpt6k62644355,,,,,,,Hard Copy Scan,Yes,Additiones,Reviewed ,
0058,1384,1380-1384,6,16,Yes,including material from 1380-1384,Prague,Prague,Prague,Czech Republic,,50.087136,14.420672,D562,,,,,,Diocesan,,Johann II. von Jenstein,Jan z Jenštejna,1379,1396,,Latin,,,,"Polc, Prazske Synody, 220-28",,,,"Survives in two quite different redactions, which are printed alongside each other",,,,,Hard Copy Scan,Yes,,Reviewed ,
0059,1286,1286,10,1,,,Cambrai,Cambrai,Reims,France,,50.175579,3.2345,D430,,,,,,Diocesan,,Guillaume d'Avesnes,,1286,1296,,Latin,,,,"Avril, Statuts, IV, 111-14","Boeren, Anciens statuts, III, 410-413",https://gallica.bnf.fr/ark:/12148/bpt6k62644355,,,,,,,Hard Copy Scan,Yes,Additiones,Reviewed ,
0060,1287,1287/1288,,,Yes,,Cambrai,Cambrai,Reims,France,,50.175579,3.2345,D430,,,,,,Compilation (Diocesan),LIber synodalis,Guillaume d'Avesnes,,1286,1296,,Latin,,,,"Avril, Statuts, IV, 114-28","Boeren, Anciens statuts, IV, 131-58",https://gallica.bnf.fr/ark:/12148/bpt6k62644355,,,,,,,Hard Copy Scan,Yes,Tit: Incipiunt precepta synodalia,Reviewed ,
0061,1289,1289,10,1,,,Cambrai,Cambrai,Reims,France,,50.175579,3.2345,D430,,,,,,Diocesan,"though issued as letters patent, they would seem to have been promulgated first at the autumn synod",Guillaume d'Avesnes,,1286,1296,,Latin,,,,"Avril, Statuts, IV, 128-30","Boeren, Anciens statuts, III, 413-15",https://gallica.bnf.fr/ark:/12148/bpt6k62644355,,,,,,,Hard Copy Scan,Yes,,Reviewed ,
0062,1307,1300x1309,,,Yes,"Largely composed in 1300, with some reworking and additions under Philippe de Marigny; it remained in force until 16th ",Cambrai,Cambrai,Reims,France,,50.175579,3.2345,D430,,,,,,Compilation (Diocesan),LIber synodalis,Philippe de Marigny,,1306,1309,,Latin,,"Tilburg, Universiteitsbibliotheek (olim Bibliotheek Theologische Faculteit), HS 15, 1r-27v",,"Avril, Statuts, IV, 137-80","Caspers, Synodale Statuten, 205-258 (from Tilburg MS)",https://gallica.bnf.fr/ark:/12148/bpt6k62644355,,"Avril edition presents text as it existed around 1306-1307 (up to f. 21v in Tilburg MS); Tilburg MS then contains later additions to f. 27v, where it appears to break off suddenly",CoSyn Transcription from Avril edition,,,,Hard Copy Scan,Yes,14th-C Synodal; several direct citations of Liber Sextus,Reviewed ,
0063,1280,1280/1290,,,Yes,composed in either 1280 or 1290; issued either under Pierre de Noyon or Guillaume d'Issy,Arras,Arras,Reims,France,,50.289722,2.780833,D431,,,,,,Compilation (Diocesan),LIber synodalis,,,,,,Latin,,,,"Avril, Statuts, IV, 183-209",,https://gallica.bnf.fr/ark:/12148/bpt6k62644355,,"Livre synodal, containing many earlier statutes",,,,,Hard Copy Scan,Yes,,Reviewed ,
0064,1282,1280x1285,,,Yes,,Noyon,Noyon,Reims,France,,49.581667,2.999722,D428,,,,,,Compilation (Diocesan),LIber synodalis,Guy II des Prés,,1272,1297,,Latin,,,,"Avril, Statuts, IV, 239-56",,https://gallica.bnf.fr/ark:/12148/bpt6k62644355,,,"Frequently draws on 1284_Paris_1205c (statutes of Eudes de Sully); The transcription adds passages from here, as indicated in edition.",,,,Hard Copy Scan,Yes,,Reviewed ,
0065,1300,1274x1312,,,Yes,,Noyon,Noyon,Reims,France,,49.581667,2.999722,D428,,,,,,Other,Ordo synodi (Ceremonial) of the Synods of Noyon,,,,,,Latin,,,,"Avril, Statuts, IV, 276-78",,https://gallica.bnf.fr/ark:/12148/bpt6k62644355,,,,,,,Hard Copy Scan,Yes,,Reviewed ,
0066,1300,1300 (ca.),,,Yes,,Soissons,Soissons,Reims,France,,49.381667,3.323611,D427,,,,,,Compilation (Diocesan),Precepta synodalia,,,,,,Latin,,,,"Avril, Statuts, IV, 289-307",,https://gallica.bnf.fr/ark:/12148/bpt6k62644355,,,,,,,Hard Copy Scan,Yes,,Reviewed ,
0067,1310,1301x1325,,,Yes,"early 14th-c, but with accumulated material from second half of 13th-c",Tournai,Tournai,Reims,Belgium,,50.6,3.383333,D432,,,,,,Compilation (Diocesan),LIber synodalis,Guy de Boulogne,,1301,1326,,Latin,,"Paris, BnF lat 17190, fols 186r-198v",,"Avril, Statuts, IV, 323-55",,https://gallica.bnf.fr/ark:/12148/bpt6k62644355,,,"CoSyn Transcription from Avril edition; missing text supplied from other statutes (mainly 0050_Cambrai_1240c)  as indicated in edition.
",,,,Hard Copy Scan,Yes,Antiqua statuta,Reviewed ,
0068,1262,1262,,,,,Bordeaux,Bordeaux,Bordeaux,France,,44.837912,-0.579541,D365,,,,,,Diocesan,,Pierre de Roncevault,,1262,1270,,Latin,,,,"Avril, Statuts, V, 22-24",,,,Labbe & Mansi dated these to 1263 and identified them as provincial canons.,,,,,Hard Copy Scan,Yes,"
",Reviewed ,
0069,1260,1260 (ca.),,,Yes,,Saintes,Saintes,Bordeaux,France,,45.7464,-0.6333,D374,,,,,,Compilation (Diocesan),LIber synodalis,Ponce II de Pons,,1257,1266,,Latin,,,,"Avril, Statuts, V, 43-54","Constitutiones synodales Xantonensis ecclesie, Pictavii: ex officina Marnesiorum fratrum sub Pelicano, 1541 (ff. 2-21)",,,,Check reconstructed Avril text against 1541 edition.,,,,"Hard Copy Scan
Digital MS",Yes,,Reviewed ,
0070,1270,1270x1275,,,Yes,,Saintes,Saintes,Bordeaux,France,,45.7464,-0.6333,D374,,,,,,Diocesan,,Ponce III de Pons ,,1271,1275,,Latin,,,,"Avril, Statuts, V, 58-62","Constitutiones synodales Xantonensis ecclesie, Pictavii: ex officina Marnesiorum fratrum sub Pelicano, 1541 (ff. 50-61)",,,,"Text taken partly from Avril edition, which only gives incipits for passages that are derived from earlier sources. The latter are expanded using the 1541 edition and from other preceding statutes as specified in Notes.",,,,"Hard Copy Scan
Digital MS",Yes,Largely drawn from 1238 Provincial Council of Cognac (and earlier 1234 Council of Bordeaux),Reviewed ,
0071,1276,aft. 1276,,,Yes,,Saintes,Saintes,Bordeaux,France,,45.7464,-0.6333,D374,,,,,,Diocesan,Legatine constitutions (of Bourges 1276) published in synod,Pierre VII,,1275,1277,,Latin,,,,"Avril, Statuts, V, 64-65","Constitutiones synodales Xantonensis ecclesie, Pictavii: ex officina Marnesiorum fratrum sub Pelicano, 1541",,,,,,,,"Hard Copy Scan
Digital MS",Yes,Highly condensed versions of 1276 legatine constitutions.,Reviewed ,
0073,1280,bef. 1280,,,Yes,,Poitiers,Poitiers,Bordeaux,France,,46.581945,0.336112,D371,,,,,,Diocesan,,,,,,,Latin,,,,"Avril, Statuts, V,  86-101",,,,,,,,,Hard Copy Scan,Yes,,Reviewed ,
0074,1280,1280,,,,,Poitiers,Poitiers,Bordeaux,France,,46.581945,0.336112,D371,,,,,,Diocesan,,Gautier de Bruges OFM,Walter of Bruges,1279,1306,,Latin,,,,"Avril, Statuts, V, 107-15",,,,,,,,,Hard Copy Scan,Yes,,Reviewed ,
0075,1282,1280x1284,,,Yes,,Poitiers,Poitiers,Bordeaux,France,,46.581945,0.336112,D371,,,,,,Diocesan,,Gautier de Bruges OFM,Walter of Bruges,1279,1306,,Latin,,,,"Avril, Statuts, V, 116-17",,,,,,,,,Hard Copy Scan,Yes,,Reviewed ,
0076,1284,1284,,,,,Poitiers,Poitiers,Bordeaux,France,,46.581945,0.336112,D371,,,,,,Diocesan,,Gautier de Bruges OFM,Walter of Bruges,1279,1306,,Latin,,,,"Avril, Statuts, V, 118-121",,,,,,,,,Hard Copy Scan,Yes,,Reviewed ,
0077,1304,1304,1,13,,,Poitiers,Poitiers,Bordeaux,France,,46.581945,0.336112,D371,,,,,,Other,,Gautier de Bruges OFM,Walter of Bruges,1279,1306,,Latin,,,,"Avril, Statuts, V, 122-31",,,,,,,,,Hard Copy Scan,Yes,Instructions to archpriests and deans,Reviewed ,
0078,1308,1308x1309,,,Yes,,Poitiers,Poitiers,Bordeaux,France,,46.581945,0.336112,D371,,,,,,Diocesan,,Arnaud d’Aux,,1306,1312,,Latin,,,,"Avril, Statuts, V, 135-37",,,,,,,,,Hard Copy Scan,Yes,,Reviewed ,
0079,1310,1310,,,,,Poitiers,Poitiers,Bordeaux,France,,46.581945,0.336112,D371,,,,,,Diocesan,,Arnaud d’Aux,,1306,1312,,Latin,,,,"Avril, Statuts, V, 138-40",,,,,,,,,Hard Copy Scan,Yes,,Reviewed ,
0080,1283,1283,4,29,,,Dax,Dax,Auch,France,,43.7072,-1.0553,D353,,,,,,Diocesan,,Arnaud de Ville,,1278,1305,,Latin,,,,"Avril, Statuts, V, 141-69;","Degert, “Constitutions synodales,” Bulletin, 23, no. 2: 55-85",,,Dax MS (Paris BnF Lat 1542) seems to have been a copy for private use (of the sort that clerics were instructed to possess); https://archivesetmanuscrits.bnf.fr/ark:/12148/cc59487x,"Missing text supplied from other statutes (0047_Bordeaux_1234 & 0049_Nimes_1252)  as indicated in edition.
",,,,Hard Copy Scan,Yes,,Reviewed ,
0081,1278,1277x1279,,,Yes,,[Paris],Paris,Sens,France,,48.24754,3.287659,D456,,,,,,Diocesan,,Etienne Tempier,,1268,1279,,Latin,,,,"Avril, Statuts, V, 176-79",,,,,,,,,Hard Copy Scan,Yes,Bp was participant at Lyons II,Reviewed ,
0082,1248,1248,,,,,Rouen,Rouen,Rouen,France,,49.443889,1.103333,P065,,,,,,Diocesan,,Eudes Rigaud,,1247,1276,,Latin,,,,"Avril, Statuts, V, 189-90",,,,,,,,,Hard Copy Scan,Yes,,Reviewed ,
0084,1275,1250x1300,,,Yes,,Coutances,Coutances,Rouen,France,,49.046111,-1.443889,D436,,,,,,Diocesan,,,,,,,Latin,,,,"Avril, Statuts, V, 214-19",,,,,,,,,Hard Copy Scan,Yes,,Reviewed ,
0085,1294,1294,4,27,,,Coutances,Coutances,Rouen,France,,49.046111,-1.443889,D436,,,,,,Diocesan,,Robert d’Harcourt,,1291,1315,,Latin,,,,"Avril, Statuts, V, 220-22",,,,,,,,,Hard Copy Scan,Yes,,Reviewed ,
0086,1300,1300,4,19,,,Coutances,Coutances,Rouen,France,,49.046111,-1.443889,D436,,,,,,Diocesan,,Robert d’Harcourt,,1291,1315,,Latin,,,,"Avril, Statuts, V, 224-25",,,,,,,,,Hard Copy Scan,Yes,,Reviewed ,
0088,1335,1329x1342,,,Yes,,Prague,Prague,Mainz,Czech Republic,,50.087136,14.420672,D562,,,,,,Diocesan,,John IV of Dražice,Jan IV z Dražic,1301,1343,,Latin,,,,"Polc, Prazske Synody, 105-106",,,,,,,,,Hard Copy Scan,Yes,"these are the eighth known set of statutes; list starts in late 13th-c, but most of those are quite fragmentary",Reviewed ,
0089,1333,1333,,,,,Prague,Prague,Mainz,Czech Republic,,50.087136,14.420672,D562,,,,,,Diocesan,,John IV of Dražice,Jan IV z Dražic,1301,1343,,Latin,,,,"Polc, Prazske Synody, 106-7",,,,,,,,,Hard Copy Scan,Yes,,Reviewed ,
0090,1343,1343,10,18,,,Prague,Prague,Mainz,Czech Republic,,50.087136,14.420672,D562,,,,,,Diocesan,,Ernest of Pardubice,Arnošt z Pardubic,1343,1364,,Latin,,,,"Polc, Prazske Synody,  109-14",,,,,,,,,Hard Copy Scan,Yes,these are the twelfth known set of statutes,Reviewed ,
0091,1349,1349,11,12,,11-12 November; misdated 1355 in Hartzheim,Prague,Prague,Prague,Czech Republic,Prague elevated to metropolitan see in 1349,50.087136,14.420672,P057,,,,,,Compilation (Provincial),Liber synodalis,Ernest of Pardubice,Arnošt z Pardubic,1343,1364,,Latin,,,,"Polc, Prazske Synody,  115-64","Hartzheim IV, 381-407",,https://books.google.com/books?id=kbNumdYKdrkC,,,,,,Hard Copy Scan,Yes,"Arranged systematically in five books
Heavily based on Mainz 1310; only nineteen articles not found therein
**22 articles cite codified collections of general law, but generally without reference to higher authority; c. 62 quotes Giovanni d'Andrea in extenso without naming him
Promulgated for Bamberg, Meissen, and Regensburg in 1381 by papal legate John of Jenstejn (see Krafl, Czech codifications, 240)",Reviewed ,
0092,1353,1353,10,18,,,Prague,Prague,Prague,Czech Republic,,50.087136,14.420672,D562,,,,,,Abstract/Abbreviation,,Ernest of Pardubice,Arnošt z Pardubic,1343,1364,,Latin,,,,"Polc, Prazske Synody, 164-68",,,,,,,,,Hard Copy Scan,Yes,"Synopsis of statutes of 1349, according to Zeleny (Councils and Synods, 476), ""put together especially for those clerics, who 'sub praetextu paupertatis' could not afford to buy a copy of the original long version'.",Reviewed ,
0093,1355,1355,10,18,,,Prague,Prague,Prague,Czech Republic,,50.087136,14.420672,D562,,,,,,Diocesan,,Ernest of Pardubice,Arnošt z Pardubic,1343,1364,,Latin,,,,"Polc, Prazske Synody,  174-77",,,,,,,,,Hard Copy Scan,Yes,"This is the ""statutum minus"", according to one MS title [presumably 'minus' in relation to the long set of provincial canons issued the same day; repeats five canons from the provincial canons (see Polc ed., p27)]",Reviewed ,
0094,1360,1360s (?),,,Yes,,Prague,Prague,Prague,Czech Republic,,50.087136,14.420672,P057,,,,,,Provincial,,,,,,,Latin,,,,"Polc, Prazske Synody,  180-86",,,,,,,,,Hard Copy Scan,Yes,Extracts from reissue of 1349 statutes.,Reviewed ,
0095,1362,1362/1363,,,Yes,,Prague,Prague,Prague,Czech Republic,,50.087136,14.420672,D562,,,,,,Diocesan,,Ernest of Pardubice,Arnošt z Pardubic,1343,1364,,Latin,,,,"Polc, Prazske Synody, 186-88",,,,,,,,,Hard Copy Scan,Yes,Prague Synodal statutes of 1362/63 ,Reviewed ,
0096,1366,1366,,,,,Prague,Prague,Prague,Czech Republic,,50.087136,14.420672,P057,,,,,,Provincial,,Jan Očko of Vlašim,,1364,1379,,Latin,,,,"Polc, Prazske Synody, 193-94",,,,Two distinct redactions survive; these are placed in parallel columns in edition,,,,,Hard Copy Scan,Yes,,Reviewed ,
0097,1375,1374x1378 (?),,,Yes,,Prague,Prague,Prague,Czech Republic,,50.087136,14.420672,D562,,,,,,Diocesan,,Jan Očko of Vlašim,,1364,1379,,Latin,,,,"Polc, Prazske Synody, 206-08",,,,,,,,,Hard Copy Scan,Yes,,Reviewed ,
0098,1377,1377,6,16,,,Prague,Prague,Prague,Czech Republic,,50.087136,14.420672,D562,,,,,,Diocesan,,Jan Očko of Vlašim,,1364,1379,,Latin,,,,"Polc, Prazske Synody,  209-10",,,,,,,,,Hard Copy Scan,Yes,,Reviewed ,
0099,1381,1381,4,29,,,Prague,"Bamberg, Meissen, and Regensburg",Prague,Germany,"Promulgates decrees from 1349 Prague Liber synodalis for dioceses of Bamberg, Meissen, and Regensburg (in capacity as papal legate)",50.087136,14.420672,D577,D579,D571,,,,Legatine,issued by Prague Archbishop in capacity as papal legate; also served as provincial council for Prague,Johann II. von Jenstein,Jan z Jenštejna,1379,1396,,Latin,,,,"Polc, Prazske Synody,  213-18",,,,,,,,,Hard Copy Scan,Yes,,Reviewed ,"Hefele, Konziliengeschichte, VI, 943); Krafl, Synody a statuta olomoucké
diecéze, pp. 216-222"
0100,1381,1381,10,16,,,Prague,Prague,Prague,Czech Republic,,50.087136,14.420672,P057,,,,,,Provincial,,Johann II. von Jenstein,Jan z Jenštejna,1379,1396,,Latin,,,,"Polc, Prazske Synody,  218-20",,,,,,,,,Hard Copy Scan,Yes,,Reviewed ,
0101,1386,1386/1387,,,Yes,,Prague,Prague,Prague,Czech Republic,,50.087136,14.420672,D562,,,,,,Diocesan,,Johann II. von Jenstein,Jan z Jenštejna,1379,1396,,Latin,,,,"Polc, Prazske Synody,  234-37",,,,,Two different redactions printed alongside each other; transcription here follows the the N/T textual tradition.,,,,Hard Copy Scan,Yes,,Reviewed ,
0102,1387,1387,10,18,,,Prague,Prague,Prague,Czech Republic,,50.087136,14.420672,D562,,,,,,Diocesan,,Johann II. von Jenstein,Jan z Jenštejna,1379,1396,,Latin,,,,"Polc, Prazske Synody,  239-43",,,,,Two slightly different redactions printed alongside each other; H textual tradition used for transcription,,,,Hard Copy Scan,Yes,,Reviewed ,
0103,1395,bef. 1395 (?),,,Yes,,Prague,Prague,Prague,Czech Republic,,50.087136,14.420672,D562,,,,,,Diocesan,,Johann II. von Jenstein,Jan z Jenštejna,1379,1396,,Latin,,,,"Polc, Prazske Synody,  263",,,,,,,,,Hard Copy Scan,Yes,,Reviewed ,
0104,1404,1404,6,15,,,Prague,Prague,Prague,Czech Republic,,50.087136,14.420672,D562,,,,,,Diocesan,,Zbynek von Hasenburg,Zbyněk Zajíc z Hasenburka,1403,1411,,Latin,,,,"Polc, Prazske Synody,  269-72",,,,,,,,,Hard Copy Scan,Yes,,Reviewed ,
0105,1405,1405,,,,,Prague,Prague,Prague,Czech Republic,,50.087136,14.420672,P057,,,,,,Provincial,,Zbynek von Hasenburg,Zbyněk Zajíc z Hasenburka,1403,1411,,Latin,,,,"Polc, Prazske Synody, 275-78",,,,,,,,,Hard Copy Scan,Yes,,Reviewed ,
0106,1406,1406,6,15,,,Prague,Prague,Prague,Czech Republic,,50.087136,14.420672,D562,,,,,,Diocesan,,Zbynek von Hasenburg,Zbyněk Zajíc z Hasenburka,1403,1411,,Latin,,,,"Polc, Prazske Synody,  278-81",,,,,,,,,Hard Copy Scan,Yes,,Reviewed ,
0107,1406,1406,10,18,,,Prague,Prague,Prague,Czech Republic,,50.087136,14.420672,D562,,,,,,Diocesan,,Zbynek von Hasenburg,Zbyněk Zajíc z Hasenburka,1403,1411,,Latin,,,,"Polc, Prazske Synody,  281-82",,,,,,,,,Hard Copy Scan,Yes,,Reviewed ,
0108,1409,1409 (ca.),10,18,Yes,date not certain,Prague,Prague,Prague,Czech Republic,,50.087136,14.420672,D562,,,,,,Diocesan,,Zbynek von Hasenburg,Zbyněk Zajíc z Hasenburka,1403,1411,,Latin,,,,"Polc, Prazske Synody,  290-91",,,,,,,,,Hard Copy Scan,Yes,"**Those who don't have copies of the provincial statutes are to be IMPRISONED! ((1) Primo mandatur de statutis provincialibus habendis, tenendis et perlegendis sub pena carcerali, non exiturus abinde quousque sufficientem caucionem posuerit in manibus correctoris, quod statuta provincialia sibi comparabit infra unum mensem.)",Reviewed ,
0109,1231,1231,,,,,Château-Gontier ,Tours,Tours,France,,47.828611,-0.702778,P081,,,,,,Provincial,,Juhel de Mathefelon,,1229,1244,,Latin,,,,"Avril, Tours, 140-155",,,,,,,,,Hard Copy Scan,Yes,"Avril, Tours, p137 – first of a series of reforming councils in the ecclesiastical province of Tours

Apparently drafted by Guillaume de Beaumont, Bp of Angers (1203-1240); see Pontal, Statuts synodaux, I, 106 n1 (citing Travers, III, 90)",Reviewed ,
0110,1279,1279,6,25,,,Wrocław,Wrocław,Gniezno,Poland,,51.116667,17.033333,D537,,,,,,Diocesan,,Thomas of Wrocław,,1232,1268,,Latin,,,,"Sawicki X, 330-333",,,,,,,,,"Library Scan
Hard Copy Scan",Yes,,Reviewed ,
0113,1398,1398/1423,,,Yes,either 1398 or 1423,Płock,Płock,Gniezno,Poland,,52.55,19.7,D596,,,,,,Diocesan,,Jakub z Korzkwi,,1396,1425,,Latin,,,,"Sawicki, VI, 181-263",,,,Two different versions survive; this is the version given in the left-hand column of the Sawicki edition (see also ID 1653),,,,,Hard Copy Scan,,,Reviewed ,
0117,1289,1289,,,,,Vienne,Vienne,Vienne,France,,45.524167,4.878056,P089,,,,,,Provincial,,Guillaume de Livron,,1283,1305,,Latin,,,,"Boisset, Concile, 219-325",,,,,,,,,Hard Copy Scan,,,Reviewed ,
0118,1282,1282,,,,,Kromĕříž,Olomouc,Mainz,Czech Republic,,49.298889,17.393056,D563,,,,,,Diocesan,,Theoderic of Hradec,Dětřich z Hradce,1281,1302,,Latin,,,,"Krafl, Synody, 250-53 [A2]",,,,,,,,Yes,Hard Copy Scan,Yes,"Krafl, Synody, 268: In Diocese of Olomouc, not until 1253 do we have evidence that the bishop issued a general regulation at the synod (the theme was annual confession and communion from a specific parish priest)
-earlier synods were more places of episcopal judicial enforcement than legislative power enforcement

-1282 statutes contain earlier statutes of Bruno of Schaumberg but these are not separated out from those newly issued by Bp Theoderic of Hradec
",Reviewed ,
0121,1288,1288,,,,,Liège ,Liège,Cologne,Belgium,,50.633333,5.566667,D539,,,,,,Diocesan,,Jean de Flandre,,1282,1292,,Latin,,,,"Avril, ed., 1288 Statuts ",,,,,,,,,Hard Copy Scan,Yes,"statutes of Jean de Flandre

Avril, Jean de Flandre, 44: title on usury in Liege 1288, however, almost completely ignores the formulations of the Cambrai version of the ""synodal nordiste"", though the traces are visible in some statutes, and are strongly present (albeit rewritten) in a number of other statutes",Reviewed ,
0122,1236,1236,,,,,Tours,Tours,Tours,France,,47.393611,0.689167,P081,,,,,,Provincial,,Juhel de Mathefelon,Juhellus,1229,1244,,Latin,,,,"Avril, Tours, 158-65",,,,,,,,,Hard Copy Scan,Yes,,Reviewed ,
0123,1276,1276,8,31,,,Saumur,,Tours,France,,47.26,-0.076944,P081,,,,,,Provincial,,Jean de Montsoreau,,,,,Latin,,,,"Avril, Tours, 252-62","Mansi 24, 159-166",,http://google.com/books?id=lOJVAAAAcAAJ,,,,,,Hard Copy Scan,Yes,,Reviewed ,
0124,1282,1282,8,1,,,Tours,Tours,Tours,France,,47.393611,0.689167,P081,,,,,,Provincial,,Jean de Montsoreau,,1271,1284,,Latin,,,,"Avril, Tours, 279-288",,,,,,,,,Hard Copy Scan,Yes,,Reviewed ,
0125,1262,1262,,,,Pentecostal synod,Angers,Angers,Tours,France,,47.473612,-0.554167,D441,,,,,,Diocesan,,Nicolas Gellent,Nicholaus Gelant,1260,1291,,Latin,,,,"Avril, Statuts, III, 76-81",,https://gallica.bnf.fr/ark:/12148/bpt6k6264436k,,,,,,,Hard Copy Scan,Yes,,Reviewed ,
0126,1265,1265,,,,Pentecostal synod,Angers,Angers,Tours,France,,47.473612,-0.554167,D441,,,,,,Diocesan,,Nicolas Gellent,Nicholaus Gelant,1260,1291,,Latin,,,,"Avril, Statuts, III, 88-92",,https://gallica.bnf.fr/ark:/12148/bpt6k6264436k,,,,,,,Hard Copy Scan,Yes,,Reviewed ,
0127,1274,1274,10,18,,Feast of Saint Luke,Angers,Angers,Tours,France,,47.473612,-0.554167,D441,,,,,,Diocesan,,Nicolas Gellent,Nicholaus Gelant,1260,1291,,Latin,,,,"Avril, Statuts, III, 122-125",,https://gallica.bnf.fr/ark:/12148/bpt6k6264436k,,,,,,,Hard Copy Scan,Yes,"-note also text of Charles II’s expulsion of jews of Anjou and Maine in 1289: adhuc subvertere videbantur omnes quos poterant: bonis eorum mobilibus et immobilibus, exquisitis fallaciis, usurarum voragine spoliantes [here cited on p125, n12]",Reviewed ,
0128,1294,1294,,,, following council of Saumur in October 1294,Angers,Angers,Tours,France,,47.473612,-0.554167,D441,,,,,,Other,Synodal Letter,Guillaume le Maire,Guillermus Major,1291,1317,,Latin,,,,"Avril, Statuts, III, 174-181",,https://gallica.bnf.fr/ark:/12148/bpt6k6264436k,,,,,,,Hard Copy Scan,Yes,"1294 Angers Synodal letter addressed to archdeacons by Guillaume le Maire, bishop of Angers, following council of Saumur in October 1294

Concerning tax- and toll-collectors",Reviewed ,
0129,1279,1279,5,4,,,Pont-Audemer ,Evreux,Rouen,France,,49.355,0.514722,P065,,,,,,Provincial,,William II of Flavacourt,Guillaume de Flavacourt,1278,1306,,Latin,,,,"Bessin, Concilia Rotomagensis provinciae, I, 149-61","Mansi 24, 219-32",https://books.google.com/books?id=0SGIk69vxS0C,https://books.google.com/books?id=lOJVAAAAcAAJ,,,,,,"GoogleBooks
WebDownload",,"see Foreville, Reception, 251; and Boisset, Reception, 33",Reviewed ,
0130,1308,1308,11,26,,"precise dating uncertain; Dax MS gives XVI kal. Dec., whereas LR gives 6 kal. Dec. (and the 16th-century printed edition claims that the council took place in October 1307)",Auch,Auch,Auch,France,,43.6465,0.5855,P008,,,,,,Provincial,,Amanieu II d'Armagnac,,1261,1318,,Latin,,"Paris, BNF lat 1542, f. 7r-",,"Duffour, Livre Rouge, 1.66-69","Mansi 25, col 199;",http://books.google.com/books?id=mstTAAAAYAAJ,https://gallica.bnf.fr/ark:/12148/bpt6k516090/,,CoSyn transcription from Duffour edition,,,,"GoogleBooks
WebDownload",Yes,"6 canons
Many of the canons ascribed to 1308 council in Livre Rouge are assigned to 1315 council in Dax MS",Reviewed ,"For dating and subsequent transmission, see Jacquin, Conciles d'Amanieu II d'Armagnac"
0131,1329,1329,9,15,,Sept 11-15,Compiègne ,,Reims,France,,49.4149,2.823056,P061,,,,,,Provincial,,Guillaume de Trie,,1324,1331,,Latin,,,,"Gousset, APER II, 531-34","Mansi 25, cols 877-882",https://books.google.com/books?id=L9U-AAAAcAAJ,https://gallica.bnf.fr/ark:/12148/bpt6k516090/,,,,,,WebDownload,,,Reviewed ,
0132,1255,1255,5,8,,,Béziers,Béziers,Narbonne,France,,43.347615,3.218991,P050,,,,,,Provincial,,Guillaume,,,,,Latin,,,,"Mansi 23, cols. 875-884",,https://books.google.com/books?id=CSdPAAAAYAAJ,,,,,,,"GoogleBooks
Data Capture",,Draws on Louis IX's royal legislation for anti-usury statutes,Reviewed ,
0133,1322,1322,2,27,,,Bonn,Cologne,Cologne,Germany,,50.733889,7.099722,D538,,,,,,Diocesan,,Heinrich von Virneburg,,1306,1332,,Latin,,"Cologne, Diözesan- und Dombibliothek, Cod. 134, f. 75r-77v ",,"Wolter, Synodalstatuten, 288-292, no. 22","Janssen, Unbekannte, 131-33 (partial)",http://www.ceec.uni-koeln.de/ceec-cgi/kleioc/0010/exec/pagepro/%22kn28-0134_149.jpg%22/segment/%22body%22,,,,,,,"Library Scan
Hard Copy Scan",Yes,,Reviewed ,
0134,1329,1329,3,13,,,Bonn,Cologne,Cologne,Germany,,50.733889,7.099722,D538,,,,,,Diocesan,"issued following diocesan synod in Bonn 
",Heinrich von Virneburg,,1306,1332,,Latin,,,,"Wolter, Synodalstatuten, 324-330, no. 33","Janssen, Unbekannte, 140-42 (partial)",,,,,,,,"Library Scan
Hard Copy Scan
Digital MS",Yes,,Reviewed ,
0135,1362,1362,10,12,,,Aix,Aix,Aix,France,,43.531127,5.454025,D330,,,,,,Diocesan,,Johannes Peissoni,,,,,Latin,,,,"Albanes, Gallia Christiana nov, Province d’Aix, p64-65 [Instrumenta Ecclesiae Aquensis, no. 57]",,https://books.google.com/books?id=Im07AQAAMAAJ,,,,,,,"GoogleBooks
WebDownload",,,Reviewed ,
0136,1304,1304,,,,Vat lat 9868 gives 1303 (?) as possibility,Auch,Auch,Auch,France,,43.6465,0.5855,P008,,,,,,Provincial,,Amanieu II d'Armagnac,,1261,1318,,Latin,,,,"Duffour, Livre Rouge, 57-66",,http://books.google.com/books?id=mstTAAAAYAAJ,,,,,,,"GoogleBooks
WebDownload",Yes,"Dax MS assigns only three constitutions to this council, while Livre rouge assigns it 16 (quite different) ones, as noted in Duffour, LR, p. xxv and Jacquin, Conciles, 47; presumably it was heavily reworked afterward",Reviewed ,"For dating and subsequent transmission, see Jacquin, Conciles d'Amanieu II d'Armagnac"
0137,1310,1310 (?),,,Yes,"reference on p93 to institutione novissima domini Bonifacii pape VIII, together with reference on p25 to provincial constitutions of 1308, seems to place it ca. 1310 (rather than 1304, as given in Pontal repertoire)",Auch,Auch,Auch,France,,43.6465,0.5855,D350,,,,,,Diocesan,,Amanieu II d'Armagnac,Amanevus de Arminiaco,1262,1318,,Latin,,,,"Duffour, Livre Rouge, pp72102",,http://books.google.com/books?id=mstTAAAAYAAJ,,,,,,,"GoogleBooks
WebDownload",Yes,,Reviewed ,
0138,1383,1383,,,,,Auch,Auch,Auch,France,,43.6465,0.5855,D350,,,,,,Diocesan,,Pierre d'Anglade,,1381,1388,,Latin,,,,"Duffour, Livre Rouge, pp 261-75 ",,http://books.google.com/books?id=mstTAAAAYAAJ,,,,,,,"GoogleBooks
WebDownload",Yes,,Reviewed ,
0139,1286,1286,,,,,Autun,Autun,Lyon,France,,46.951667,4.299444,D396,,,,,,Diocesan,,Hugues d'Arcy,,1286,1298,,Latin,,,,"Martene, Thes, IV, coll. 467-80","Mansi 22, coll 287-306",https://books.google.com/books?id=bjSeGwAACAAJ,http://gallica.bnf.fr/ark:/12148/bpt6k51606z/f2.image,,,,,,"GoogleBooks
Data Capture",,,Reviewed ,
0140,1299,1299,11,13,,,Autun,Autun,Lyon,France,,46.951667,4.299444,D396,,,,,,Diocesan,,Barthélémy,Bartholomeus Brazdareyre de Rosiaco,1298,1308,,Latin,,,,"Martene, Thes, IV, coll. 480-90","Mansi 22, coll 307-22",https://books.google.com/books?id=bjSeGwAACAAJ,https://gallica.bnf.fr/ark:/12148/bpt6k51606z/,,,,,,"GoogleBooks
Data Capture",,Bp was professor in utroque jure,Reviewed ,
0141,1300,1300,11,11,,,Autun,Autun,Lyon,France,,46.951667,4.299444,D396,,,,,,Diocesan,,Barthélémy,Bartholomeus Brazdareyre de Rosiaco,1298,1308,,Latin,,,,"Martene, Thes, IV, coll. 490-91",,https://books.google.com/books?id=bjSeGwAACAAJ,,,,,,,"GoogleBooks
Data Capture",,,Reviewed ,
0142,1301,1301,11,10,,,Autun,Autun,Lyon,France,,46.951667,4.299444,D396,,,,,,Diocesan,,Barthélémy,Bartholomeus Brazdareyre de Rosiaco,1298,1308,,Latin,,,,"Martene, Thes, IV, coll. 491-93",,https://books.google.com/books?id=bjSeGwAACAAJ,,,,,,,"GoogleBooks
Data Capture",,,Reviewed ,
0143,1315,1315,5,27,,,Autun,Autun,Lyon,France,,46.951667,4.299444,D396,,,,,,Diocesan,,Elie Guidonis,Elias Guidonis,1309,1322,,Latin,,,,"Martene, Thes, IV, coll. 493-94",,https://books.google.com/books?id=bjSeGwAACAAJ,,,,,,,"GoogleBooks
Data Capture",,,Reviewed ,
0144,1316,1316,,,,,Autun,Autun,Lyon,France,,46.951667,4.299444,D396,,,,,,Diocesan,,Elie Guidonis,Elias Guidonis,1309,1322,,Latin,,"Paris, BnF lat 10411, fol. 32rv (17th-c copy of lat. 3701)","Paris, BnF lat 3701, fol. 140v-141; ","Martene, Thes, IV, coll. 494-95",,https://gallica.bnf.fr/ark:/12148/btv1b90666835,https://books.google.com/books?id=bjSeGwAACAAJ,"MSS contain one article (""X: Item inhibet dominus episcopus ne alique persone littere super sententiis latis pro contumacia emanate per XVI dies a tempore quo fuerint impetrate nec petite executioni mandari ex tunc aliquatenus executioni mandantur"") that does not appear in the editions",CoSyn Transcription from Martene edition,,,,"GoogleBooks
Data Capture
Digital MS",,,Reviewed ,
0145,1317,1317,11,11,,,Autun,Autun,Lyon,France,,46.951667,4.299444,D396,,,,,,Diocesan,,Elie Guidonis,Elias Guidonis,1309,1322,,Latin,,,,"Martene, Thes, IV, coll. 495-98",,https://books.google.com/books?id=bjSeGwAACAAJ,,,,,,,"GoogleBooks
Data Capture",,,Reviewed ,
0146,1322,1322,11,12,,,Autun,Autun,Lyon,France,,46.951667,4.299444,D396,,,,,,Diocesan,,Pierre Bertrand,,1322,1331,,Latin,,,,"Martene, Thes, IV, coll. 498-500",,https://books.google.com/books?id=bjSeGwAACAAJ,,,,,,,"GoogleBooks
Data Capture",,,Reviewed ,
0147,1323,1323,,,,,Autun,Autun,Lyon,France,,46.951667,4.299444,D396,,,,,,Diocesan,,Pierre Bertrand,,1322,1331,,Latin,,,,"Martene, Thes, IV, coll. 500-503",,https://books.google.com/books?id=bjSeGwAACAAJ,,,,,,,"GoogleBooks
Data Capture",,,Reviewed ,
0148,1337,1337,5,7,,,Avignon,Avignon,Arles,France,,43.95,4.817,D342,,,,,,Diocesan,,Jean de Cojordan,,1336,1348,,Latin,,,,"Martene, Thes, IV, cols. 559-64",,https://books.google.com/books?id=bjSeGwAACAAJ,,,,,,,"GoogleBooks
Data Capture",,,Reviewed ,
0149,1337,1337,10,,,,Avignon,Avignon,Arles,France,,43.95,4.817,D342,,,,,,Diocesan,,Jean de Cojordan,,1336,1348,,Latin,,,,"Martene, Thes, IV, cols. 555-59",,https://books.google.com/books?id=bjSeGwAACAAJ,,,,,,,"GoogleBooks
Data Capture",,,Reviewed ,
0150,1340,1340,10,,,Same text also dated to 1343 in Pontal repertoire,Avignon,Avignon,Arles,France,,43.95,4.817,D342,,,,,,Diocesan,,Jean de Cojordan,,1336,1348,,Latin,,"Avignon, AD Vaucluse, G 291, fols. 17v-18r",,"Martene, Thes, IV, cols. 564-65",,https://books.google.com/books?id=bjSeGwAACAAJ,,,CoSyn Transcription from Martene edition,,,,"GoogleBooks
Data Capture",,,Reviewed ,
0151,1341,1341,10,17,,,Avignon,Avignon,Arles,France,,43.95,4.817,D342,,,,,,Diocesan,,Jean de Cojordan,,1336,1348,,Latin,,,,"Martene, Thes, IV, cols. 565-68",,https://books.google.com/books?id=bjSeGwAACAAJ,,,,,,,"GoogleBooks
Data Capture",,,Reviewed ,
0152,1344,1344,10,13,,,Avignon,Avignon,Arles,France,,43.95,4.817,D342,,,,,,Diocesan,,Jean de Cojordan,,1336,1348,,Latin,,,,"Martene, Thes, IV, cols. 568-69",,https://books.google.com/books?id=bjSeGwAACAAJ,,,,,,,"GoogleBooks
Data Capture",,,Reviewed ,
0153,1345,1345,10,12,,,Avignon,Avignon,Arles,France,,43.95,4.817,D342,,,,,,Diocesan,,Jean de Cojordan,,1336,1348,,Latin,,,,"Martene, Thes, IV, cols. 569-70",,https://books.google.com/books?id=bjSeGwAACAAJ,,,,,,,"GoogleBooks
Data Capture",,,Reviewed ,
0154,1365,1365,10,15,,,Avignon,Avignon,Arles,France,,43.95,4.817,D342,,,,,,Diocesan,issued by vicar,Anglic de Grimoard,Anglicus Grimoard,1362,1366,Yes,Latin,,,,"Martene, Thes, IV, cols. 571-74",,https://books.google.com/books?id=bjSeGwAACAAJ,,,,,,,"GoogleBooks
Data Capture",,,Reviewed ,
0155,1366,1366,,,,,Avignon,Avignon,Arles,France,,43.95,4.817,D342,,,,,,Diocesan,"issued by Arnaud Aubert, vicar general of diocese for Pope Urban V (who is administrator of diocese)",Urban V,,1366,1367,Yes,Latin,,,,"Martene, Thes, IV, cols. 574-76",,https://books.google.com/books?id=bjSeGwAACAAJ,,,,,,,"GoogleBooks
Data Capture",,,Reviewed ,
0156,1297,1297 (ca.),11,,Yes,,Basel,Basel,Besançon,Switzerland,,47.567,7.583,D362,,,,,,Diocesan,,Peter von Aspelt,Pierre d'Aspelt,1297,1306,,Latin,,,,"Trouillat, Monuments de l’histoire, II, 655-65","Concile provincial de Besancon, ed. de Vregille, 35-38",http://books.google.com/books?vid=HARVARD32044050528892,,,,,,,"GoogleBooks
WebDownload",,"Latter part (B1-14) is virtually identical to canons of Besancon provincial council of 1281,except that ""Bisuntinensis"" is consistently replaced by ""Basiliensis"" and the clause about the faithful seeing excommunicates (ll. 101-05 of Besancon edition) is omitted",Reviewed ,
0157,1299,1299,,,,,Basel,Basel,Besançon,Switzerland,,47.567,7.583,D362,,,,,,Diocesan,,Peter von Aspelt,Pierre d'Aspelt,1297,1306,,Latin,,,,"Trouillat, Monuments de l’histoire, II, 679-89",,https://books.google.com/books?id=Pu4CAAAAQAAJ,,,,,,,"GoogleBooks
WebDownload",,,Reviewed ,
0159,1342,1342,,,,confirmed in 1368,Béziers,Béziers,Narbonne,France,,43.347615,3.218991,D407,,,,,,Diocesan,,Guillaume Fredol,Guilhaume V Fredol,1313,1349,,Latin,,"Béziers, Médiathèque André Malraux (anc. BM), Ms 6, fols. 16-33",,"Martene, Thes IV, 639-52",,https://books.google.com/books?id=bjSeGwAACAAJ,,,CoSyn Transcription from Martene edition,,,,"GoogleBooks
Data Capture",,,Reviewed ,
0160,1369,1369,4,17,,,Béziers,Béziers,Narbonne,France,,43.347615,3.218991,D407,,,,,,Diocesan,,Hugues de la Jugie,,1349,1371,,Latin,,,,"Martene, Thes IV, 659-60",,https://books.google.com/books?id=bjSeGwAACAAJ,,,,,,,"GoogleBooks
Data Capture",,,Reviewed ,
0161,1318,1318x1328,,,Yes,"First publication of the liber synodale in 1318 (Lacroix, Series et Acta episcoporum Cadurcensium, 1617, p. 198).
The manuscript is consistent with this dating : the text is post 1289 (repeats Liber synodale of Rodez 1289) and before 1500 (ms. dates from 14th c.); the text is published by a bishop Guillelmus and Guillaume de la Broue (1318-1324) is the only bishop named Guillelmus in the 14th c.; the incipit cited by Lacroix is the same.
This version of the synodal book is adopted as liber synodale in the diocese of Tulle probably before 1328 (in the manuscripts from Tulle, this liber synodale is followed by the statutes published by the bishop of Tulle in 1328 and 1339).
This version contains some additions and modifications to the Rodez text of 1289 adopted in part 2. These additions are post 1317 (reference to a Clementine decretal in cap. 2.2). It is not possible to know if these additions date from the first publication of the liber synodale in 1318 or were made between this first publication and its adoption in the diocese of Tulle.",Cahors,Cahors,Bourges,France,,44.448333,1.441389,D383,,,,,,Diocesan,Liber Synodale,Guillaume de la Broue,,1318,1324,,Latin,,"Paris, BnF, NAL 1917, fol. 1-68vb","Part II of the Cahors Synodal also found in BnF Latin 13326, fol. 98vA-100vA (Liber synodale of Tulle) ; BnF Latin 13327, fol. 114v-116v (idem).",,,https://gallica.bnf.fr/ark:/12148/btv1b10037209s,http://gallica.bnf.fr/ark:/12148/btv1b100346560,,Transcription by Christine Barralis from Paris BnF NAL 1917 (other MS variants not noted; ditto for orthographic differences between Paris MS & Avril's edition of the 1289 Rodez statuta antiqua). CoSyn transcription includes only Part 2 and the passages in Parts 3 & 4 that vary from the reissued provincial canons.,,,,GoogleBooks,,"The Liber synodale of Cahors is made up of four parts :
- Part 1 (fol. 1-61rA) repeats the text of the Liber synodale of Rodez 1289 (ID 0201, cc. 1 to 19); 
- Part 2 (NAL 1917, fol. 61rA-62vA) repeats with additions and modifications the Statuta antiqua renovantes which were appended to the Liber synodale of Rodez 1289 (c. 20 of ID 0201). Chapters 20.2 (about absolution) and 20.6 (about quests) are omitted. The explicit of the conciliar constitutions is heavily abbreviated.
- Part 3 (fol. 62vA-67vB) : Statutes of the provincial council of Bourges 1286 (ID 0349, only cc. 1-1-37. Part II of the statutes is not copied.
- Part 4 (fol. 67vB-68vB): Constitutiones antique synodales ecclesie Caturicensis (ID 1001)
",Reviewed ,
0162,1270,1270 (ca.),,,Yes,"Dating not certain, but it must have been very close to 1270 (see Avril, Bourges, 403)",Carcassonne,Carcassonne,Narbonne,France,,43.21306,2.352028,D402,,,,,,Compilation (Diocesan),LIber synodalis,Bernard de Capendu,,1267,1278,,Latin,,,,"Avril, Statuts, VI, 412-50",,,,,,,,,Hard Copy Scan,Yes,These were reissued verbatim for the suburbican diocese of Sabina ca. 1312 (Record ID 0536),Reviewed ,
0163,1277,1277,4,6,,,Carcassonne,Carcassonne,Narbonne,France,,43.21306,2.352028,D402,,,,,,Other,Episcopal mandate,Bernard de Capendu,,1267,1278,,Latin,,"Paris BnF lat 1613, fol 45v",,"Avril, Statuts, VI, 454",,https://gallica.bnf.fr/ark:/12148/btv1b10034655j,,,CoSyn Transcription from Avril edition,,,,"Hard Copy Scan
Digital MS",Yes,,Reviewed ,
0164,1297,1297,11,5,,,Carcassonne,Carcassonne,Narbonne,France,,43.21306,2.352028,D402,,,,,,Diocesan,,Pierre de la Chapelle-Taillefert,Petrus de Capella,1291,1298,,Latin,,"Paris BnF lat 1613, fols 46v-48v",,"Avril, Statuts VI, 456-460",,http://gallica.bnf.fr/ark:/12148/btv1b10034655j,,,CoSyn Transcription from Avril edition,,,,"Hard Copy Scan
Digital MS",Yes,,Reviewed ,
0165,1299,1299,11,26,,,Carcassonne,Carcassonne,Narbonne,France,,43.21306,2.352028,D402,,,,,,Diocesan,,Jean de Chevry,,,,,Latin,,"Paris BnF lat 1613, fols 48v-49v, 50-51v",,"Avril, Statuts, VI, 461-463",,http://gallica.bnf.fr/ark:/12148/btv1b10034655j,,,CoSyn Transcription from Avril edition,,,,"Hard Copy Scan
Digital MS",Yes,,Reviewed ,
0166,1321,1321,11,3,,Winter,Carcassonne,Carcassonne,Narbonne,France,,43.21306,2.352028,D402,,,,,,Diocesan,,Pierre de Rochefort,Pierre de Roquefort,1300,1322,,Latin,,"Paris BnF lat 1613, fols 68v-70v","Vatican, BAV, Vat Lat 9868, ff. 277rv & 391rv (partial 18th-c copy of Paris MS); Carcassonne, Bibliothèque diocésaine, ms. 3, fol. 74v-76r",,,http://gallica.bnf.fr/ark:/12148/btv1b10034655j,,,"Transcription by Jasmin Hauck (completed 25 April 2018), with readings of Paris MS checked against Vatican transcription and then partially checked  (by Christine Barralis) against readings of Carcassonne MS.",,,,Digital MS,,,Reviewed ,
0167,1342,1342,11,5,,,Carcassonne,Carcassonne,Narbonne,France,,43.21306,2.352028,D402,,,,,,Diocesan,,Gaucelin de Jean,Gancelin Jean,1338,1346,,Latin,,"Carcassonne, Bibl. dioc. Ms. 3, f. 85r-89r ","Paris BnF lat 1613, fols 78-81v; BAV Vat Lat 9868, fol. 431r (partial 18th-c copy of Paris MS)",,,http://gallica.bnf.fr/ark:/12148/btv1b10034655j,,,Initial transcription from BAV Vat Lat 9868; checked against Paris BnF lat 1613; then corrected (incompletely) against Carcassonne ms by Christine Barralis (October 2022),,,,Digital MS,,,Reviewed ,
0169,1281,1281,,,,,Chalon-sur-Saône,Chalon-sur-Saône,Lyon,France,,46.780556,4.852778,D398,,,,,,Diocesan,,Guillaume du Blé,,1273,1294,,Latin,,"Paris, BnF lat 18340, fols 1r-13r",,,,https://gallica.bnf.fr/ark:/12148/btv1b52507200h,,,#NAME?,,,,Digital MS,,,Reviewed ,
0170,1393,1393,4,23,,,Chalons-sur-Marne,Chalons-sur-Marne,Reims,France,,48.9575,4.365,D425,,,,,,Diocesan,,Charles de Poitiers,,,,Yes,Latin,,,,"Martene, Thes, IV, coll. 667-72","Gousset, APER II, 614-616",https://books.google.com/books?id=bjSeGwAACAAJ,https://books.google.com/books?id=L9U-AAAAcAAJ,,,,,,"GoogleBooks
Data Capture",,,Reviewed ,
0171,1325,1325,,,,,Chartres,Chartres,Sens,France,,48.455847,1.484184,D457,,,,,,Diocesan,,Robert de Joigny,,,,,Latin,,,,"Martene, Vet Script, 7, coll 1364-66",,https://gallica.bnf.fr/ark:/12148/bpt6k68195x.image,,,,,,,"GoogleBooks
Data Capture",,,Reviewed ,
0172,1355,1355,,,,,Chartres,Chartres,Sens,France,,48.455847,1.484184,D457,,,,,,Diocesan,,Louis de Vaucemain,,,,,Latin,,,,"Martene, Vet Script, 7, coll 1366-67",,https://gallica.bnf.fr/ark:/12148/bpt6k68195x.image,,,,,,,"GoogleBooks
Data Capture",,,Reviewed ,
0173,1360,1355x1368,,,Yes,"a copy was made in 1368, giving the terminus ante quem",Chartres,Chartres,Sens,France,,48.455847,1.484184,D457,,,,,,Diocesan,,Jean d'Anguerant,,1360,1368,,Latin,,,,"Jusselin, Chartres, 99-109","Martene, Vet Script, 7, coll 1367-69",,https://gallica.bnf.fr/ark:/12148/bpt6k68195x,Copy made in 1368 by J. Jacquelin,,,,,Hard Copy Scan,,,Reviewed ,
0174,1268,1268,,,,,Clermont,Clermont,Bourges,France,,45.783088,3.082352,D376,,,,,,Compilation (Diocesan),LIber synodalis,Guy de la Tour,,1250,1286,,Latin,,,,"Avril Statuts VI, 39-74","Mansi 23, cols 1185-1214",,https://books.google.com/books?id=CSdPAAAAYAAJ,,"Missing passages supplied from earlier texts (especially Synodal de l'Ouest), as indicated in edition.",,,,Hard Copy Scan,Yes,In two parts,Reviewed ,
0176,1275,1263x1286,,,Yes,misdated to 1267 in Mansi;,Aix,,"Arles, Aix, Embrun",France,location uncertain; held together by all three archbishops of the county of Provence,43.526304,5.445429,P003,P006,P027,,,,Provincial,,Jacques II Sérène,,1263,1286,,Latin,,,,"Martene, Thes, IV, col. 187-90",,https://books.google.com/books?id=bjSeGwAACAAJ,,,,,,,"GoogleBooks
Data Capture",,,Reviewed ,"Kay, ""Hostiensis and some provincial councils of Embrun,"" for dating of text and archepiscopal reign (at n. 31)"
0177,1310,1303x1318 ,,,Yes,,Digne,Digne,Embrun,France,,44.093333,6.236389,D388,,,,,,Diocesan,,Raynaudus Porcelleti,Raynaud de Porcellet,,,,Latin,,"Digne-les-Bains, Arch dép des Alpes-de-Haute-Provence, 1 G 1, fol V-XII,","Digne-les-Bains, Arch dép des Alpes-de-Haute-Provence, 1 G 467, fol V-XII",,,,, [IRHT MF 07960]/  MF 07207,"Transcription of 1 G 001 checked against 1 G 467, a diplomatic transcription made by Canon Bondil of Digne (1790-1870)",,,,Digital MS,,,Reviewed ,"Kay, ""Hostiensis and some Provincial Councils of Embrun"", for discussion of MSS"
0183,1346,1346 (ca.),,,Yes,,Meaux,Meaux,Sens,France,,48.960278,2.888333,D458,,,,,,Diocesan,,,,,,,Latin,,,,"Martene, Thes., IV, coll 891-914",,https://books.google.com/books?id=bjSeGwAACAAJ,,,,,,,"GoogleBooks
Data Capture",,,Reviewed ,
0184,1363,1363,,,,,Meaux,Meaux,Sens,France,,48.960278,2.888333,D458,,,,,,Diocesan,,,,,,,Latin,,,,"Martene, Thes., IV, coll 915-23",,https://books.google.com/books?id=bjSeGwAACAAJ,,,In two parts,,,,"GoogleBooks
Data Capture",,,Reviewed ,
0185,1365,1365,,,,,Meaux,Meaux,Sens,France,,48.960278,2.888333,D458,,,,,,Diocesan,,Jean Royer,,1363,1377,,Latin,,,,"Martene, Thes., IV, coll 923-30",,https://books.google.com/books?id=bjSeGwAACAAJ,,,,,,,"GoogleBooks
Data Capture",,"Contains a separate set of ""Instructions to Deacons""",Reviewed ,
0186,1297,1297,11,6,,feria quinta post festum omnium sanctorum ,Metz,Metz,Trier,France,,49.1201,6.17591,D574,,,,,,Diocesan,,Gérard de Relances,Gérard de Rhéninghe,1297,1302,,Latin,,"Paris BnF lat 1551, fol 2r-5r ","Vatican, BAV, Vat Lat 9868, ff. 223r-234r",,,http://gallica.bnf.fr/ark:/12148/btv1b107213283 ,,"Statutes were extracted from a larger manuscript, since there is foliation marked on the pages themselves, but starting around fol 16 or so",,,,,Digital MS,,"Bp. Renaud de Bar (1303-1316) ordered the city’s curates to deny last rites to those usurers who had failed to make due provision for restitution (ca. 1307-08). The city’s magistrates opposed the measures forcibly and even threatened the curates themselves, who in turn backed down, and some curates even accused the bishop of keeping the restituted moneys for himself.",Reviewed ,
0187,1355,1355,6,18,,,Metz,Metz,Trier,France,,49.1201,6.17591,D574,,,,,,Diocesan,,Aymar Adhémar de La Garde,,1327,1361,,Latin,,,,"Sauerland, Vatikanische Urkunden, II, 139-44  [no. 1225]",,,,,,,,,"Library Scan
WebDownload",,,Reviewed ,
0188,1356,1356,7,7,,,Metz,Metz,Trier,France,,49.1201,6.17591,D574,,,,,,Diocesan,,Aymar Adhémar de La Garde,,1327,1356,,Latin,,,,"Sauerland, Vatikanische Urkunden, II, 152-56 [no.  1254]",,,,,,,,,"Library Scan
WebDownload",,,Reviewed ,
0190,1337,1337,,,,,Montauban,Montauban,Toulouse,France,,44.018056,1.355833,D416,,,,,,Diocesan,,Guillaume de Cardaillac,,1317,1355,,Latin,,,,"Martene, Vet Script, VIII, coll 1559-63",,https://gallica.bnf.fr/ark:/12148/bpt6k681968,,,,,,,"GoogleBooks
Data Capture",,,Reviewed ,
0191,1300,1299x1304,,,Yes,"Guitton suggests attribution to Henri III de Calestrie, but Charlie Donahue (in paper delivered at 2022 ICMCL) suggested a pre-1270 dating",Nantes,Nantes,Tours,France,,47.21806,-1.55278,D443,,,,,,Diocesan,,Henri III de Calestrie,,1299,1304,,Latin,,"Paris, BnF lat 1597, ff. 3-18v;","Paris, BnF lat 1555, ff. 1-14v; Paris, Bib Arsenal, 796","Martene, Thes, IV, col 929-953",,https://books.google.com/books?id=bjSeGwAACAAJ,https://gallica.bnf.fr/ark:/12148/btv1b52507387b,"BnF Lat 1555 is missing a folio (between f. 6 & 7, text from c. 51-55), of which only a small piece remains. ",CoSyn Transcription from Martene edition,,,,"GoogleBooks
Data Capture",,,Reviewed ,
0192,1314,bef. 1314,,,Yes,,Orléans,Orléans,Sens,France,,47.9025,1.909,D459,,,,,,Compilation (Diocesan),,Milon de Chailli,,,,,Latin,,"Paris, Bib Arsenal 394, f. 184r-197r",,"Martene, Vet Script, VII, coll 1273-85",,https://gallica.bnf.fr/ark:/12148/bpt6k68195x.image,,"Martene edition omits final clause in Arsenal MS (originally from St Victor, and presumably the same MS used by Martene) ",,,,,"GoogleBooks
Data Capture",,"gathered and reissued in 1314

",Reviewed ,
0193,1314,1314,,,,,Orléans,Orléans,Sens,France,,47.9025,1.909,D459,,,,,,Diocesan,,Milon de Chailli,,,,,Latin,,"Paris, Arsenal 394 fol. 201r-202v",,"Martene, Vet Script, VII, coll 1285-89",,https://gallica.bnf.fr/ark:/12148/bpt6k68195x.image,,,CoSyn Transcription from Martene edition,,,,"GoogleBooks
Data Capture
Digital MS",,"Martene edition includes Orleans 1324 (cc. 11-26) and as an addition, Paris 1323 (final four canons)",Reviewed ,
0194,1320,1320,,,,,Orléans,Orléans,Sens,France,,47.9025,1.909,D459,,,,,,Diocesan,,Milon de Chailly,,1312,1321,,Latin,,,,"Martene, Vet Script, VII, coll 1289-90",,https://gallica.bnf.fr/ark:/12148/bpt6k68195x.image,,,,,,,"GoogleBooks
Data Capture",,,Reviewed ,
0195,1335,1335,,,,,Orléans,Orléans,Sens,France,,47.9025,1.909,D459,,,,,,Diocesan,,Jean III de Conflans,,1329,1349,,Latin,,"Paris, Arsenal 394 fol. 209r",,"Martene, Vet Script, VII, coll 1290-91",,https://gallica.bnf.fr/ark:/12148/bpt6k68195x.image,,,,,,,"GoogleBooks
Data Capture",,,Reviewed ,
0197,1270,1270,4,,,,Turin,Turin,Milan,Italy,,45.066667,7.7,D236,,,,,,Diocesan,,Goffredo di Montanaro,,1264,1294,,Latin,,"Fossano, Archivio capitolare, III, fasc. 1, ff. 14v-20r",,"Briacca, Decreti sinodali Torinesi, 137-52",,,,,CoSyn transcription from Briacca edition,,,,"Library Scan
Hard Copy Scan
Digital MS",Yes,,Reviewed ,
0198,1286,1286,5,16,,,Turin,Turin,Milan,Italy,,45.066667,7.7,D236,,,,,,Diocesan,,Goffredo di Montanaro,,1264,1294,,Latin,,"Fossano, Archivio capitolare, III, fasc. 1, ff. 20r-21r",,"Briacca, Decreti sinodali Torinesi, 153-56",,,,,CoSyn transcription from Briacca edition,,,,"Library Scan
Hard Copy Scan
Digital MS",Yes,,Reviewed ,
0200,1278,1277-1280,,,Yes,"first set dated between 1277-79, while second set issued in 1280",Albi,Albi,Bourges,France,,43.928889,2.146389,D381,,,,,,Diocesan,,Bernard III de Castanet,,1276,1308,,Latin,,,,"Avril, Statuts, VI, 78 (correcting Lacger ed)","Lacger, Statuts synodaux d'Albi, 457-59 ",,,,,,,,Hard Copy Scan,Yes,"Bernard de Castanet's statutes don't add anything that was not already found in preceding statutes (Lacger, p457)
Biget, Legislation, 202 says that the only innovations concern devotional matters  (faithful to revere the name of Jesus and bow when they hear it spoken)",Reviewed ,
0201,1289,1289,,,,Contains an earlier set of 'Statuta antiqua',Rodez,Rodez,Bourges,France,,44.350556,2.575,D385,,,,,,Diocesan,,Raymond de Calmont d'Olt,,1274,1297,,Latin,,"Rodez, AD Aveyron, G 48","Erfurt, UB, Dep. Erf. CA. 2° 103, fols. 76r-103r; Avignon BM 657, fols. 1-40r","Avril, Statuts, VI, 115-205","Martene, Thes, IV, col 671-768",https://bvmm.irht.cnrs.fr/consult/consult.php?mode=ecran&panier=false&reproductionId=4179,https://dhb.thulb.uni-jena.de/receive/ufb_cbu_00016973,"see Avril, Synodal de Raimond de Calmont d'Olt",CoSyn Transcription from Avril edition,,,,"Hard Copy Scan
Digital MS",Yes,"-Avril describes 1289 Rodez (with its 442 articles, as compared to Nimes’s 240) as “en quelque sorte figure d’encyclopédie synodale” (Avril, Bourges, 101); its  themes were shaped by the earlier work; 1289 Rodez also drew on Synodal de l’Ouest as transmitted through synodal statutes of Clermont (particularly for its overall structure) (see Avril, Bourges, 107-8; Avril, Synodal, 223-224)
-but Avril also stresses that it is not simply composed of borrowings – “c’est une oeuvre profondément originale”
",Reviewed ,
0202,1340,1336x1341,,,Yes,"dated 1289x1336 in Pontal, though containing elements that predate 1289.
",Rodez,Rodez,Bourges,France,,44.350556,2.575,D385,,,,,,Diocesan,,,,,,,Latin,,,,"Martene, Thes, IV, col. 767-76",,https://books.google.com/books?id=bjSeGwAACAAJ,,,"
",,,,"GoogleBooks
Data Capture",,"cc. 1.1-1.17 repeat the Statuta antiqua appended to the Liber synodale of Rodez in 1289 (ID 0201), and therefore predate 1289.
c. 1.18 was promulgated between 1289x1318, as it was then copied into the synodale of Cahors (1318x1328), which was based on the Rodez Liber synodale

includes references to Vienne decrees
includes full text of 0349_Bourges_1336, apparently, with only one emendation",Reviewed ,
0203,1341,1341,,,,,Rodez,Rodez,Bourges,France,,44.350556,2.575,D385,,,,,,Diocesan,,Gilbert de Cantobre,Gilbert de Cantabrion,1339,1348,,Latin,,,,"Martene, Thes, IV, col. 776-86",,https://books.google.com/books?id=bjSeGwAACAAJ,,,,,,,"GoogleBooks
Data Capture",,,Reviewed ,
0205,1328,1328,3,4,,,Dax,Dax,Auch,France,,43.7072,-1.0553,D353,,,,,,Diocesan,,Bernard de Liposse,,1327,1358,,Latin,,,,"Degert, “Constitutions synodales,” Bulletin, 23, no. 2: 86-87; no. 3: 125-29",,https://books.google.com/books?id=en0UAAAAYAAJ,,Dax MS (Paris BnF Lat 1542) seems to have been a copy for private use (of the sort that clerics were instructed to possess); https://archivesetmanuscrits.bnf.fr/ark:/12148/cc59487x,,,,,"GoogleBooks
WebDownload",Yes,,Reviewed ,
0206,1345,1345,8,9,,8-9 August,Dax,Dax,Auch,France,,43.7072,-1.0553,D353,,,,,,Diocesan,,Bernard de Liposse,,1327,1358,,Latin,,,,"Degert, “Constitutions synodales,” Bulletin, 23, no. 3: 129-41",,https://books.google.com/books?id=en0UAAAAYAAJ,,Dax MS (Paris BnF Lat 1542) seems to have been a copy for private use (of the sort that clerics were instructed to possess); https://archivesetmanuscrits.bnf.fr/ark:/12148/cc59487x,,,,,"GoogleBooks
WebDownload",Yes,,Reviewed ,
0207,1351,1351,6,1,,,Dax,Dax,Auch,France,,43.7072,-1.0553,D353,,,,,,Diocesan,,Bernard de Liposse,,1327,1358,,Latin,,,,"Degert, “Constitutions synodales,” Bulletin, 23, no. 3: 142-50",,https://books.google.com/books?id=en0UAAAAYAAJ,,Dax MS (Paris BnF Lat 1542) seems to have been a copy for private use (of the sort that clerics were instructed to possess); https://archivesetmanuscrits.bnf.fr/ark:/12148/cc59487x,,,,,"GoogleBooks
WebDownload",Yes,,Reviewed ,
0208,1339,1339,,,,,Maguelone,Maguelone,Narbonne,France,,43.512269,3.883367,D403,,,,,,Diocesan,,Arnaud de Verdale,,1339,1352,,Latin,,,,"Germain, Catalogus episcoporum Magalonensium, 355-58",,https://books.google.com/books?id=WqVCAAAAYAAJ,,,,,,,"GoogleBooks
WebDownload",,,Reviewed ,
0209,1340,1340,,,,,Maguelone,Maguelone,Narbonne,France,,43.512269,3.883367,D403,,,,,,Diocesan,,Arnaud de Verdale ,,1339,1352,,Latin,,,,"Germain, Catalogus episcoporum Magalonensium, 358-60",,https://books.google.com/books?id=WqVCAAAAYAAJ,,,,,,,"GoogleBooks
WebDownload",,,Reviewed ,
0210,1524,1524,,,,"according to note on p. 438 of edition, these contain statutes of Guillaume de Rance' from 1369 and Jean de Perouse in 1444, but these are not clearly identified in the text",Sées,Sées,Rouen,France,,48.605278,0.171944,D439,,,,,,Compilation (Diocesan),LIber synodalis,Jacques de Silly,,,,,Latin,,,,"Bessin, Concilia Rotomagensis, II, 429-38",,https://books.google.com/books?id=0SGIk69vxS0C,,,,,,,"GoogleBooks
WebDownload",,,Reviewed ,
0211,1287,1285x1290,,,Yes,renewed in 1295 by Bp Raynaud de la Porte,Limoges,Limoges,Bourges,France,,45.85,1.25,D378,,,,,,Diocesan,,Gilbert de Malemort,,1275,1294,,Latin,,,,"Avril, Statuts, VI, 91-98","Lecler, Anciens statuts, 143-151;",,,"dating and other info from Avril, Bourges, 87-90 (includes text at 91-98)",,,,,Hard Copy Scan,Yes,"Seem to be additional statutes added to an earlier Liber synodalis, perhaps on model of Clermont",Reviewed ,
0212,1360,1348x1371,,,Yes,,Limoges,Limoges,Bourges,France,,45.85,1.25,D378,,,,,,Diocesan,,Jean de Cros,,1348,1371,,Latin,,,,"Lecler, Anciens statuts, 152-53",,https://books.google.com/books?vid=HARVARD:32044100885706,,,,,,,"GoogleBooks
WebDownload",,,Reviewed ,
0213,1310,1310,11,10,,,Limoges,Limoges,Bourges,France,,45.85,1.25,D378,,,,,,Diocesan,,Raynaud de la Porte,,1294,1316,,Latin,,,,"Lecler, Anciens statuts, 132-139",,https://books.google.com/books?vid=HARVARD:32044100885706,,,,,,,"GoogleBooks
WebDownload",,,Reviewed ,
0214,1336,1336,8,19,,misdated to 1436 in both Martene and Hartzheim,Strasbourg,Strasbourg,Mainz,France,,48.58476,7.750576,D558,,,,,,Compilation (Diocesan),,Berthold II von Bucheck,,1328,1353,,Latin,,,,"Martene, Thes, IV, 529-556","Hartzheim, Concilia, V, 235-54",https://books.google.com/books?id=bjSeGwAACAAJ,https://books.google.com/books?id=pd9KAAAAcAAJ,,,,,,"GoogleBooks
Data Capture",,Includes statutes issued by his predecessors Friedrich von Lichtenberg and Johannes von Dürbheim; borrowings from Würzburg council are noted (but perhaps these are later additions to MS),Reviewed ,
0215,1252,1252,11,5,,"dated 1253 in Burg, Histoire de l'Alsace; ",Strasbourg,Strasbourg,Mainz,France,,48.58476,7.750576,D558,,,,,,Diocesan,,Heinrich von Stahleck,,1244,1260,,Latin,,,,"Strassburger Urkundenbuch I/1, pp278-279 (no. 366)",,https://archive.org/details/urkundenundakten11strauoft,,,,,,,WebDownload,,"discussed usurers, clerical life, monastic observance, and poverty vows of monks",Reviewed ,"ref in Burg, Histoire de l’Eglise de l’Alsace, 110 (no source given)"
0216,1359,1359,10,24,,,Toul,Toul,Trier,France,,48.675,5.891667,D575,,,,,,Diocesan,,Bertrand de La Tour,,1353,1361,,Latin,,,,"Baluze, Histoire genealogique de la maison d’Auvergne, 1708, II, 850-64",,http://books.google.com/books?id=19pDAAAAcAAJ,,,,,,,"GoogleBooks
Data Capture",,,Reviewed ,
0217,1192,1192,5,8,,,Toul,Toul,Trier,France,,48.675,5.891667,D575,,,,,,Diocesan,,Eudes I de Lorraine-Vaudémont,,1191,1198,,Latin,,,,"Martene, Thes, IV, col. 1177-80","Mansi 22, col. 647-50 & suppl. t. 2, coll 755-58; ",https://books.google.com/books?id=bjSeGwAACAAJ,https://gallica.bnf.fr/ark:/12148/bpt6k51606z/,,,,,,"GoogleBooks
Data Capture",,,Reviewed ,
0218,1475,1455x1501,,,Yes,"dated 1464x1490 in Pontal Repertoire (p72-73); revised dating by Christine Barralis, on the basis of Coq's redating of incunable edition to 1500-01",Arras,Arras,Reims,France,,50.289722,2.780833,D431,,,,,,Compilation (Diocesan),,,,,,,Latin,,"Lille BM MS 81 (formerly 193), 1-56v","Arras, BM 259; Paris, BnF lat 1610; Paris, BnF lat 12826","Gousset, APER, 3, pp276-345","Constitutiones synodales episcopatus Attrebatensis, [Louvain], [Thierry Martens], [ca 1500-1501], BnF, Rés. B 27837, fols. not numbered",https://arca.irht.cnrs.fr/ark:/63955/md913n204f45,https://gallica.bnf.fr/ark:/12148/bpt6k315011x ,"[IRHT MF 01571 / MF 66277] 
SSA held at Paris BnF Res B 27837 [downloaded] and Paris Bibl. Mazarine 13365",,,,,"GoogleBooks
WebDownload
Digital MS",,"contains a wealth of earlier material; dating and composition much disputed (see discussion in Pontal repertoire, pp. 72-73)

""Dominum Iohannem de Graneria priorem de oratorio borbonen’ [Oratorium Borbonense, at Louroux-Bourbonnais] in iure canonico licentiatum  et vicarium nostrum  in spiritualibus et temporalibus  generalem constitutionem huiusmodi diligigencius fecimus recenseri.""
",Reviewed ,"Coq (Dominique), « Une édition ignorée de Thierry Martens : les Constitutiones synodales episcopatus Attrebatensis » dans Forty-three studies in bibliography presented to Prof. Dr Wytze Hellinga..., ed. Anthonie R. A. Croiset Van Uchelen, Amsterdam, N. Israel, 1980, p. 84-88."
0221,1325,1325,10,18,,"Likely drawn up by Jean de Tixerandrerie OFM (1322x1324), even if these were seemingly promulgated (or repromulgated?) by Bernard Gui",Lodève,Lodève,Narbonne,France,,43.7325,3.320278,D408,,,,,,Diocesan,,Bernard Gui OP,,1324,1331,,Latin,,"Montpellier, Médiathèque centrale Emile Zola, Ms. 29",,"Douais, Synodal de Lodève, 3-13",,http://gallica.bnf.fr/ark:/12148/bpt6k840639w/f33.image,,"see also Artonne, Livre synodal de Lodeve, in BEC 108 (1949-50), 36-74, who notes that Douais got most of his analysis and dating of the base MS wrong; in fact, first text in MS is 1252 Livre Synodal, which is the same text as Nimes 1252]",,,,,WebDownload,,[1326 text in MS is an episcopal sentence handed down in a synod],Reviewed ,"Artonne, Livre synodal de Lodeve, in BEC 108 (1949-50), 36-74; https://arca.irht.cnrs.fr/ark:/63955/md30pr76fh4j"
0222,1330,1330,,,Yes,"Given that at least one version of the synodal includes the statutes of Compiegne from September 1329, the text likely dates to 1330 (or 1331?)",Reims,Reims,Reims,France,,49.26278,4.03472,D421,,,,,,Diocesan,,Guillaume de Trie,,1324,1331,,Latin,,"Paris BnF lat 1598, fols. 1-48",,"Gousset, APER II, 534-75",,https://books.google.com/books?id=L9U-AAAAcAAJ,,"Gousset used Reims BM 668 for his edition, but Véronique Beaulande-Barraud has noted important MSS variations in a forthcoming study of this text.",CoSyn transcription from Gousset edition; need to check MS for several passages inserted from earlier councils,,,,WebDownload,Yes,Divided into fourteen sections,Reviewed ,
0223,1344,1344,4,13,,Gousset gives 13 August male,Reims,Reims,Reims,France,,49.26278,4.03472,D421,,,,,,Diocesan,,Jean II de Vienne,,1336,1351,,Latin,,,,"Gousset, APER II, 584-586 ",,https://books.google.com/books?id=L9U-AAAAcAAJ,,,,,,,WebDownload,Yes,,Reviewed ,
0224,1393,1393,4,15,,,Reims,Reims,Reims,France,,49.26278,4.03472,D421,,,,,,Diocesan,Held by vicars general,Guy de Roye ,,1390,1409,Yes,Latin,,"Paris BnF lat 1598, fol. 57r-59r","Vatican, BAV, Vat Lat 9868, f. 534rv (18th-c transcription)","Gousset, APER II, 612-14 ",,https://books.google.com/books?id=L9U-AAAAcAAJ,,,CoSyn transcription from Gousset edition,,,,WebDownload,Yes,,Reviewed ,
0226,1374,1374,5,16,,"gathers together material from early 13th-c onward, but most seems to be mid-14th-c; French translation is perhaps from 1426x1450 (under Jean Leguise), as argued by Elisabeth Lusset",Troyes,Troyes,Sens,France,,48.297419,4.074263,D455,,,,,,Compilation (Diocesan),,Jean VI Braque,,1370,1375,,Latin,and Old French,,,"Lalore, Ancienne discipline, 2, 11-168",,https://books.google.com/books?id=IeVNAQAAMAAJ,,,,,,,"GoogleBooks
WebDownload",,"II: Ordo synodi:
""Apres ce lisent les curés les commandemens synodaulx, ceulx qui par Nous en sont requis, affin que nous oyens comment ilz les scavent lire et entendre, et affin que les ignorans soient par Nous corrigiés.""
(checking to make sure that priests understand the statutes)
",Reviewed ,"Lusset, Statuts synodaux bilingues"
0229,1325,1320x1328,,,Yes,,Tulle,Tulle,Bourges,France,,45.267336,1.765537,D379,,,,,,Compilation (Diocesan),,Arnaud de Saint-Astier OSB,,1317,1333,,Latin,,,,"Martene, Thes, IV, 791-97",,https://books.google.com/books?id=bjSeGwAACAAJ,,"""Incipit synodale seu constitutiones cathedralis ecclesie Tutellensis""",,,,,"GoogleBooks
Data Capture",,,Reviewed ,
0230,1328,1328,,,,,Tulle,Tulle,Bourges,France,,45.267336,1.765537,D379,,,,,,Diocesan,,Arnaud de Saint-Astier OSB,,1317,1333,,Latin,,,,"Martene, Thes, IV, 797-800",,https://books.google.com/books?id=bjSeGwAACAAJ,,,,,,,"GoogleBooks
Data Capture",,,Reviewed ,
0231,1339,1339,,,,,Tulle,Tulle,Bourges,France,,45.267336,1.765537,D379,,,,,,Diocesan,,,,,,,Latin,,,,"Martene, Thes, IV, 800-802",,https://books.google.com/books?id=bjSeGwAACAAJ,,,,,,,"GoogleBooks
Data Capture",,,Reviewed ,
0232,1334,1334,,,,date given by Travers,Tréguier,Tréguier,Tours,France,,48.785833,-3.231111,D450,,,,,,Diocesan,,Alain III de Haïloury,Alain Haeloury,1330,1338,,Latin,,,,"Martene, Thes, IV, col. 1097-1113",,https://books.google.com/books?id=bjSeGwAACAAJ,,"Bishop was doctor in utroque, and had previously been official of Orleans",,,,,"GoogleBooks
Data Capture",,"Requirement to possess copies: (1) STatuimus et sub poena suspensionis districte praecipimus observari, quod quilibet rector ecclesiarum dioecesis Trecorensis infra XV. dies post datam praesentium litterarum, istorum transcriptum habeat praeceptorum, et quod ea custodiat, et in eis studeat, et servet, ac episcopo visitanti absque alia interpellatione, et sub poena sexaginta solidorum exhibeat et ostendat; alioquin quilibet non habens puniatur in poenis praedictis. ",Reviewed ,
0233,1338,1338,,,,date given by Travers,Tréguier,Tréguier,Tours,France,,48.785833,-3.231111,D450,,,,,,Diocesan,,Alain III de Haïloury,Alain Haeloury,1330,1338,,Latin,,,,"Martene, Thes, IV, 1113-1118",,https://books.google.com/books?id=bjSeGwAACAAJ,,,,,,,"GoogleBooks
Data Capture",,,Reviewed ,
0234,1365,1365,,,,,Tréguier,Tréguier,Tours,France,,48.785833,-3.231111,D450,,,,,,Diocesan,,Even Bégaignon,Even Begaynon,1362,1371,,Latin,,,,"Martene, Thes, IV, 1118-1120",,https://books.google.com/books?id=bjSeGwAACAAJ,,,,,,,"GoogleBooks
Data Capture",,,Reviewed ,
0235,1371,1371,,,,,Tréguier,Tréguier,Tours,France,,48.785833,-3.231111,D450,,,,,,Diocesan,,Jean II le Brun,,1371,1378,,Latin,,,,"Martene, Thes, IV, col 1120-1122",,https://books.google.com/books?id=bjSeGwAACAAJ,,,,,,,"GoogleBooks
Data Capture",,"Requirement to possess copies: (1) In primis volumus et tenore praesentium ordinamus quod quilibet curatus seu rector nostrae dioecesis dicta statuta in pergameno, in bona littera, ac in libro scripta habeat, eaque studeat; et dum visitabitur per ordinarium secum ipsum librum ostendat, et incidentes in eisdem statutis curet diligenter manifestare. ",Reviewed ,
0236,1372,1372,,,,,Tréguier,Tréguier,Tours,France,,48.785833,-3.231111,D450,,,,,,Diocesan,,Jean II le Brun,,1371,1378,,Latin,,,,"Martene, Thes IV, col 1122-25",,https://books.google.com/books?id=bjSeGwAACAAJ,,,,,,,"GoogleBooks
Data Capture",,,Reviewed ,
0237,1374,1374,,,,,Tréguier,Tréguier,Tours,France,,48.785833,-3.231111,D450,,,,,,Diocesan,,Jean II le Brun,,1371,1378,,Latin,,,,"Martene, Thes IV, 1125-1126",,https://books.google.com/books?id=bjSeGwAACAAJ,,,,,,,"GoogleBooks
Data Capture",,,Reviewed ,
0238,1380,1380,,,,,Tréguier,Tréguier,Tours,France,,48.785833,-3.231111,D450,,,,,,Diocesan,,Thibaud de Malestroit,,1378,1383,,Latin,,,,"Martene, Thes IV, 1126-29",,https://books.google.com/books?id=bjSeGwAACAAJ,,,,,,,"GoogleBooks
Data Capture",,,Reviewed ,
0239,1299,1299,,,,,Rouen,Rouen,Rouen,France,held in the church of Notre-Dame du Pre,49.443889,1.103333,P065,,,,,,Provincial,,William II of Flavacourt,Guilaume de Flavacourt,1278,1306,,Latin,,,,"Bessin, Concilia, I, 162-64",,https://books.google.com/books?id=0SGIk69vxS0C,,,,,,,"GoogleBooks
WebDownload",,,Reviewed ,
0240,1304,aft. 1304,,,Yes,,Pont-Audemer ,Evreux,Rouen,France,,49.355,0.514722,P065,,,,,,Provincial,,,,,,,Latin,,,,"Bessin, Concilia, I, 168-171",,https://books.google.com/books?id=0SGIk69vxS0C,,,,,,,"GoogleBooks
Data Capture",,"Part II of the statutes is likely a later addition (as noted in Bessin edition, vol. 1, p. 171), since the Feast of Corpus Christi was not instituted in the province of Rouen before 1317",Reviewed ,
0241,1313,1313,10,,,,Rouen,Rouen,Rouen,France,In ecclesia beatae mariae de prato [Notre-Dame-du-Pré],49.443889,1.103333,P065,,,,,,Provincial,,Gilles Aycelin de Montaigu,,1311,1318,,Latin,,,,"Bessin, Concilia, I, 171-73",,https://books.google.com/books?id=0SGIk69vxS0C,,,,,,,"GoogleBooks
WebDownload",,,Reviewed ,
0242,1335,1335,9,,,,Rouen,Rouen,Rouen,France,,49.443889,1.103333,P065,,,,,,Provincial,,Pierre Roger,,1330,1339,,Latin,,,,"Bessin, Concilia, I, 175-80",,https://books.google.com/books?id=0SGIk69vxS0C,,,,,,,"GoogleBooks
WebDownload",,"Requirement to possess copies: (13) Praecipit quoque idem Concilium, quod omnes dioecesani copiam huiusmodi constitutionum et aliorum provincialium Conciliorum recipiant, et in suis synodis frequenter publicare procurent, et ea in suis civitatibus et dioecesibus faciant firmiter observari.  ",Reviewed ,
0244,1321,bef. 1321,,,Yes,renewed in 1321,Lisieux,Lisieux,Rouen,France,,49.146389,0.226667,D438,,,,,,Diocesan,,,,,,,Latin,,,,"Bessin, Concilia Rothomagensis, II, 479-80 (incomplete)",,https://books.google.com/books?id=0SGIk69vxS0C,,Bessin's edition based on Bernay MS,Edition numbering based on place in later statute collection; renumbered sequentially in transcription (with notes indicating edition numbering),,,Yes,"GoogleBooks
Digital MS
Data Capture",,,Reviewed ,
0245,1366,1366,,,Yes,"Dating is traditionally given as such as text survived in a version copied down by a priest of Lille in 1366, but these are likely from earlier (and according to Voisin & Pasture, they repeat much of the content of now-lost synodal statutes from pre-1272, perhaps from 1232).",Tournai,Tournai,Reims,Belgium,,50.6,3.383333,D432,,,,,,Compilation (Diocesan),,Philippe d'Arbois,,1351,1377,,Latin,,,,"Le Groux, Summa statutorum synodalium, 1-80",,http://books.google.com/books?id=nRZTAAAAcAAJ,,,,,,,"GoogleBooks
WebDownload",,"[acc. Barralis, Legislation provinciale, p. 359], these draw in part on Noyon 1344  provincial canons (for province of Reims); Bp had previously been bp of Noyon (1350-1351)",Reviewed ,
0246,1298,1298,5,21,,,Lyon,Lyon,Lyon,France,,45.759723,4.842223,D395,,,,,,Diocesan,,Henri de Villars,,1295,1308,,Latin,,,,"Statuta synodalia dioecesis Lugdunensis,[Lyon: Guillaume le Roy, 1485?], fol. 32-50?",,,,,"These begin at p. 79 of PDF scan (Statuta synodalia edicta...); end at p. 105 (""Anno domini millesimo ducentesimo nonagesimo octavo"")",,,,Digital MS,,"Identified as ""Statuta synodalia edita per dominum henricum de villariis archiepiscopum ludgunen’ in anno domini 1298""
",Reviewed ,
0247,1298,bef. 1298,,,Yes,"before 1298, to judge from position in editions of Synodal",Lyon,Lyon,Lyon,France,,45.759723,4.842223,D395,,,,,,Compilation (Diocesan),LIber synodalis,,,,,,Latin,,,,"Statuta synodalia dioecesis Lugdunensis,[Lyon: Guillaume le Roy, 1485?]",,,,Misdated 1626 in BnF catalogue,"begin p. 12 of PDF (Incipit manuale et ordo quomodo...); end p. 70 ""fiat pro eis tempore opportuno""",,,,Digital MS,,,Reviewed ,
0248,1325,1321x1326,,,Yes,,Lyon,Lyon,Lyon,France,,45.759723,4.842223,D395,,,,,,Diocesan,"issued by Guillaume de Bourg, official",Pierre de Savoie,,1308,1332,Yes,Latin,,,,"Statuta synodalia dioecesis Lugdunensis, Lyon [1626], fols. ??",,,,,"starts p. 153 of PDF ""Hic incipiunt statuta domini...""; ends p. 174: ""consuetudine iuridicio fundata est duntaxat exceptis.""",,,,Digital MS,,contains earlier material,Reviewed ,
0249,1358,1358,,,,Pentecost synod,Toul,Toul,Trier,France,,48.675,5.891667,D575,,,,,,Diocesan,,Bertrand,,,,,Latin,,"Nancy, ADMM 2 F 2 no 21",,,,,,"photo taken, but fuzzy",transcription should be rechecked against better image,,,,Digital MS,,,Reviewed ,
0250,1365,1362x1366,,,Yes,,Avignon,Avignon,Arles,France,,43.95,4.817,D342,,,,,,Diocesan,,Anglic de Grimoard,,1362,1388,,Latin,,"Avignon, Arch dep, 1 G 433, fol. 25r-26r","Avignon, BM, 654, fols. 18v-19v; Paris, BnF lat 1541, fols. 31-32v",,,,,,Transcription by Carole Avignon,,,,Digital MS,,,Reviewed ,
0251,1367,1367,,,,,Avignon,Avignon,Arles,France,,43.95,4.817,D342,,,,,,Diocesan,"issued by Philippe de Cabassol, patriarch of Jerusalem, bp of Marseille, and vicar general for diocese of Avignon",Anglic de Grimoard,,1362,1388,Yes,Latin,,"Avignon, Arch dep, 1 G 433, fol. 26v-28r; ","Avignon, BM 654, fols 22v-23v; Avignon, Arch dep 1 G 291, fols 34-35;  (and others)",,,,,,Transcription by Carole Avignon,,,,Digital MS,,,Reviewed ,
0253,1314,1314,5,7,,,Paris,Paris,Sens,France,,48.24754,3.287659,P070,,,,,,Provincial,,Philippe de Marigny,,,,,Latin,,"Paris, Arsenal 394, fol. 200r-201v  ",,"Mansi 25, 529-536",,https://gallica.bnf.fr/ark:/12148/bpt6k516090/,,,CoSyn Transcription from Mansi edition,,,,"GoogleBooks
Data Capture
Digital MS",,,Reviewed ,
0255,1345,1345,,,,"date given by Nicolas Travers in his autograph copy of Tours councils (see Pontal repertoire, 318, n1)",Nantes,Nantes,Tours,France,,47.21806,-1.55278,D443,,,,,,Diocesan,,Olivier Salahadin,,1339,1353,,Latin,,"Nantes, BM 36, fol. 429 (=Travers, Concilia, III)",,"Martene, Thes, IV, col 960-61",,https://books.google.com/books?id=bjSeGwAACAAJ,,,CoSyn Transcription from Martene edition,,,,"GoogleBooks
Data Capture
Microfilm",,,Reviewed ,
0257,1322,1322,10,31,,dating from Wolter edition (dated to September 30 in some texts),Cologne,Cologne,Cologne,Germany,,50.94257,6.958976,P023,,,,,,Provincial,,Heinrich von Virneburg,,1306,1332,,Latin,,"Cologne, HAStK Domstift, U. 941 (Original-Instrument of Notary Hermann Raze)",,"Wolter, Synodalstatuten, 293-298, no. 23","Meersseman, Akten, 235-248; Joosting, Bronnen, V, 1-43; Hartzheim, Concilia Germaniae 4, 282-285; Mansi 25, cols. 723-726",https://resolver.kb.nl/resolve?urn=MMKB02:100007906,https://books.google.com/books?id=kbNumdYKdrkC,"MS used by Meersseman is incomplete; breaks off after c. 31, whereas 1266 statutes continue on to c. 45",,,,,Data Capture,,"reissue of 1266 diocesan statutes of Engelbert II, now applied to province of Cologne as a whole
",Reviewed ,
0258,1291,1291,1,26,,,Utrecht,Utrecht,Cologne,Netherlands,,52.083,5.1,D543,,,,,,Diocesan,,Jan van Zyrik,John II van Sierck ,1291,1296,,Latin,,,,"Joosting, Bronnen, V, 54-60",,https://resolver.kb.nl/resolve?urn=MMKB02:100007906,,,,,,,Data Capture,,,Reviewed ,
0259,1294,1294,12,2,,,Utrecht,Utrecht,Cologne,Netherlands,,52.083,5.1,D543,,,,,,Diocesan,,Jan van Zyrik,John II van Sierck ,1291,1296,,Latin,,,,"Joosting, Bronnen, V, 69-73",,https://resolver.kb.nl/resolve?urn=MMKB02:100007906,,,,,,,Data Capture,,,Reviewed ,
0260,1310,1310,5,5,,,Utrecht,Utrecht,Cologne,Netherlands,,52.083,5.1,D543,,,,,,Diocesan,,Guy van Henegouwen,,,,,Latin,,,,"Joosting, Bronnen, V, 73-99","van Heussen, Batavia Sacra, 2.271-86 (Dutch translation, with notes at pp. 301-10) ",https://resolver.kb.nl/resolve?urn=MMKB02:100007906,,,,,,,Data Capture,,,Reviewed ,
0261,1318,1318,3,31,,,Utrecht,Utrecht,Cologne,Netherlands,,52.083,5.1,D543,,,,,,Diocesan,,Frederik van Zyrik,,,,,Latin,,,,"Joosting, Bronnen, V, 100-105",,https://resolver.kb.nl/resolve?urn=MMKB02:100007906,,,,,,,Data Capture,,,Reviewed ,
0262,1343,1343,5,13,,,Utrecht,Utrecht,Cologne,Netherlands,,52.083,5.1,D543,,,,,,Diocesan,,Jan van Arkel,,1342,1364,,Latin,,,,"Joosting, Bronnen, V, 105-108",,https://resolver.kb.nl/resolve?urn=MMKB02:100007906,,,,,,,Data Capture,,,Reviewed ,
0263,1310,1310,2,18,,,Amalfi,Amalfi,Amalfi,Italy,,40.633333,14.6,P004,,,,,,Other,Convened by papal nuncios; did not result in any published statutes,,,,,,Latin,,,,"Criscuolo, Sinodo provinciale, 15-20",,,,,,,,,Hard Copy Scan,,held by papal nuncios to secure funding for crusades and war against Venice. no general matters discussed. similar councils held in all of the other provinces of southern Italy.,Reviewed ,
0264,1317,1317,,,,,Vicenza,Vicenza,Aquileia,Italy,,45.55,11.55,D261,,,,,,Diocesan,,Sperandio,,1315,1320,,Latin,,,,"Mantese, Memorie storiche della chiesa vicentina, II, doc 19 (pp542-565)","Secco, Riforma del clero",,,survives in 16th-c copy in Arch Cap di Verona,,,,,"Library Scan
WebDownload",,,Reviewed ,
0265,1310,1310,10,22,,,Bologna,Bologna,[Holy See],Italy,,44.5075,11.351389,D042,,,,,,Diocesan,,Uberto Avvocati,,1302,1322,,Latin,,,,"Novelli, Costituzioni, 481-550",,,,,,,,,Hard Copy Scan,,"perhaps compiled by Guido de Baysio, archdeacon of Bologna (Novelli, 460)

first twelve rubrics (treating sacramental material) are strongly influenced by 1252 statutes of Nimes given by Pierre de Sampson (see Novelli, 460)

",Reviewed ,
0266,1303,1303,,,,,Gubbio,Gubbio,[Holy See],Italy,,43.35,12.56667,D111,,,,,,Diocesan,,Francesco I,,1302,1306,,Latin,,,,"Cenci, Costituzioni, 311-347",,,,,,,,,Hard Copy Scan,,"first part [13 caps out of 120] of lengthy 1303 statutes are devoted to “Constitutiones contra usurarios” (this part also includes a reference to statutes on usurers issued by predecessors; these do not survive)

",Reviewed ,
0267,1326,1326,,,,,Gubbio,Gubbio,[Holy See],Italy,,43.35,12.56667,D111,,,,,,Diocesan,,Francesco II,,1313,1326,,Latin,,,,"Cenci, Costituzioni, 349-60",,,,,,,,,"Library Scan
Hard Copy Scan",,15 of 35 statutes concern usury directly,Reviewed ,
0268,1327,1327,,,,,Gubbio,Gubbio,[Holy See],Italy,,43.35,12.56667,D111,,,,,,Diocesan,,Pietro de' Gabrielli,,1327,1345,,Latin,,,,"Cenci, Costituzioni, 361-78",,,,,,,,,"Library Scan
Hard Copy Scan",,,Reviewed ,
0269,1351,1351,,,,Includes additions from 1352,Lucca,Lucca,[Holy See],Italy,,43.85,10.5,D127,,,,,,Diocesan,,Berengario Blaxini,,1349,1368,,Latin,,,,"Dinelli, Sinodi, 67-114",,"https://books.google.com/books?id=5lVfAAAAcAAJ
",,,,,,,"GoogleBooks
WebDownload",Yes,"additions on p115-131 (dating to 1352), with a brief addition to cautionem formula of cap 85 on p129",Reviewed ,
0270,1317,1317,,,,incorrectly dated to 1335 in Geneva MS (entry in later hand),Geneva,Geneva,Vienne,Switzerland,,46.2,6.15,D465,,,,,,Diocesan,,Pierre de Faucigny,,1311,1342,,Latin,,"Geneva, AE, MS hist 47, f. 131v-141r",,"Fleury, Histoire de l'Eglise de Geneve, I, 429-36 [partial]",,https://books.google.com/books?id=Ov8PAAAAYAAJ,,,CoSyn transcription from Geneva MS,,,,"GoogleBooks
Digital MS
WebDownload",,Ten of the articles were actually issued by Aymon du Quart (r. 1304-11) and then reissued here by Pierre de Faucigny,Reviewed ,
0271,1288,1288,10,16,,or 16 January,Venice,Venice (Castello),Grado,Italy,,45.4375,12.335833,D255,,,,,,Diocesan,,Bartolomeo Querini,,1274,1292,,Latin,,,,"Sambin, Piu antichi sinodi, 71-74",,,,,,,,,"Library Scan
Hard Copy Scan",,parts reissued (and considerably reworked) by Trevisan in 16th-c compilation,Reviewed ,
0272,1326,1326,,,,Jacquin (and others) have argued that an additional council - with further reworking of statutes - took place in 1330,Marciac,Auch,Auch,France,,43.525,0.1625,P008,,,,,,Provincial,,Guillaume de Flavacourt,,1318,1355,,Latin,,,,"Duffour, Livre Rouge, pp8-39","Mansi 25, 775-798",http://books.google.com/books?id=mstTAAAAYAAJ,https://gallica.bnf.fr/ark:/12148/bpt6k516090/,,,,,,"GoogleBooks
WebDownload",Yes,"Largely identical to Nogaro 1303 compilation; only long decree relating to simony is novel.
Auch compilation was given papal approval in 1364, by Urban V (under AB Arnaud Aubert); then again in 1435 at the Council of Basel (under AB Philippe II de Levis, who compiled the 'Livre rouge'), for which see Jacquin, Conciles, 54",Reviewed ,"For dating and subsequent transmission, see Jacquin, Conciles d'Amanieu II d'Armagnac"
0273,1300,1300,,,,,Auch,Auch,Auch,France,,43.6465,0.5855,P008,,,,,,Provincial,,Amanieu II d'Armagnac,,1261,1318,,Latin,,,,"Duffour, Livre Rouge, 1-7",,http://books.google.com/books?id=mstTAAAAYAAJ,,,,,,,"GoogleBooks
WebDownload",Yes,"In this year, Amanieu II also republished the 1290 constitutions (having added this cluster, much of which derives from the Sext)",Reviewed ,"For dating and subsequent transmission, see Jacquin, Conciles d'Amanieu II d'Armagnac"
0274,1290,1290,8,19,,,Nogaro,Auch,Auch,France,,43.7592,-0.0328,P008,,,,,,Provincial,,Amanieu II d'Armagnac,,1261,1318,,Latin,,,,"Duffour, Livre Rouge, 40-48","Mansi 24, col 1066-1072",http://books.google.com/books?id=mstTAAAAYAAJ,https://books.google.com/books?id=lOJVAAAAcAAJ,,,,,,"GoogleBooks
WebDownload",Yes,,Reviewed ,"For dating and subsequent transmission, see Jacquin, Conciles d'Amanieu II d'Armagnac"
0275,1315,1315,,,,,Nogaro,Auch,Auch,France,,43.7592,-0.0328,P008,,,,,,Provincial,,Amanieu II d'Armagnac,,1261,1318,,Latin,,,,"Duffour, Livre Rouge, 48-52","Mansi 25, col 557-560",http://books.google.com/books?id=mstTAAAAYAAJ,https://gallica.bnf.fr/ark:/12148/bpt6k516090/,,,,,,"GoogleBooks
WebDownload",Yes,"LR assigns 4 constitutions, whereas Dax MS gives 17 constitutions (all ascribed to other dates in LR)",Reviewed ,"For dating and subsequent transmission, see Jacquin, Conciles d'Amanieu II d'Armagnac"
0276,1324,1324,,,,,Auch,Auch,Auch,France,,43.6465,0.5855,D350,,,,,,Diocesan,,Guillaume de Flavacourt,,1323,1356,,Latin,,,,"Duffour, Livre Rouge, 102-113",,http://books.google.com/books?id=mstTAAAAYAAJ,,,,,,,"GoogleBooks
WebDownload",Yes,"**Authentication procedure for statutes:
Fuerunt correcte iuxta textum et rubricas ac singula capitula secundum librum cathenatum in curia metropolitana auxitanensi in cathedra seu sede dicte curie existentem et alium in thesauro repositum de mandato venerabilis et circumspecti domini viri officialis auxitani et, facta vera collatione cum originali, continenti tres pecias, videlicet XXII folia et medietatem colandonis, et illo folio colandonis non computando sunt duo vacua, item in constitutione synodali sunt XV folia scripta et tertia pars colandonis sequentis videlicet presentis folii, huic coppie seu transcripto, tanquam vero et autentico, nos officialis auxitani sigillum magis auctenticum curie nostre metropolitane auxitanensis, apponi curavimus et appendi in fidem et testimonium premissorum, protestantes et expresse dicentes quod nichil aliud additum est nec decretum nisi prout in dictis libris in curia et thesaurarie existentibus fuit inventum.",Reviewed ,
0277,1301,1301,11,22,,,Compiègne ,,Reims,France,,49.4149,2.823056,P061,,,,,,Provincial,,Robert de Courtenay-Champignelles,,1299,1324,,Latin,,,,"Gousset, APER II, 472-474",,https://books.google.com/books?id=L9U-AAAAcAAJ,,,,,,,WebDownload,Yes,concerned largely with liberties of the Church,Reviewed ,
0278,1304,1304,1,4,,,Compiègne ,,Reims,France,,49.4149,2.823056,P061,,,,,,Provincial,,Robert de Courtenay-Champignelles,,1299,1324,,Latin,,,,"Gousset, APER II, 477-480",,https://books.google.com/books?id=L9U-AAAAcAAJ,,,,,,,WebDownload,Yes,,Reviewed ,
0279,1326,1326,,,,,Senlis,,Reims,France,,49.2081,2.5875,P061,,,,,,Provincial,,Guillaume de Trie,,1324,1331,,Latin,,,,"Gousset, APER II, 520-522",,https://books.google.com/books?id=L9U-AAAAcAAJ,,,,,,,WebDownload,Yes,,Reviewed ,
0280,1340,1334-1349,,,Yes,"Martene dated these to 1334, but c. 21 references Black Death with dates of 1348-1349 specifically; in fact, as the Vatican MS makes clear, it consists of additiones dating from 1334 to 1349",Soissons,Soissons,Reims,France,,49.381667,3.323611,D427,,,,,,Diocesan,,,,,,,Latin,,"Vatican, BAV Vat Reg. lat. 450",,"Gousset, APER II, 577-582",,https://digi.vatlib.it/view/MSS_Reg.lat.450,https://books.google.com/books?id=L9U-AAAAcAAJ,,CoSyn transcription from Gousset edition,,,,WebDownload,Yes,,Reviewed ,
0281,1344,1344,7,26,,,Noyon,Noyon,Reims,France,,49.581667,2.999722,P061,,,,,,Provincial,,Bernard Brion,Bernard Le Brun,1342,1347,,Latin,,,,"Gousset, APER II, 589-96",,https://books.google.com/books?id=L9U-AAAAcAAJ,,,,,,,WebDownload,Yes,"concerned with internal church matters

",Reviewed ,
0282,1344,1344,,,,,Soissons,Soissons,Reims,France,,49.381667,3.323611,D427,,,,,,Diocesan,,Pierre de Chappes,,1331,1349,,Latin,,,,"Gousset, APER II, 596-98",,https://books.google.com/books?id=L9U-AAAAcAAJ,,,,,,,WebDownload,Yes,"nothing of interest
verbatim publication of decrees of provincial council of Noyon of 1344 (as explicitly noted in statutes)",Reviewed ,
0283,1300,1300x1330,,,Yes,"issued 1300x1330 (dates of episcopal reign); original MS gives 1300, Mansi dated it to 1308, Dinelli (p59) states that it was probably early in bishop's reign, and Manselli says nothing on the subject.",Lucca,Lucca,[Holy See],Italy,,43.85,10.5,D127,,,,,,Diocesan,,Enrico del Carretto,,1300,1330,,Latin,,,,"Manselli, Sinodo Lucchese, 210-246",,,,MS breaks off mid-sentence.,,,,Yes,"Library Scan
Hard Copy Scan",,,Reviewed ,
0284,1305,1305 (ca.),,,Yes,incorrectly conflated with 1313 provincial council in earlier Bessin edition; preface gives reasons for dating it to ca 1305,Rouen,Rouen,Rouen,France,,49.443889,1.103333,D433,,,,,,Diocesan,,William II of Flavacourt,Guillaume de Flavacourt,1278,1306,,Latin,,,,"Bessin, Concilia, II, 87-89",,https://books.google.com/books?id=0SGIk69vxS0C,,,,,,,"GoogleBooks
WebDownload",,,Reviewed ,
0286,1311,1311,7,5,,,Bergamo,Turin,Milan,Italy,,45.7,9.666667,P047,,,,,,Provincial,,Cassone della Torre,,,,,Latin,,,,"Mansi 25, col 475-514",,https://gallica.bnf.fr/ark:/12148/bpt6k516090/,,,,,,,"GoogleBooks
Data Capture",,"for diffusion of these statutes in province of Milan, see Gorino-Causa article; for diffusion in diocese of Turin, see Olivieri, Sinodale del vescovo Ludovico, pt. 2 [who notes that the Bp of Turin refused to attend the council itself]; for resistance in Ivrea, see Andenna, Cura della anime, 414-415",Reviewed ,
0287,1317,1317,,,,,Bologna,Bologna,Ravenna,Italy,"Bologna was actually subject directly to Holy See from 1106 onward; but this is titled ""Concilium Ravennate, celebratum Bononiae""",44.5075,11.351389,P059,,,,,,Provincial,,Rinaldo da Concorezzo,,1303,1321,,Latin,,,,"Mansi 25, col 599-628",,https://gallica.bnf.fr/ark:/12148/bpt6k516090/,,,,,,,"GoogleBooks
Data Capture",,,Reviewed ,
0288,1335,1335,5,24,,,Salamanca,Salamanca,Santiago,Spain,,40.965,-5.663889,P069,,,,,,Provincial,,Juan Fernández de Limia,,,,,Latin,,,,"Justo Fernandez, Concilios compostelanos, 361-383","Mansi 25, col 1047-1060; Villanuno, Summa conciliorum III, 166-81; Lopez Ferreiro, Historia de la Santa Iglesia de Santiago, VI, Appendix XXII, pp92-111",,https://gallica.bnf.fr/ark:/12148/bpt6k516090/,https://books.google.com/books?id=Vi613hE2KHMC,,,,,"GoogleBooks
Hard Copy Scan",,,Reviewed ,
0289,1255,1253x1261,,,Yes,"dating uncertain; Cossart places it circa 1278 because it follows legatine council of Bourges 1276 in several MSS, and Palazzini dates it 1271x1284, but Avril argues for c. 1255 (see his edition, p209-11), arguing convincingly that it must date to before 1261",Langeais,,Tours,France,,47.3267,0.4069,P081,,,,,,Provincial,,,,,,,Latin,,,,"Avril, Tours, 214-23",,,,,,,,,Hard Copy Scan,Yes,,Reviewed ,
0290,1279,1279,,,,,Avignon,Avignon,Arles,France,,43.95,4.817,P006,,,,,,Provincial,,Bernardus,,,,,Latin,,,,"Gallia christiana novissima, Arles, col. 517-525, no. 1304","Mansi 24, col 231-44",https://books.google.com/books?id=B4JPAAAAYAAJ,https://books.google.com/books?id=lOJVAAAAcAAJ,,Abbreviated quotations in GCN expanded from Mansi edition,,,,"GoogleBooks
WebDownload
Data Capture",,"-council celebrated by Dominum Bertrandum [*corr. Bernardum], archiepiscopum Arelatensem, postea episcopum Sabinensem [*corr. Portuensem]

-present at Lyon2: AB of Arles (Bernardus de Languissel, 1273-1281), Bishops of Marseille (Raymundus de Nimes, 1267 – d. 1288), Orange (Jaucelinus, …1272-ca. 1279), Vaison (Giraudus de Libra, v. 1271-v. 1295)
",Reviewed ,
0291,1279,1279,9,30,,Constitutions completed toward late September,Bologna,Bologna,"Tuscany, Romagna, Aquileia",Italy,"Constitutions subsequently read out in Florence, Ferrara, Modena, Bologna, and Lodi (and then sent by patriarch of Aquileia to his suffragans)",44.5075,11.351389,P005,P059,D096,D093,,,Legatine,his legation included much of north-central Italy; the constitutions circulated widely within provinces of Ravenna and Aquileia,Latino Malabranca,,,,,Latin,,,,"Mansi 24, 246-253","Tilatti, Legatus de latere, pp??",https://books.google.com/books?id=lOJVAAAAcAAJ,,,,,,,"GoogleBooks
Data Capture",,,Reviewed ,"Tilatti, Legatus de latere, pp??"
0292,1279,1279,9,14,,"initially issued in Buda on September 14, 1279; but the legate rushed to the border after the synod of Buda and placed the kingdom under interdict; full version appears to have been promulgated in Gniezno in 1282 (the legate's competence included Poland)",Buda,,"Esztergom, Kalocsa",Hungary,,47.466667,19.05,P028,P036,,,,,Legatine,National Council,"Filippo, Bp of Fermo",,,,,Latin,,,,"Hube, Antiquissimae constitutions, 72-164","Mansi 24, col 270-308; Peterffy, Sacra Concilia, 105-26; Endlicher, Rerum Hungaricum, I, 565-602",https://books.google.com/books?id=WKQNr6vfMvgC,https://books.google.com/books?id=lOJVAAAAcAAJ,,"Final 53 canons missing from Peterffy/Mansi editions (which are based on two Roman MSS); the missing constitutions survive as the Gniezno 1282 reissue, albeit missing part of c. 27 (which Hube sees as a later addition. Numbering of canons also differs between the two versions",,,Yes,"GoogleBooks
Data Capture",,"1279 National Synod in Buda, under King Ladislaus IV and Lodomerius, AB Strigoniensi; constitutions issued by legate Philip, Bishop of Fermo

None of the legislation from earlier councils (Kalocsa 1222 & 1225, Esztergom 1252, Buda 1263) survives.",Reviewed ,"Kosztolnyik, Synod of Buda [79-80 for borrowing from earlier texts]; Adrianyi, Ungarischen synoden, 545-46; Waldmueller, Die Synoden in Dalmatien, 188-200"
0293,1279,1279,,,,,Angers,Angers,Tours,France,,47.473612,-0.554167,P081,,,,,,Provincial,,Jean de Montsoreau,,1271,1284,,Latin,,,,"Avril, Tours, 271-75",,,,,,,,,Hard Copy Scan,Yes,,Reviewed ,
0295,1282,1282,12,19,,"18-19 December; republished in 1307, and confirmed anew in 1351",Aquileia,Aquileia,Aquileia,Italy,,45.766667,13.366667,P005,,,,,,Provincial,,Raimondo della Torre,,1273,1299,,Latin,,"Cividale, Biblioteca del Museo Archeologico, Pergamene capitolari, VII (1273-1283), n. 143 ",,"Mansi 24, col 427-438","De Rossi, Monumenta ecclesiae Aquileiensis, cols. 781-794",https://books.google.com/books?id=lOJVAAAAcAAJ,,,"CoSyn transcription from Mansi, but Andrea Tilatti has also provided a transcription of the Cividale MS",,,,"GoogleBooks
Data Capture",,"On March 21, 1283, the 1282 provincial canons of Aquileia were read out in the duomo of Cividale del Friuli by the dean of the chapter, before the gathered clergy and people, first literaliter and then vulgariter; everyone was ordered to observe them on pain of excommunication [see Nicolò da Cividale e Francesco di Nasutto da Udine. Notai patriarcali, eds. S. Blancato and E. Vittor, p. 98, doc 11; cited in Tilatti, Autorita dei concili, 70]
",Reviewed ,"Demontis, Raimondo della Torre"
0296,1282,1282,,,,,Avignon,Avignon,Arles,France,,43.95,4.817,P006,,,,,,Provincial,,Bertrand Amalric,,,,,Latin,,,,"Gallia christiana novissima, Arles, 532-536, no 1322","Mansi 24, col 438-446",https://books.google.com/books?id=B4JPAAAAYAAJ,http://google.com/books?id=lOJVAAAAcAAJ,text in Mansi is incomplete (breaks off midway through c. 11),"based on Mansi, with additions and corrections from GCN",,,,"GoogleBooks
WebDownload
Data Capture",,,Reviewed ,
0297,1284,1284,3,28,,,Melfi,Melfi,[Holy See],Italy,,41,15.65,R007,,,,,,Legatine,issued by Cardinal-Legate,Gerardo Bianchi da Parma,Gerardus Blancus,,,,Latin,,,,"Herde, Legation...Gerhard v. Sabina, 46-53","Mansi 24, col 569-576",,https://books.google.com/books?id=lOJVAAAAcAAJ,,,,,,"Library Scan
Hard Copy Scan",Yes,,Reviewed ,
0298,1286,1286,,,,,Forlì,Ravenna,Ravenna,Italy,,44.233333,12.05,P059,,,,,,Provincial,,Bonifacio Fieschi OP,,1275,1294,,Latin,,,,"Mansi 24, col 616-26",,https://books.google.com/books?id=lOJVAAAAcAAJ,,,,,,,"GoogleBooks
WebDownload",,,Reviewed ,
0299,1287,1287,,,,,Exeter,Exeter,Canterbury,England,,50.716667,-3.53333,D308,,,,,,Diocesan,,Peter Quinel,"Peter Quivel, Peter de Exonia",1280,1291,,Latin,,,,"Powicke & Cheney II, 982-1059",,,,,,,,,Data Capture,,"

",Reviewed ,
0300,1287,1287,9,12,,,Milan,Milan,Milan,Italy,in ecclesia Sancte Tecle,45.4666,9.1666,P047,,,,,,Provincial,,Ottone Visconti,,1262,1295,,Latin,,,,"Baroni, Atti dell'arcivescovo...Visconti, doc. CCLXVI (pp227-234)","Muratori, RIS, VIII, Milan (1726), coll. 1053-1068; Mansi 24, col 868-882; Arnoldi, Carte dell'Archivio Arcivescovile di Vercelli, pp324-335, n. 77",,https://babel.hathitrust.org/cgi/pt?id=wu.89106551070,,,,,,"Library Scan
WebDownload",Yes,,Reviewed ,
0301,1229,1229,5,21,,"Maccarrone, Cura animarum, 321, opts for 1228; Benvenuti opts for 1237, Mansi opts for 1287; Olivieri, Tradizione sinodale, 310, gives 1229",Lodi,Lodi,Lombardy,Italy,,45.316667,9.5,R005,,,,,,Legatine,"council held by Goffredo di Castiglione, apostolic legate in Lombardy (later Pope Celestine IV); statutes then issued by Enrico di Settala, AB of Milan",Enrico di Settala,,1213,1230,,Latin,,,,"Mansi 24, cols 882-86","Muratori, RIS, 8, cols. 1065-1068; Salsotto, Per la storia della chiesa novarese, pp32-33",https://books.google.com/books?id=lOJVAAAAcAAJ,https://archive.org/stream/RerumItalicarumScriptores8/Rerum_Italicarum_Scriptores_8#page/n585/mode/2up,"Mansi edition taken from Muratori.
See also the version surviving in Novara MS (ed. Salsotto), though these are mistakenly attributed to Gerardo, Bp of Novara; for clarification, see Olivieri, Note sulla tradizione sinodale, n. 26",,,,,"GoogleBooks
Data Capture",,,Reviewed ,
0303,1288,1288 (ca.),,,Yes,,L'Isle-sur-Sorgue,Cavaillon,Arles,France,,43.9199,5.0549,P006,,,,,,Provincial,,Rostang de Capre,,,,,Latin,,,,"Albanes, Gallia christiana novissima, cols. 544-47, no 1339","Mansi 24, col 952-964",http://gallica.bnf.fr/ark:/12148/bpt6k941738/f276.image,http://google.com/books?id=lOJVAAAAcAAJ,,,,,,"GoogleBooks
WebDownload",Yes,"collected statutes of 7 provincial councils of Arles
consists largely of emendations/reconfirmations of earlier statutes, with only the incipits of these given (which suggests that the recipients had these texts ready to hand)
-for 1301 violation of statutes against clerics bearing arms (contra formam statuti per reverendum patrem dominum B. dei gratia Cavellicensem episcopum in sua sinodo editi), see ADV, 4 G1, n. 78 (cited in Theis, Gouvernement pontifical, 524-525)",Reviewed ,
0304,1289,1289,,,,,Chichester,Chichester,Canterbury,England,,50.83652,-0.77918,D306,,,,,,Diocesan,,Gilbert of St. Leofard,,1288,1305,,Latin,,,,"Powicke & Cheney II, 1082-1090","Mansi 24, col 1056-1064",,https://books.google.com/books?id=lOJVAAAAcAAJ,,,,,,Data Capture,,,Reviewed ,
0307,1292,1292,9,15,,,Aschaffenburg,,Mainz,Germany,,49.966667,9.15,P043,,,,,,Provincial,,Gerhard II,,,,,Latin,,,,"Hartzheim, Concilia Germaniae IV, 7-16","Mansi 24, col 1082-1090?",https://books.google.com/books?id=kbNumdYKdrkC,https://books.google.com/books?id=lOJVAAAAcAAJ,,,,,,"GoogleBooks
Data Capture",,"survives in 5 MSS (Johanek, Synodalia, III, Anhang I)",Reviewed ,
0308,1292,1292,,,,,Tarragona,,Tarragona,Spain,,41.115697,1.249594,P077,,,,,,Provincial,,Rodrigo Tello,Roderic Tellez,,,,Latin,,,,"Pons Guri, Constitucions conciliars, Repr. II, 315-20","Mansi 24, col 1105-1112",,https://books.google.com/books?id=lOJVAAAAcAAJ,,,,,,"Library Scan
Hard Copy Scan",Yes,,Reviewed ,
0309,1294,1294,,,,,Saumur,,Tours,France,,47.26,-0.076944,P081,,,,,,Provincial,,Renaud de Montbazon,,1291,1312,,Latin,,,,"Avril, Tours, 302-6",,,,,,,,,Hard Copy Scan,Yes,,Reviewed ,
0310,1298,1298,,,,,Saintes,Saintes,Bordeaux,France,,45.7464,-0.6333,D374,,,,,,Diocesan,,Guy de Neufville,,1296,1312,,Latin,,,,"Mansi 24, col 1185-86",,https://books.google.com/books?id=lOJVAAAAcAAJ,,,,,,,"GoogleBooks
Data Capture",,,Reviewed ,
0311,1298,1298,,,,,Würzburg,Würzburg,Mainz,Germany,,49.788,9.936,D561,,,,,,Diocesan,,Manegold von Neuenburg,,1287,1303,,Latin,,,,"Himmelstein, Synodicon Herbipolense, 139-159","Mansi 24, col 1187-?",https://books.google.com/books?id=t8UCAAAAQAAJ,https://books.google.com/books?id=lOJVAAAAcAAJ,,,,,,"GoogleBooks
Hard Copy Scan",Yes,,Reviewed ,
0312,1300,1300,3,18,,Mansi opts for 1299 dating; Hefele-Leclercq argue for 18 March 1300,Anse,,Lyon,France,,45.935,4.718,P041,,,,,,Provincial,,Henri de Villars,,1295,1301,,Latin,,,,"Mansi 24, col. 1218-1232",,,,,,,,,"GoogleBooks
Data Capture",,"preface modelled on that of l""Isle 1288",Reviewed ,
0313,1286,1286,9,19,,17-19 September,Bourges,Bourges,Bourges,France,,47.0844,2.3964,P015,,,,,,Provincial,,Simon de Beaulieu,,,,,Latin,,,,"Mansi 24, col 625-648",,https://books.google.com/books?id=lOJVAAAAcAAJ,,"better edition of additions in Martene, Thes, IV, 199-203",,,,,"GoogleBooks
Data Capture",,Largely restates earlier legislation; cc. 36 & 37 are additions enacted at council itself,Reviewed ,
0314,1285,1285,,,,,Riez,Riez,Aix,France,,43.8189,6.0936,P003,,,,,,Provincial,,Rostan de Noves,,1283,1311,,Latin,,,,"Mansi 24, col . 575-94",,https://books.google.com/books?id=lOJVAAAAcAAJ,,,,,,,"GoogleBooks
Data Capture",,,Reviewed ,
0315,1286,1286,,,,"[dated 1286 in Statuta synodalia lugdunensis, fol 30v; and in Martene/Mansi]",Mâcon,Mâcon,Lyon,France,,46.3063,4.8313,P041,,,,,,Provincial,,Raoul II de Thourotte,,1284,1288,,Latin,,,,"Martene Thes IV, 204-208 ",[also in Mansi],https://books.google.com/books?id=bjSeGwAACAAJ,,,,,,,"GoogleBooks
Data Capture",,,Reviewed ,
0316,1290,1290,,,,,Embrun,Embrun,Embrun,France,,44.5658,6.4961,P027,,,,,,Provincial,,Raymond de Mevouillon,,1289,1294,,Latin,,,,"Martene, Thes IV, 209-210","Mansi 24, col 1064-1066",https://books.google.com/books?id=bjSeGwAACAAJ,https://books.google.com/books?id=lOJVAAAAcAAJ,,,,,,"GoogleBooks
Data Capture",,confirmation of Henry of Susa's statutes (1 c.) and 4 new statutes,Reviewed ,
0317,1299,1299,10,29,,,Béziers,Béziers,Narbonne,France,,43.347615,3.218991,P050,,,,,,Provincial,,Gilles Aycelin de Montaigu,,1287,1311,,Latin,,,,"Martene, Thes, IV, 225-228",,https://books.google.com/books?id=bjSeGwAACAAJ,,,,,,,"GoogleBooks
Data Capture",,,Reviewed ,
0318,1310,1310,,,,,Béziers,Béziers,Narbonne,France,,43.347615,3.218991,P050,,,,,,Provincial,,Gilles Aycelin de Montaigu,,1287,1311,,Latin,,,,"Martene, Thes, IV, 228-236",,https://books.google.com/books?id=bjSeGwAACAAJ,,,,,,,"GoogleBooks
Data Capture",,,Reviewed ,
0319,1332,1332,,,,,Barcelona,Barcelona,Tarragona,Spain,,41.383333,2.183333,D643,,,,,,Legatine,,,,,,,Latin,,,,"Martene, Thesaurus, IV, 595-620 ",,https://books.google.com/books?id=bjSeGwAACAAJ,,,,,,,GoogleBooks,,"1332 Constitutiones capitulorum ecclesiae Barchinonensis, issued by Johannem Sabinenses (papal legate in Spain), which include episcopal constitutions of Barcelona from 1277, 1280, 1281, 1288, 1298, 1317, 1324",Reviewed ,
0320,1341,1341,,,,,Barcelona,Barcelona,Tarragona,Spain,,41.383333,2.183333,D643,,,,,,Other,Capitular constitutions,Ferrer de Abella,,1335,1344,,Latin,,,,"Martene, Thesaurus, IV, 620-623",,https://books.google.com/books?id=bjSeGwAACAAJ,,,,,,,GoogleBooks,,,Reviewed ,
0321,1330,1330,2,26,,contains some later insertions,Tarragona,Tarragona,Tarragona,Spain,,41.115697,1.249594,P077,,,,,,Compilation (Provincial),,Juan de Aragón,Joan d'Arago,1327,1334,,Latin,,,,"Pons Guri, Constitucions conciliars, Repr. II, pp. 347-87","Martene, Thes, IV, 284-328 ",,https://books.google.com/books?id=bjSeGwAACAAJ,,,,,,"Library Scan
Hard Copy Scan",Yes,"three councils all held by held by John patriarch of Alexandria and administrator of the church of Tarragona (other two undated); none mention usury

nor does undated council held by Bishop Arnaldo Sescomes betw. 1334-1346 [dates of bishopric]

-Puchades, Als ulls, 93, notes that none of the general councils of the Tarraconense celebrated between 1274 and 1330 contain constitutions against usury",Reviewed ,
0323,1365,1365,5,14,,"Palazzini, Dizionario, p59 argues for 13 May rather than 14",Apt,,"Arles, Embrun, Aix",France,,43.8769,5.3969,P003,P006,P027,,,,Provincial,,,,,,,Latin,,,,"Gallia christiana novissima, Arles, cols. 693-703, no. 1621","Martene, Thes, IV, 331-40",https://books.google.com/books?id=B4JPAAAAYAAJ,https://books.google.com/books?id=bjSeGwAACAAJ,,transcription from Martene,,,,"GoogleBooks
Data Capture",,"from Wikipedia: The council of Apt was held on 14 May 1365 in the cathedral of that city by the archbishops and bishops of the provinces of Arles, Embrun and Aix-en-Provence, in the south of France. Twenty-eight decrees were published and eleven days of indulgence were granted to those who would visit with pious sentiments the church of the Blessed Virgin in the Diocese of Apt on the feast of the Exaltation of the Holy Cross and venerate there certain relics of the Cross.",Reviewed ,
0324,1300,1300,2,21,,,Melun,,Sens,France,,48.540556,2.66,P070,,,,,,Provincial,,Etienne Bécard,,,,,Latin,,"Paris, Arsenal 394 fols. 198r-200r",,"Mansi 25, col 1-6",,https://gallica.bnf.fr/ark:/12148/bpt6k516090/,,,CoSyn Transcription from Mansi edition,,,,"GoogleBooks
Digital MS
Data Capture",,,Reviewed ,
0326,1302,1302,5,13,,,Penafiel,,Toledo,Spain,,41.5998,-4.119,P078,,,,,,Provincial,,Gonzalo Dias Palomeque,,,,,Latin,,,,"Sanchez Herrero, Concilios y sinodos Toledanos, 165-72","Mansi 25, col 100-110",,https://gallica.bnf.fr/ark:/12148/bpt6k516090/,,,,,,"Library Scan
Hard Copy Scan",,,Reviewed ,
0327,1303,1303 (ca.),12,2,Yes,"dating not certain, according to Kay, Making of Statutes, 220. Jacquin suggests that acts of the council of 1300 were published in 1303. This is confirmed by entry in BnF Latin 12105, f. 179r: ""publicae fuerunt constitutiones predictae apud Viragol die lunae proxima post festum Beati Andreae Apostoli in Concilio provinciali celebrato per REverendum in CHristo patrem Dominum A. divina miseratione Archiepiscopum Auxitanum, praesentibus et assistentibus venerab. … sub anno domini MCCC tertio publicetur""",Nogaro,,Auch,France,,43.7592,-0.0328,P008,,,,,,Provincial,,Amanieu II d'Armagnac,,1261,1318,,Latin,,,,"Mansi 25, col 111-16",,https://gallica.bnf.fr/ark:/12148/bpt6k516090/,,,,,,,"GoogleBooks
Data Capture",,"Much uncertainty surrounding these statutes (which may be compilation including texts from 1300, 1303, 1326).
",Reviewed ,"For dating and subsequent transmission, see Jacquin, Conciles d'Amanieu II d'Armagnac"
0328,1308,1308,,,,"reissued in 1327, 1386, and 1459, according to text ",Pistoia,Pistoia,Lucca,Italy,,43.93333,10.91667,D187,,,,,,Diocesan,,Ermanno,,,,,Latin,,,,Mansi 25 col 169-174,"Zaccaria, Anecdotorum Medii Aevi (1755), 137-149",https://gallica.bnf.fr/ark:/12148/bpt6k516090/,,,notes concerning repromulgation/ratification omitted from transcription,,,,"GoogleBooks
Data Capture",,,Reviewed ,
0330,1310,1310,3,11,,March 9-11,Cologne,Cologne,Cologne,Germany,,50.94257,6.958976,P023,,,,,,Provincial,,Heinrich von Virneburg,,1306,1332,,Latin,,,,"Wolter, Synodalstatuten, 211-231, no. 11","Hartzheim, IV, 117-27; Mansi 25, col 229-248; REK IV, pp99-102, nr. 498 (summary in German)",https://books.google.com/books?id=kbNumdYKdrkC,https://gallica.bnf.fr/ark:/12148/bpt6k516090/,,,,,,"GoogleBooks
Data Capture",,,Reviewed ,
0331,1311,1311,6,,,,Ravenna,Ravenna,Ravenna,Italy,,44.41667,12.2,P059,,,,,,Provincial,,Rinaldo da Concorezzo,,1303,1321,,Latin,,,,"Mansi 25, col 449-476",,https://gallica.bnf.fr/ark:/12148/bpt6k516090/,,,,,,,"GoogleBooks
Data Capture",,,Reviewed ,
0332,1315,aft. 1315,,,Yes,"Mansi dates to 1314, and Hartzheim to 1313, but Palazzini says it must be 1315 or later",Magdeburg,Magdeburg,Magdeburg,Germany,,52.133333,11.616667,P042,,,,,,Provincial,,Burchard III,,1308,1325,,Latin,,,,"Hartzheim, Concilia IV, 244-246","Mansi 25, col 523-526",https://books.google.com/books?id=kbNumdYKdrkC,https://gallica.bnf.fr/ark:/12148/bpt6k516090/,,,,,,"GoogleBooks
Data Capture",,,Reviewed ,
0333,1314,1314,10,10,,,Argenta,Ferrara,Ravenna,Italy,,44.616667,11.85,P059,,,,,,Provincial,,Rinaldo da Concorezzo,,1303,1321,,Latin,,,,"Mansi 25, col 535-550","Rossi, Historiarum ravennatum, 856-867",https://gallica.bnf.fr/ark:/12148/bpt6k516090/,https://books.google.com/books?id=rNNUAAAAcAAJ,,,,,,"GoogleBooks
Data Capture",,"attended by bishops of Comacchio, Cervia, Forlimpopoli, Faenza, Cesena, and procurators of bishops of Adria, Bologna, Reggio, and the chapter of Modena (then sede vacante)",Reviewed ,
0334,1315,1315,,,,,Saumur,,Tours,France,,47.26,-0.076944,P081,,,,,,Provincial,,Geoffroy de la Haye,,1314,1323,,Latin,,,,"Avril, Tours, 317-22",,,,,,,,,Hard Copy Scan,Yes,,Reviewed ,
0336,1310,1300x1320,,,Yes,"dating uncertain, but from first two decades of 14th-c",Perugia,Perugia,[Holy See],Italy,,43.112222,12.388889,D182,,,,,,Diocesan,,Francesco,,,,,Latin,,,,"Mansi 25, col 639-648",,https://gallica.bnf.fr/ark:/12148/bpt6k516090/,,,,,,,"GoogleBooks
Data Capture",,,Reviewed ,
0337,1322,1322,,,,Mansi dates this to 1321; Wilkins to 1322,London,London,Canterbury,England,,51.507222,-0.1275,P020,,,,,,Provincial,,Walter Reynolds,,1313,1327,,Latin,,,,Wilkins 2:512-514,"Mansi 25, 670-684;",https://books.google.com/books?id=FRtUAAAAcAAJ,https://gallica.bnf.fr/ark:/12148/bpt6k516090/,,,,,,"GoogleBooks
WebDownload",,Inc. Cum quanta reverentia...,Reviewed ,
0338,1322,1322,6,7,,,Valladolid,Palencia,[Spain],Spain,began in Palencia on 15 December 1321; ended in Valladolid on 7 June,41.633333,-4.716667,P069,P078,D660,D661,D662,,Legatine,Godin was legate to Castile and Leon,Guillermo de Godin,,,,,Latin,Castilian translation survives as well,,,"Tejada y Ramiro, Coleccion, III, 477-504","Mansi 25, 695-724; Villanuno, Summa conciliorum III, 112-139",https://books.google.com/books?id=EPRWl_29PlsC,https://gallica.bnf.fr/ark:/12148/bpt6k516090/,https://books.google.com/books?id=Vi613hE2KHMC,,,,,"GoogleBooks
Hard Copy Scan",Yes,,Reviewed ,
0339,1323,1323,9,24,,"""Samedi après la fête de st mathieu l’apôtre""",Paris,Paris,Sens,France,,48.24754,3.287659,P070,,,,,,Provincial,,Guillaume de Melun,,,,,Latin,,"Paris, Arsenal 394 fol. 204r-208v",,"Mansi 25, col 727-730",,https://gallica.bnf.fr/ark:/12148/bpt6k516090/,,,CoSyn Transcription from Mansi edition,,,,"GoogleBooks
Data Capture
Digital MS",,,Reviewed ,
0340,1324,1324,11,21,,,Toledo,Toledo,Toledo,Spain,,39.856667,-4.024444,P078,,,,,,Provincial,,Juan III de Aragon,,1319,1328,,Latin,,,,"Sanchez Herrero, Concilios y sinodos Toledanos, 185-88","Mansi 25, col 730-736",,https://gallica.bnf.fr/ark:/12148/bpt6k516090/,,,,,,"Library Scan
GoogleBooks
Hard Copy Scan",,,Reviewed ,
0341,1326,1326,6,18,,,Saint-Ruf,Avignon,"Arles, Aix, Embrun",France,"see Boisset, Reception, 43",43.932908,4.812217,P003,P006,P027,,,,Provincial,,,,,,,Latin,,,,"Albanes, Gallia christiana novissima, Arles, cols. 612-633, no. 1520; ","Mansi 25, col 739-774",https://books.google.com/books?id=B4JPAAAAYAAJ,https://gallica.bnf.fr/ark:/12148/bpt6k516090/,,,,,,"GoogleBooks
WebDownload",Yes,"Joint council for provinces of Arles, Aix-en-Provence, Embrun",Reviewed ,
0342,1326,1326,2,11,,,Toledo,Toledo,Toledo,Spain,,39.856667,-4.024444,D607,,,,,,Diocesan,"issued by Juan Vicente, vicar",Juan de Aragón,,,,Yes,Latin,,,,"Synodicon Hispanum, X, 547-549","Sanchez Herrero, Concilios y sinodos Toledanos, 193-94",,,,,,,,"Library Scan
Hard Copy Scan",Yes,,Reviewed ,
0343,1327,1327,1,21,,,Ruffec,,Bordeaux,France,,46.0294,0.2,P014,,,,,,Provincial,,Arnauld de Canteloup,,,,,Latin,,,,"Mansi 25, col 805-806","Cartulaire de l'eveche de Poitiers, ed Redet (1881), 174-175",https://gallica.bnf.fr/ark:/12148/bpt6k516090/,,,,,,,"GoogleBooks
Data Capture",,,Reviewed ,
0344,1327,1327,2,22,,,Florence,Florence,[Tuscia],Italy,held at Santa Croce,43.016667,11.95,D096,D187,D021,D094,D076,,Legatine,"apostolic legate in Tuscia; participants in synod included bishop-elect of Arezzo, vicar of bp of Florence, bps of Amelia, Anagni, and Citta di Castello; later published in Pistoia",Giovanni Gaetano Orsini,,,,,Latin,,,,"Mansi 25, col 819-828","Guasti & Gherardi, I Capitoli del comune di Firenze II (Florence, 1893), pp50-56; San Luigi, Etruria Sacra, I, pp37-42
",https://gallica.bnf.fr/ark:/12148/bpt6k516090/,,,,,,,"GoogleBooks
Data Capture",,"Constitutiones Iohannis Cardinalis Ursinii tit. S. Theodori Etruriae, Romandiolae, Piceni, Umbriae et Insulae Sardiniae legatus; 

These provoked considerable controvery in Florence and elsewhere in Tuscany(see Beattie, Angelus Pacis, ch. 5)
",Reviewed ,
0346,1332,1332,,,,,Ferrara,Ferrara,Ravenna,Italy,"Ravenna claimed metropolitan status over Ferrara, which instead claimed to be directly subject to the Holy See",44.833333,11.616667,D093,,,,,,Diocesan,"nephew of the great canonist, Guido de Baisio; he had previously been bishop of Reggio Emilia (1312-1329) and Rimini (1329-1332) ",Guido de Baisio,,1332,1349,,Latin,,,,"Mansi 25, col 901-934",,https://gallica.bnf.fr/ark:/12148/bpt6k516090/,,,,,,,"GoogleBooks
Data Capture",,"these are earliest surviving statutes for Ferrara, though we know from prologue that earlier ones were promulgated

MS contains later additions (see Balboni, Sinodi diocesani)",Reviewed ,"Balboni, Sinodi diocesani di Ferrara"
0347,1331,1331,,,,,Benevento,Benevento,Benevento,Italy,,41.133333,14.783333,P012,,,,,,Provincial,"Likely issued by his vicar and suffragan, the bishop of Sant'Agata",Monaldo Monaldeschi OFM,,1302,1331,Yes,Latin,,,,"Synodicon Beneventanensis (1724), 28-47","Mansi 25, col 940-976; Synodicon Beneventanensis (1695), 32-55",https://books.google.com/books?id=5F5hdV9EqMgC,http://gallica.bnf.fr/ark:/12148/bpt6k51035w/f43.item.zoom,Only known MS was missing first 12 chapters and all chapters after c. 73,,,,Yes,"GoogleBooks
Data Capture",,,Reviewed ,
0348,1332,1332,,,,,Mayfield,,Canterbury,England,,51.02,0.26,P020,,,,,,Provincial,,Simon Mepeham,Simon Meopham,1328,1333,,Latin,,,,"Wilkins II, 560-561","Mansi 25, col 976-980",https://books.google.com/books?id=FRtUAAAAcAAJ,https://gallica.bnf.fr/ark:/12148/bpt6k516090/,,,,,,"GoogleBooks
Data Capture",,,Reviewed ,
0349,1336,1336,10,17,,15-17 October,Bourges,Bourges,Bourges,France,,47.0844,2.3964,P015,,,,,,Provincial,,Foucauld de Rochechouart,,,,,Latin,,,,"Mansi 25, col 1059-1068","Labbe, Sacrosancta Concilia, 11, 2522-2529",https://gallica.bnf.fr/ark:/12148/bpt6k516090/,https://books.google.com/books?id=SI1EAAAAcAAJ,,"CoSyn transcription includes two passages (part of cap. 11 and lengthy explicit) not found in editions but included in Rodez synodal transcription of the canons (ID 0202, Rodez 1336x1341)",,,,"GoogleBooks
Data Capture",,,Reviewed ,
0350,1336,1336,,,,,Château-Gontier,Tours,Tours,France,,47.8286,-0.7028,P081,,,,,,Provincial,,Pierre Frétaud,,1336,1357,,Latin,,,,"Avril, Tours, 351-52",,,,,,,,,Hard Copy Scan,Yes,"Survives in multiple versions, including a vernacular translation",Reviewed ,
0351,1337,1337,12,3,,,Saint-Ruf,Avignon,"Arles, Embrun, Aix",France,,43.9329,4.812217,P003,P006,P027,,,,Provincial,,,,,,,Latin,,,,"Albanes, Gallia christiana novissima, Arles, cols. 640-655, no. 1538","Giraud, Essai sur l'histoire du droit français au moyen âge, 2, pp88-128; Mansi 25, col 1086-1108",https://books.google.com/books?id=B4JPAAAAYAAJ,https://books.google.com/books?id=qCrLfNPi-fcC,,Abbreviated sections in Albanes filled in from Giraud,,,,"GoogleBooks
WebDownload",Yes,"Joint council for provinces of Arles, Aix-en-Provence, Embrun",Reviewed ,
0353,1339,1339,4,7,,,Padua,Padua,Aquileia,Italy,,45.416667,11.866667,D175,,,,,,Diocesan,,Ildebrando Conti,,1319,1352,,Latin,,,,"Ceccon, Sinodi diocesane, 187-199 [publ. 250-262]","Mansi 25, col 1132-44",,https://gallica.bnf.fr/ark:/12148/bpt6k516090/,large passages are lifted from the 1285 Padua statutes of the brotherhood of parish rectors,Replace with 2023 published version instead,,,,"GoogleBooks
WebDownload",Yes,"closely associated with Aquileia synod of previous year; **BUT UsVor and Quamquam not cited, as they are in the Aquileia 1338 constitutions

also draws on earlier (now-lost) constitutions of Bp Giovanni Savelli (r. 1295-1299)

'(27) Quod quilibet prelatus habeat has constitutiones.
Mandamus et precipimus omnibus abbatibus, prioribus, archipresbiteris, prepositis ac omnibus prelatis ecclesias collegiatas habentibus quatenus predictas constitutiones integraliter sub pena quadraginta soldorum parvorum usque ad quatuor menses in suis ecclesiis scriptas habeant et easdem studeant eorum subditis publicare.'",Reviewed ,
0354,1339,1339,5,19,,,Toledo,Toledo,Toledo,Spain,,39.856667,-4.024444,P078,,,,,,Provincial,,Gil Alvarez de Albornoz ,,1338,1350,,Latin,,,,"Sanchez Herrero, Concilios y sinodos Toledanos, 201-4","Mansi 25, col 1144-1148",,https://gallica.bnf.fr/ark:/12148/bpt6k516090/,,,,,,"GoogleBooks
Library Scan
Hard Copy Scan",,,Reviewed ,
0355,1342,1342,10,10,,,London,,Canterbury,England,,51.507222,-0.1275,P020,,,,,,Provincial,,John Stratford,,,,,Latin,,,,"Records of Convocation, vol. 3: Canterbury, pp189-199","Mansi 25, col 1158-1168; Wilkins, II, 696-702",,https://gallica.bnf.fr/ark:/12148/bpt6k516090/,,,,,,"Library Scan
Hard Copy Scan",,Constitutions are reworking of a draft originally presented to provincial council on 19 October 1341,Reviewed ,"see Bolton, ""Council of London of 1342"""
0356,1342,1342,10,25,,,London,London,Canterbury,England,,51.507222,-0.1275,P020,,,,,,Provincial,,Ralph Stratford,,1340,1354,,Latin,,,,"Records of Convocation, vol. 3: Canterbury, pp203-219","Mansi 25, col 1168-1184; Wilkins II, 702-709",,https://gallica.bnf.fr/ark:/12148/bpt6k516090/,,,,,,"Library Scan
Hard Copy Scan",,,Reviewed ,
0357,1347,1347,,,,Mansi gives 1346; Leinweber gives 1347,Paris,Paris,Sens,France,,48.24754,3.287659,P070,,,,,,Provincial,,Guillaume II de Melun,,1345,1376,,Latin,,,,"Mansi 26, col 15-24",,https://books.google.com/books?id=zuJVAAAAcAAJ,,,,,,,"GoogleBooks
Data Capture",,,Reviewed ,
0358,1320,1320,4,28,,"date from Records of Convocation, Ireland, p146",Dublin,Dublin,Dublin,Ireland,,53.347778,-6.259722,P026,,,,,,Provincial,,Alexander de Bicknor,,1317,1349,,Latin,,,,"Records of Convocation, XVI: Ireland, pp146-158","Mansi 26, col 109-118",,https://books.google.com/books?id=zuJVAAAAcAAJ,,,,,,"Library Scan
Hard Copy Scan",,,Reviewed ,
0359,1320,1317x1325 ,,,Yes,"dating from Bray, ROC; Wilkins dates these to 1320",[Kilkenny],Ossory,Dublin,Ireland,,52.6525,-7.256944,D530,,,,,,Diocesan,,Richard de Ledrede OFM,,1317,1360,,Latin,,,,"Records of Convocation 16, pp. 136-142","Wilkins, Concilia, 501-506",,,,,,,,"Library Scan
Hard Copy Scan",,,Reviewed ,
0360,1352,1352,3,21,,,Dublin,Dublin,Dublin,Ireland,,53.347778,-6.259722,P026,,,,,,Provincial,,John of St. Paul,,1349,1362,,Latin,,,,"Records of Convocation XVI: Ireland, 166-171",,,,,,,,,"Library Scan
Hard Copy Scan",,,Reviewed ,
0361,1367,1367,,,,Lent,Dublin,Dublin,Dublin,Ireland,,53.347778,-6.259722,P026,,,,,,Provincial,,Thomas Minot,,1363,1375,,Latin,,,,"Records of Convocation 16: Ireland, 171-190",,,,,,,,,"Library Scan
Hard Copy Scan",,,Reviewed ,
0364,1350,1350,5,14,,8-14 May,Padua,Padua,Aquileia,Italy,,45.416667,11.866667,P005,,,,,,Legatine,"Provincial council held by Guy de Boulogne, Cardinal Presbyter of Santa Cecilia and Apostolic legate in Lombardy",Guy of Boulogne,Guido di Monfort,,,,Latin,,,,"Mansi 26, col 221-236","Concilia Papiensia, 198-215",https://books.google.com/books?id=zuJVAAAAcAAJ,,transcription from Mansi; corrected against Concilia Papiensia,,,,,"GoogleBooks
Data Capture",,"Patriarch of Aquileia, Archbishop of Zara, and many other prelates were present",Reviewed ,"Jugie, Legation, 57-58"
0365,1351,1351,11,,,,Béziers,Béziers,Narbonne,France,,43.347615,3.218991,P050,,,,,,Provincial,,Pierre de la Jugie,,1347,1375,,Latin,,,,"Mansi 26, col 237-250","Martene, Thes IV, 328-30 (incomplete)",https://books.google.com/books?id=zuJVAAAAcAAJ,https://books.google.com/books?id=bjSeGwAACAAJ,,,,,,"GoogleBooks
Data Capture",,,Reviewed ,
0366,1257,1257,,,,"part of Synodicum Nicosiense, compiled ca. 1340 with some later additions
Most of the texts in this section date 1249-1257",Nicosia,Nicosia,Nicosia,Cyprus,Raised to Archbishopric in 1197,35.166667,33.366667,D746,,,,,,Diocesan,,Hugh of Fagiano,Ugo da Fagiano,1251,1267,,Latin,,,,"Schabel, Synodicum Nicosiense, 90-115",,,,,,,,,Hard Copy Scan,Yes,,Reviewed ,
0367,1366,1366,3,12,,Mansi incorrectly dates this to 1365 (along with other earlier editions),Angers,Angers,Tours,France,,47.473612,-0.554167,P081,,,,,,Provincial,,Simon de Renoul,,1363,1379,,Latin,,,,"Avril, Tours, 373-396",,,,,,,,,Hard Copy Scan,Yes,Also survives in vernacular translation,Reviewed ,
0369,1368,1368,6,6,,May 18 - June 6,Lavaur,,"Narbonne, Toulouse, Auch",France,,43.699722,1.819722,P008,P050,P080,,,,Provincial,,,,,,,Latin,,,,"Mansi 26, col 473-548","Concilia Galliae Narbonensis, ed Baluze, pp124-298",https://books.google.com/books?id=zuJVAAAAcAAJ,https://books.google.com/books?id=SsLREE1fIegC,,,,,,"GoogleBooks
Data Capture",,,Reviewed ,
0370,1374,1374,4,15,,,Narbonne,Narbonne,Narbonne,France,,43.1836,3.0042,P050,,,,,,Provincial,,Pierre de La Jugie,,1347,1375,,Latin,,,,"Mansi 26, col 587-608",,https://books.google.com/books?id=zuJVAAAAcAAJ,,,,,,,"GoogleBooks
Data Capture",,17 of the canons taken from Lavaur 1368; others drawn from other earlier gatherings,Reviewed ,
0371,1374,1374,,,,,Benevento,Benevento,Benevento,Italy,,41.133333,14.783333,P012,,,,,,Provincial,"basically a ""Liber provincialis""",Ugone Guidardi,,1365,1378,,Latin,,,,"Synodicon Beneventanensis (1724), 66-244","Synodicon Beneventanensis (1695), 77-292",https://books.google.com/books?id=5F5hdV9EqMgC,http://gallica.bnf.fr/ark:/12148/bpt6k51035w/f43.item.zoom,,,,,,"GoogleBooks
Data Capture",,,Reviewed ,
0372,1388,1388,,,,,Palermo,Palermo,Palermo,Italy,,38.116667,13.366667,P055,,,,,,Provincial,,Ludovico Bonito,,,,,Latin,,,,"Mansi 26, col 745-754",,https://books.google.com/books?id=zuJVAAAAcAAJ,,,,,,,"GoogleBooks
Data Capture",,,Reviewed ,
0373,1219,1219 (ca.),,,Yes,"dating given by Gremaud and upheld by Morenzoni, despite objections by some others (incl. Treyer), who push it to 1233 or later; Postscript section added after 1300",Sion,Sion,Tarentaise,Switzerland,aka Sitten,46.227778,7.358611,D462,,,,,,Diocesan,,Landri de Mont,,1206,1236,,Latin,,,,"Gremaud, Documents, 29, 210-222 [no 282]",,https://books.google.com/books?id=MGmoF8riCdUC,,,,,,,"GoogleBooks
Data Capture",,,Reviewed ,
0374,1300,1300 (ca.),,,Yes,"""vers 1300"" (Morenzoni, L'encadrement, 10)",Sion,Sion,Tarentaise,Switzerland,aka Sitten,46.227778,7.358611,D462,,,,,,Diocesan,,Boniface de Challant,,1290,1308,,Latin,,,,"Gremaud, Documents, 31, 1-13 [no 1154]",,https://books.google.com/books?id=0xU3m734GDcC,,,,,,,"GoogleBooks
Data Capture",,,Reviewed ,
0375,1303,1303,,,,,Sion,Sion,Tarentaise,Switzerland,aka Sitten,46.227778,7.358611,D462,,,,,,Diocesan,,Boniface de Challant,,1290,1308,,Latin,,,,"Gremaud, Documents, III, 72-76 [no 1194]",,https://books.google.com/books?id=0xU3m734GDcC,,,,,,,"GoogleBooks
Data Capture",,,Reviewed ,
0376,1305,1305,,,,,Sion,Sion,Tarentaise,Switzerland,aka Sitten,46.227778,7.358611,D462,,,,,,Diocesan,,Boniface de Challant,,1289,1308,,Latin,,,,"Gremaud, Documents, 31, 108-9 [no 1228]",,https://books.google.com/books?id=0xU3m734GDcC,,,,,,,"GoogleBooks
Data Capture",,,Reviewed ,
0377,1310,1310,,,,,Sion,Sion,Tarentaise,Switzerland,aka Sitten,46.227778,7.358611,D462,,,,,,Diocesan,,Aymon II de Chatillon,,1308,1323,,Latin,,,,"Gremaud, Documents, 3, 200-203 [no 1324]",,https://books.google.com/books?id=0xU3m734GDcC,,,,,,,"GoogleBooks
Data Capture",,,Reviewed ,
0378,1320,1313x1323,,,Yes,,Sion,Sion,Tarentaise,Switzerland,aka Sitten,46.227778,7.358611,D462,,,,,,Diocesan,,Aymon III de Challant-Châtillon,,1308,1323,,Latin,,,,"Gremaud, Documents, 31, 422-429  [no 1481]",,https://books.google.com/books?id=0xU3m734GDcC,,,,,,,"GoogleBooks
Data Capture",,,Reviewed ,
0379,1320,1315x1323,,,Yes,probably date after formal promulgation of Clementines,Sion,Sion,Tarentaise,Switzerland,aka Sitten,46.227778,7.358611,D462,,,,,,Diocesan,,Aymon III de Challant-Châtillon,,1308,1323,,Latin,,,,"Gremaud, Documents, 31, 430-437  [no 1482]",,https://books.google.com/books?id=0xU3m734GDcC,,,,,,,"GoogleBooks
Data Capture",,,Reviewed ,
0380,1346,1346,,,,,Sion,Sion,Tarentaise,Switzerland,aka Sitten,46.227778,7.358611,D462,,,,,,Diocesan,,Guichard Tavelli,,1342,1375,,Latin,,,,"Gremaud, Documents, 32, 593-599  [no 1976]",,https://books.google.com/books?id=CScA2bVa2X4C,,,,,,,"GoogleBooks
Data Capture",,,Reviewed ,
0381,1310,1310,3,17,,,Strasbourg,Strasbourg,Mainz,France,,48.58476,7.750576,D558,,,,,,Diocesan,,Johann I.,Jean Ier de Dirpheim,1306,1328,,Latin,,,,"Sdralek, Strassburger Diocesansynoden, 94-121",,https://books.google.com/books?id=MxoQAAAAYAAJ ,,,,,,,"GoogleBooks
WebDownload",,interesting in its clear distinction of new versus borrowed/received statutes,Reviewed ,
0385,1359,1359,,,,,Tortosa,Tortosa,Tarragona,Spain,,40.812778,0.523333,D645,,,,,,Diocesan,,Joan Fabra OSB,Jean Fabri,1357,1362,,Latin,,,,"Synodicon Hispanum, XII, 645-53","Villanueva, Viage Literario, V, 346-365",,,,,,,,"Library Scan
Hard Copy Scan",Yes,,Reviewed ,
0386,1303,1303,,,,,Rieti,Rieti,[Holy See],Italy,directly subject to Holy See,42.4,12.866667,D199,,,,,,Diocesan,,Giovanni Muti Papazzurri,,1302,1339,,Latin,,"[Paris BnF lat 1556, fol. 1r-16]",,"Martene, Veterum Scriptorum, VIII, col. 1494-1513",,https://gallica.bnf.fr/ark:/12148/bpt6k681968,,,CoSyn Transcription from Martene edition,,,,"GoogleBooks
Data Capture",,"constitutions of 1303 and 1315 mixed up together in the MS, as noted by Brentano, New World in a Small Place, 109",Reviewed ,
0387,1315,1315,4,6,,,Rieti,Rieti,[Holy See],Italy,directly subject to Holy See,42.4,12.866667,D199,,,,,,Diocesan,,Giovanni Muti Papazzurri,,1302,1339,,Latin,,"[Paris BnF lat 1556, fol. 1r-16]",,"Martene, Veterum Scriptorum, VIII, cols. 1513-1529",,https://gallica.bnf.fr/ark:/12148/bpt6k681968,,,CoSyn Transcription from Martene edition,,,,"GoogleBooks
Data Capture",,"constitutions of 1303 and 1315 mixed up together in the MS, as noted by Brentano, New World in a Small Place, 109",Reviewed ,
0388,1266,1266,,,,,Città di Castello,Città di Castello,[Holy See],Italy,,43.460833,12.243889,D076,,,,,,Diocesan,,Niccolò,,1265,1279,,Latin,,,,"Muzi, Memorie, II, 154-157",,https://books.google.com/books?id=CoUCJP1wB4QC,,,,,,,"GoogleBooks
WebDownload",Yes,,Reviewed ,
0389,1278,1278,,,,,Ferrara,Ferrara,Ravenna,Italy,"Ravenna claimed metropolitan status over Ferrara, which instead claimed to be directly subject to the Holy See",44.833333,11.616667,D093,,,,,,Diocesan,,Guglielmo ,,1274,1286,,Latin,,,,"Muratori, Antiquitates, VI, col 433-438",,https://books.google.it/books?id=Mqg-AAAAcAAJ,,,,,,,"GoogleBooks
Data Capture
WebDownload",,"concerns monastic life, mostly.",Reviewed ,
0390,1242,1242,,,,,Tarragona,Tarragona,Tarragona,Spain,,41.115697,1.249594,P077,,,,,,Provincial,,Pere d'Albalat,,1237,1251,,Latin,,,,"Pons Guri, Constitucions conciliars, Repr. II, 266-270",,,,,,,,,"Library Scan
Hard Copy Scan",Yes,,Reviewed ,
0391,1277,1277,,,,,Tarragona,Tarragona,Tarragona,Spain,,41.115697,1.249594,P077,,,,,,Provincial,,Bernat d'Olivella,,1272,1287,,Latin,,,,"Pons Guri, Constitucions conciliars, Repr. II, 309-11",,,,,,,,,"Library Scan
Hard Copy Scan",Yes,"-Puchades, Als ulls, 93, notes that none of the general councils of the Tarraconense celebrated between 1274 and 1330 contain constitutions against usury",Reviewed ,
0392,1283,1283,,,,,Tarragona,Tarragona,Tarragona,Spain,,41.115697,1.249594,P077,,,,,,Provincial,,Bernat d'Olivella,,1272,1287,,Latin,,,,"Pons Guri, Constitucions conciliars, Repr. II, 312-13",,,,,,,,,"Library Scan
Hard Copy Scan",Yes,"-Puchades, Als ulls, 93, notes that none of the general councils of the Tarraconense celebrated between 1274 and 1330 contain constitutions against usury",Reviewed ,
0393,1293,1293,8,1,,,Lleida,,Tarragona,Spain,,41.115697,1.249594,P077,,,,,,Provincial,,Rodrigo Tello,Rodrigo Tellez,,,,Latin,,,,"Pons Guri, Constitucions conciliars, Repr II, 321-22",,,,,,,,,Hard Copy Scan,,"Archbishop celebrated provincial councils in 1291, 1293, 1294, and 1305",Reviewed ,
0394,1294,1294,8,11,,,Lleida,,Tarragona,Spain,,41.115697,1.249594,P077,,,,,,Provincial,,Rodrigo Tello,,,,,Latin,,,,"Pons Guri, Constitucions conciliars, Repr II, 324-29",,,,,,,,,Hard Copy Scan,,"-Puchades, Als ulls, 93, notes that none of the general councils of the Tarraconense celebrated between 1274 and 1330 contain constitutions against usury",Reviewed ,
0395,1312,1312,,,,,Tarragona,Tarragona,Tarragona,Spain,,41.115697,1.249594,P077,,,,,,Provincial,,Guillem de Rocaberti,,,,,Latin,,,,"Pons Guri, Constitucions conciliars, Repr II, 333-35",,,,,,,,,Hard Copy Scan,,"-Puchades, Als ulls, 93, notes that none of the general councils of the Tarraconense celebrated between 1274 and 1330 contain constitutions against usury",Reviewed ,
0396,1318,1318,,,,,Tarragona,Tarragona,Tarragona,Spain,,41.115697,1.249594,P077,,,,,,Provincial,,Ximeno Martines de Luna,,,,,Latin,,,,"Pons Guri, Constitucions conciliars, II, 336-39",,,,,,,,,Hard Copy Scan,,"-Puchades, Als ulls, 93, notes that none of the general councils of the Tarraconense celebrated between 1274 and 1330 contain constitutions against usury",Reviewed ,
0397,1280,1280,11,8,,,Barbastro,Huesca,Tarragona,Spain,becomes part of Zaragoza province in 1318,42.036111,0.126389,D650,,,,,,Diocesan,,Jaime Sarroca,Jaime de Roca,1273,1290,,Latin,,"Jaca, Archivo Capitular, Libro de la Cadena (=MS 1), fols 51-59",,"Synodicon Hispanum 14, 31-49","Buesa Conde, Sinodos, 88-92 [rubrics only]",,,,CoSyn transcription from SH edition,,,,Digital MS,,,Reviewed ,
0403,1301,1301,12,5,,3-5 December,Lleida,Lleida,Tarragona,Spain,,41.115697,1.249594,D646,,,,,,Diocesan,,Pere del Rei,,1299,1308,,Latin,,,,"Synodicon Hispanum 13, 340-46","Villanueva, Viage, XVI, 317-323",,,,,,,,"Library Scan
Hard Copy Scan",Yes,,Reviewed ,
0404,1308,1308,12,9,,,Lleida,Lleida,Tarragona,Spain,,41.115697,1.249594,D646,,,,,,Diocesan,,Ponce de Aquilaniu,,1308,1313,,Latin,,,,"Synodicon Hispanum 13, 346-350","Villanueva, Viage, XVI, 323-326",,,,,,,,"Library Scan
Hard Copy Scan",Yes,,Reviewed ,
0405,1274,1274,11,12,,,Tortosa,Tortosa,Tarragona,Spain,,40.812778,0.523333,D645,,,,,,Diocesan,,Arnal de Jardin,Arnau de Jardí,1273,1306,,Latin,,,,"Synodicon Hispanum, XII, 617-18",,,,"also Villanueva, Viage Literario, V, 283-284",,,,,"Library Scan
Hard Copy Scan",Yes,"Villanueva, V, 283-334, gives synodal constitutions for 1278, 1307, 1308, 1311, 1314, 1319, 1323, 1324, 1328, 1330; none of these mention usury either",Reviewed ,
0407,1353,1347x1354,,,Yes,"likely issued before 1354, or that year",Barcelona,Barcelona,Tarragona,Spain,,41.383333,2.183333,D643,,,,,,Compilation (Diocesan),Issued by vicar Francesc Ruffach,Miquel de Ricoma,,1346,1361,Yes,Latin,,,,"Synodicon Hispanum 13, 240-290","Hillgarth and Silano, Compilation, 96-157",,,,,,,,"Library Scan
Hard Copy Scan",Yes,,Reviewed ,
0408,1296,1296,9,18,,,Valencia,Valencia,Tarragona,Spain,,39.470239,-0.376805,D654,,,,,,Diocesan,,Ramón Despont OP,,1289,1312,,Latin,,,,"Synodicon Hispanum, XII, 730-56","Perez de Heredia, Sinodos, 617-678",,,,,,,,"Library Scan
Hard Copy Scan",Yes,"Borrows heavily from Nimes 1252
",Reviewed ,
0409,1298,1298,10,21,,,Valencia,Valencia,Tarragona,Spain,,39.470239,-0.376805,D654,,,,,,Diocesan,,Ramón Despont OP,,1289,1312,,Latin,,,,"Synodicon Hispanum, XII, 756-65","Perez de Heredia, Sinodos, 678-697",,,,,,,,"Library Scan
Hard Copy Scan",Yes,,Reviewed ,
0410,1339,1339,4,8,,,Barcelona,Barcelona,Tarragona,Spain,,41.383333,2.183333,D643,,,,,,Diocesan,,Ferrer de Abella,,1335,1344,,Latin,,,,"Synodicon Hispanum 13, 226-34","Bajet i Royo, Constituciones, 279-83",,,,,,,,"Library Scan
Hard Copy Scan",Yes,Abbreviated version in the Ruffach compilation does not include usury chapter,Reviewed ,
0411,1343,1343,,,,,Barcelona,Barcelona,Tarragona,Spain,,41.383333,2.183333,D643,,,,,,Other,Capitular constitutions,Ferrer de Abella,,1335,1344,,Latin,,,,"Martene, Thesaurus, IV, 623-624",,https://books.google.com/books?id=bjSeGwAACAAJ,,,ask Gavin,,,,GoogleBooks,,,Reviewed ,
0412,1269,1269,10,,,,Sens,Sens,Sens,France,,48.1975,3.2877,P070,,,,,,Provincial,,Pierre de Charny,,1267,1274,,Latin,,,,"Mansi 24, 3-8",,https://books.google.com/books?id=lOJVAAAAcAAJ,,,,,,,"GoogleBooks
Data Capture",,"**I suspect these are the inspiration for Usurarum Voraginem**

issued by Pierre de Charny † (1267 - agosto 1274); according to Frowein, Episkopat, 320
-brief bio sketch in Fasti, t. 11, pp117-19, where it notes that the date of his death varies from 8/16/21 August 1274; 

Charny as also 'camerier du pape' under Urban IV and Clement IV; from August 1262 to at least Oct 1267 he resided at the papal court and managed important financial transactions (Fasti, 11, 117)",Reviewed ,
0413,1388,1388,,,,,Murcia,Cartagena,[Holy See],Spain,[dependant on Holy See until 1492],37.986111,-1.130278,D665,,,,,,Diocesan,,Fernando de Pedrosa,,1383,1402,,Old Spanish,,,,"Synodicon Hispanum, XI, pp189-92","Sanz Sancho, Constituciones, 137-147",,,,,,,,"Library Scan
Hard Copy Scan",Yes,,Reviewed ,
0414,1323,1323,11,18,,,Murcia,Cartagena,[Holy See],Spain,[diocese dependant on Holy See until 1492],37.986111,-1.130278,D665,,,,,,Diocesan,,Juan Munoz Gomez de Hinojosa,,1311,1326,,Old Spanish,,,,"Synodicon Hispanum, XI, 118-133","Sanz Sancho, Constituciones, 69-82",,,,,,,,"Library Scan
Hard Copy Scan",Yes,,Reviewed ,
0415,1278,1278,10,26,,,Valencia,Valencia,Tarragona,Spain,,39.470239,-0.376805,D654,,,,,,Diocesan,,Jaspert de Botonac i de Castellnou,Jazperto de Botonach ,1276,1288,,Latin,,,,"Synodicon Hispanum, XII, 724-27","Perez de Heredia, Sinodos, 603-608",,,,,,,,"Library Scan
Hard Copy Scan",Yes,"-Puchades, Als ulls, 93, notes that none of the general councils of the Tarraconense celebrated between 1274 and 1330 contain constitutions against usury, which makes the inclusion of 3 canons against usury in the Valencia 1296 synod all the more striking (especially since nothing on usury was in 1278 and 1280 Valencia synods).",Reviewed ,
0416,1280,1280,10,22,,,Valencia,Valencia,Tarragona,Spain,,39.470239,-0.376805,D654,,,,,,Diocesan,,Jaspert de Botonac i de Castellnou,Jazperto de Botonach ,1276,1288,,Latin,,,,"Synodicon Hispanum, XII, 727-30","Perez de Heredia, Sinodos, 610-616",,,,,,,,"Library Scan
Hard Copy Scan",Yes,"-Puchades, Als ulls, 93, notes that none of the general councils of the Tarraconense celebrated between 1274 and 1330 contain constitutions against usury, which makes the inclusion of 3 canons against usury in the Valencia 1296 synod all the more striking (especially since nothing on usury was in 1278 and 1280 Valencia synods).",Reviewed ,
0417,1320,1320,,,,,Valencia,Valencia,Tarragona,Spain,,39.470239,-0.376805,D654,,,,,,Diocesan,,Ramón de Gastón,,1312,1348,,Latin,,,,"Synodicon Hispanum, XII, 765-69","Perez de Heredia, Sinodos, 698-716",,,,,,,,"Library Scan
Hard Copy Scan",Yes,,Reviewed ,
0418,1351,1351,10,21,,,Valencia,Valencia,Tarragona,Spain,,39.470239,-0.376805,D654,,,,,,Diocesan,,Hugo de Fenollet ,,1348,1356,,Latin,,,,"Synodicon Hispanum, XII, 776-80","Perez de Heredia, Sinodos, 717-725",,,,,,,,"Library Scan
Hard Copy Scan",Yes,,Reviewed ,
0419,1357,1357,,,,,Valencia,Valencia,Tarragona,Spain,,39.470239,-0.376805,D654,,,,,,Diocesan,,Vidal de Blanes ,,1356,1369,,Latin,,,,"Synodicon Hispanum, XII, 780-85","Perez de Heredia, Sinodos, 725-735",,,,,,,,"Library Scan
Hard Copy Scan",Yes,,Reviewed ,
0420,1368,1368,,,,,Valencia,Valencia,Tarragona,Spain,,39.470239,-0.376805,D654,,,,,,Diocesan,,Vidal de Blanes ,,1356,1369,,Latin,,,,"Synodicon Hispanum, XII, 785-801","Perez de Heredia, Sinodos, 735-772",,,,,,,,"Library Scan
Hard Copy Scan",Yes,,Reviewed ,
0421,1370,1370,1,24,,,Valencia,Valencia,Tarragona,Spain,,39.470239,-0.376805,D654,,,,,,Other,Canons complain that bishop convoked a synod without their approval,Jaume de Prades i de Foix,Jaime de Aragón,1369,1396,,Latin,,,,"Synodicon Hispanum, XII, 801-802","Perez de Heredia, Sinodos, 773-776",,,,,,,,"Library Scan
Hard Copy Scan",Yes,,Reviewed ,
0422,1385,1385,7,18,,10-18 July,Valencia,Valencia,Tarragona,Spain,,39.470239,-0.376805,D654,,,,,,Diocesan,Petitions submitted by clergy and confirmed by bishop,Jaume de Prades i de Foix,Jaime de Aragón,1369,1396,,Latin,,,,"Synodicon Hispanum, XII, 805-14","Perez de Heredia, Sinodos, 779-798",,,,,,,,"Library Scan
Hard Copy Scan",Yes,,Reviewed ,
0423,1400,1400,10,15,,12-15 October,Valencia,Valencia,Tarragona,Spain,,39.470239,-0.376805,D654,,,,,,Diocesan,,Hug de Llupià i Bages,,1397,1427,,Latin,,,,"Synodicon Hispanum, XII, 814-20","Perez de Heredia, Sinodos, 799-830",,,,,,,,"Library Scan
Hard Copy Scan",Yes,,Reviewed ,
0424,1432,1432,2,2,,,Valencia,Valencia,Tarragona,Spain,,39.470239,-0.376805,D654,,,,,,Diocesan,,Alfonso de Borja,,1429,1455,,Latin,,,,"Synodicon Hispanum, XII, 832-39","Perez de Heredia, Sinodos, 831-842",,,,,,,,"Library Scan
Hard Copy Scan",Yes,"issued by Alfonso de Borja, future Calixtus III

2.10: Denuo sanctorum patrum inherentes uestigiis, ut que in presenti sancta synodo definita et salubriter ordinata sunt, orthodoxis ciuitatis et diocesis Valentine sint nota, uniuersis et singulis curatis dicte ciuitatis et diocesis stricte precipiendo mandamus quatenus statuta que in presentia publicamus et publicari facimus per nostrum secretarium et scribam, unusquisque eorum habeat et recipiat, seu eorum copiam, infra uiginti dies sequentes, integre et complete. ",Reviewed ,
0425,1320,1320,4,13,,,Segorbe,Segorbe-Albarracín ,Zaragoza,Spain,,39.85,-0.483333,D613,,,,,,Diocesan,,Sancho Dull OCarm,,1319,1356,,Latin,,,,"Synodicon Hispanum 13, 398-412","Zunzunegui, Sinodos Diocesanos, pp149-160",,,,,,,,"Library Scan
Hard Copy Scan",Yes,,Reviewed ,
0426,1323,1323,10,18,,,Segorbe,Segorbe-Albarracín ,Zaragoza,Spain,,39.85,-0.483333,D613,,,,,,Diocesan,,Sancho Dull,,1319,1356,,Latin,,,,"Synodicon Hispanum 13, 412-418","Zunzunegui, Sinodos Diocesanos, pp160-165",,,,,,,,"Library Scan
Hard Copy Scan",Yes,,Reviewed ,
0427,1328,1328,,,,,Zaragoza,Zaragoza,Zaragoza,Spain,,41.65,-0.883333,D648,,,,,,Diocesan,,Pedro Lopez de Luna,,1317,1345,,Latin,,"Zaragoza, Biblioteca General Universitaria, MS 14, 8v-19r",,"Synodicon Hispanum 14, 373-396","Ochoa Martinez, Dos sinodos, 128-150",,,,CoSyn transcription from SH edition,,,,Hard Copy Scan,,,Reviewed ,
0428,1338,1338,,,,,Zaragoza,Zaragoza,Zaragoza,Spain,,41.65,-0.883333,D648,,,,,,Diocesan,,Pedro Lopez de Luna,,1317,1345,,Latin,,"Zaragoza, Biblioteca General Universitaria, MS 14, 34v-39v",,"Synodicon Hispanum 14, 396-405","Ochoa Martinez, Dos sinodos, 151-159",,,,CoSyn transcription from SH edition,,,,Hard Copy Scan,,,Reviewed ,
0429,1325,1325,3,10,,,Huesca,Huesca,Zaragoza,Spain,becomes part of Zaragoza province in 1318,42.133333,-0.416667,D650,,,,,,Diocesan,,Gaston de Moncada,,1324,1328,,Latin,,"Catedral de Jaca, Libro de la Cadena (=MS 1), fols 73r-79r",,"Synodicon Hispanum 14, 72-85","Zunzunegui, Sinodos diocesanos de Huesca, 333-345 ",,,,CoSyn transcription from SH edition,,,,,,,Reviewed ,
0431,1352,1352,3,19,,,Zaragoza,Zaragoza,Zaragoza,Spain,,41.65,-0.883333,D648,,,,,,Diocesan,,Lope Fernández de Luna,,1351,1382,,Latin,,"Zaragoza, Biblioteca General Universitaria, MS 14, 43v-50v",,"Synodicon Hispanum 14, 405-418","Ochoa Martinez, Sinodos, 320-332",,,,CoSyn transcription from SH edition,,,,Hard Copy Scan,,,Reviewed ,
0432,1357,1357,,,,,Teruel,Zaragoza,Zaragoza,Spain,,40.343611,-1.107222,D648,,,,,,Diocesan,,Lope Fernández de Luna,,1351,1382,,Latin,,"Zaragoza, Biblioteca General Universitaria, MS 14, 43v-50v",,"Synodicon Hispanum 14, 418-431","Ochoa Martinez, Sinodos, 333-345",,,,CoSyn transcription from SH edition,,,,,,,Reviewed ,
0433,1361,1361,,,,"internal dating gives 1361 but Ochoa Martinez considers this to be a later error and posits 1371 instead; that said, version of text in TM799 (Les Enluminures) gives 1361 as well, and SynHis follows suit",Zaragoza,Zaragoza,Zaragoza,Spain,,41.65,-0.883333,D648,,,,,,Diocesan,,Lope Fernández de Luna,,1351,1382,,Latin,,"Zaragoza, Biblioteca General Universitaria, MS 14, 43v-50v",,"Synodicon Hispanum 14, 432-442","Ochoa Martinez, Sinodos, 346-356",,,,CoSyn transcription from SH edition,,,,,,,Reviewed ,
0434,1377,1377,10,12,,,Zaragoza,Zaragoza,Zaragoza,Spain,,41.65,-0.883333,D648,,,,,,Diocesan,,Lope Fernández de Luna,,1351,1382,,Latin,,"Zaragoza, Biblioteca General Universitaria, MS 14, 43v-50v",,"Synodicon Hispanum 14, 442-456","Ochoa Martinez, Sinodos, 357-370",,,,CoSyn transcription from SH edition,,,,,,,Reviewed ,
0435,1342,1342,,,,,Zaragoza,Zaragoza,Zaragoza,Spain,,41.65,-0.883333,P093,,,,,,Provincial,,Pedro Lopez de Luna,,1317,1345,,Latin,,"Zaragoza, Biblioteca General Universitaria, MS 14, 8v-19r",,"Aznar Gil, 'Concilio Provincial de Zaragoza celebrado por Pedro López de Luna, 24 de abril de 1342', Escritos del Vedat 10 (1980) 77-95",,,,,CoSyn Transcription from Aznar Gil edition,,,,Hard Copy Scan,,"Provincial canons to be promulgated at local synods within six months: mandantes eisdem nostris suffraganeis et singulis quatinus in suis sinodis uel aliis infra sex menses a tempore presentationis et publicationis nostre huiusmodi in antea computandos uel citius, si fieri potest commode, uniuerso clero quilibet in sua diocesi easdem publicari ",Reviewed ,"Aznar Gil, Concilio provincial, 86-91"
0436,1315,1311x1316,,,Yes,"Morenzoni (L'encadrement, 8) gives 1311x1317; Pontal repertoire gives ""early 14th-c""; can probably be dated to 1316 or earlier (see Binz, Vie Religieuse, 164, n2)",Geneva,Geneva,Vienne,Switzerland,,46.2,6.15,D465,,,,,,Diocesan,,Pierre de Faucigny,,1311,1342,,Latin,,"Geneva, AE, MS hist 47, f°129r-f°131r",,,,,,,,,,,Digital MS,,,Reviewed ,
0437,1335,1317x1335,,,Yes,"Binz (Vie Religieuse, 172, n3)  suggests (hesitantly) 1335",Geneva,Geneva,Vienne,Switzerland,,46.2,6.15,D465,,,,,,Diocesan,,Pierre de Faucigny,,1311,1342,,Latin,,"Geneva, AE, MS hist 47, f°141v-143v",,,,,,,,,,,Digital MS,,,Reviewed ,
0438,1336,1336,5,13,,,Geneva,Geneva,Vienne,Switzerland,,46.2,6.15,D465,,,,,,Diocesan,,Pierre de Faucigny,,1311,1342,,Latin,,"Geneva, AE, MS hist 47, f°143v-145v",,,,,,,,,,,Digital MS,,,Reviewed ,
0439,1339,1339,,,,,Geneva,Geneva,Vienne,Switzerland,,46.2,6.15,D465,,,,,,Diocesan,,Pierre de Faucigny,,1311,1342,,Latin,,"Geneva, AE, MS hist 47, f°146r-149v",,,,,,,,,,,Digital MS,,,Reviewed ,
0440,1343,1343,11,11,,"Fleury ed gives 1336, erroneously",Geneva,Geneva,Vienne,Switzerland,,46.2,6.15,D465,,,,,,Diocesan,,Alamand de Saint-Jeoire,,1342,1366,,Latin,,"Geneva, AE, MS hist 47, f°150r-151r",,"Fleury, Histoire de l'Eglise de Geneve, I, 436-37 [partial edition]",,https://books.google.com/books?id=Ov8PAAAAYAAJ,,,CoSyn transcription from Geneva MS,,,,"GoogleBooks
Digital MS",,,Reviewed ,
0441,1360,1352x1366,,,Yes,,Geneva,Geneva,Vienne,Switzerland,,46.2,6.15,D465,,,,,,Diocesan,,Alamand de Saint-Jeoire,,1342,1366,,Latin,,"Geneva, AE, MS hist 47, f°154r-156v",,,,,,,,,,,Digital MS,,,Reviewed ,
0442,1381,1381,,,,,Geneva,Geneva,Vienne,Switzerland,,46.2,6.15,D465,,,,,,Diocesan,,Jean de Murol,,1378,1385,,Latin,,"Geneva, AE, MS hist 47, f°157v-159r",,"Morenzoni, L'encadrement, 32-37","partial edition in Fleury, HIstoire de l'Eglise de Geneve, I, 442-43",,https://books.google.com/books?id=Ov8PAAAAYAAJ,,CoSyn Transcription from Morenzoni edition,,,,"GoogleBooks
WebDownload
Digital MS",,,Reviewed ,
0443,1366,1366,,,,,Geneva,Geneva,Vienne,Switzerland,,46.2,6.15,D465,,,,,,Diocesan,,Guillaume de Marcossay,,1366,1377,,Latin,,"Geneva, AE, MS hist 47, f°159v-161v",,"Fleury, HIstoire de l'Eglise de Geneve, I, 438-40 [partial]",,https://books.google.com/books?id=Ov8PAAAAYAAJ,,,CoSyn transcription from Geneva MS,,,,"GoogleBooks
WebDownload
Digital MS",,,Reviewed ,
0447,1318,1318/1319,,,Yes,,Zaragoza,Zaragoza,Zaragoza,Spain,,41.65,-0.883333,P093,,,,,,Provincial,,Pedro Lopez de Luna,,1317,1345,,Latin,,"Zaragoza, Biblioteca General Universitaria, MS 14, 19r-34v",,"Federico Rafael Aznar Gil, unpublished dissertation, Universidad Pontifícia de
Salamanca (1980), pp231-97",,http://summa.upsa.es/details.vm?q=id:0000007967&lang=es&view=main,,,CoSyn transcription from Aznar Gil edition,,,,,Yes,,Reviewed ,
0448,1345,1343x1352,,,Yes,,Geneva,Geneva,Vienne,Switzerland,,46.2,6.15,D465,,,,,,Diocesan,,Alamand de Saint-Jeoire,,1342,1366,,Latin,,"Geneva, AE, MS hist 47, f°151r-152r",,"Fleury, Histoire de l'Eglise de Geneve, I, 437-38 [partial]",,https://books.google.com/books?id=Ov8PAAAAYAAJ,,,CoSyn transcription from Geneva MS,,,,"GoogleBooks
WebDownload
Digital MS",,,Reviewed ,
0449,1352,1352,,,,,Geneva,Geneva,Vienne,Switzerland,,46.2,6.15,D465,,,,,,Diocesan,,Alamand de Saint-Jeoire,,1342,1366,,Latin,,"Geneva, AE, MS hist 47, f°152r-153v",,"Fleury, Histoire de l'Eglise de Geneve, I, 437-38 [partial]",,https://books.google.com/books?id=Ov8PAAAAYAAJ,,,CoSyn transcription from Geneva MS,,,,"GoogleBooks
WebDownload
Digital MS",,,Reviewed ,
0450,1384,1384,,,,,Geneva,Geneva,Vienne,Switzerland,,46.2,6.15,D465,,,,,,Diocesan,,Jean de Murol,,1378,1385,,Latin,,"Geneva, AE, MS hist 47, f°156v-157v",,,,,,,,,,,Digital MS,,,Reviewed ,
0451,1306,1306,4,21,,,Barcelona,Barcelona,Tarragona,Spain,,41.383333,2.183333,D643,,,,,,Diocesan,,Ponç de Gualba,,1303,1334,,Latin,,"Barcelona, Arxiu Capitular, MS Constitutiones Tarragonenses, 200r-202r",,"Synodicon Hispanum 13, 186-191",,,,,CoSyn transcription from SH edition,,,,"Library Scan
Hard Copy Scan",Yes,,Reviewed ,
0452,1307,1307,,,,,Barcelona,Barcelona,Tarragona,Spain,,41.383333,2.183333,D643,,,,,,Diocesan,,Ponç de Gualba,,1303,1334,,Latin,,"Barcelona, Arxiu Capitular, MS Constitutiones Tarragonenses, 202r-204r",,"Synodicon Hispanum 13, 191-196",,,,,CoSyn transcription from SH edition,,,,"Library Scan
Hard Copy Scan",Yes,,Reviewed ,
0453,1319,1319,12,11,,,Barcelona,Barcelona,Tarragona,Spain,,41.383333,2.183333,D643,,,,,,Diocesan,,Ponç de Gualba,,1303,1334,,Latin,,"Barcelona, Arxiu Capitular, MS Constitutiones Tarragonenses, 213r-216r",,"Synodicon Hispanum 13, 205-210",,,,,CoSyn transcription from SH edition,,,,"Library Scan
Hard Copy Scan",Yes,,Reviewed ,
0454,1378,1378,,,,,Rochefort,Liège,Cologne,Belgium,"Rochefort was a deaconry, within the archdeaconery of Famenne",50.15,5.216667,D539,,,,,,Other,,,,,,,Latin,,,,"Brouette, Rochefort, 137-139",,,,,,,,,Hard Copy Scan,,presided over by an Archdeacon; written in a question-and-answer format; mostly concerned with specific points of liturgy,Reviewed ,
0456,1352,1352,,,,,Turku,Turku,Uppsala,Finland,Åbo (in Swedish),60.45,22.266667,D702,,,,,,Diocesan,,Hemming,Hemingius,1338,1366,,Latin,,,,"Sainio, Piispa Hemmingin synodaalistatuutit,  57-61","Diplomatarium Fennicum, no. 624; SDHK no 6313; Diplomatarium Suecanum, no. 4881 [=VI/1, 396-98]; ",,http://df.narc.fi/document/624,,,,,,"Library Scan
Hard Copy Scan",,,Reviewed ,
0457,1342,1340x1345,,,Yes,,Dol-de-Bretagne,Dol,Tours,France,,48.550833,-1.755833,D444,,,,,,Diocesan,,Henri du Bois,,1340,1350,,Latin,,"Rennes, BM, 118814 Réserve",,"Statuts synodaux du diocèse de Dol, revus et publiés par Mathurin de Pledran, évêque de Dol. Nannetensis: per Guillermum Tourquetil, 1509, §68-71",,http://www.tablettes-rennaises.fr/themes/rennes/static/flipbook/index.html?userid=0&docid=34287&language=fra,,"Survive in 1509 compilation 

",CoSyn transcription from 1509 edition,,,,Digital MS,,Inc. Item nos Henricus divina permissione Dolensis episcopus. Nonnullorum damnata carnis...,Reviewed ,
0458,1325,1324x1328,,,Yes,"Erroneously attributed to Guillaume de Brie (r. 1386-1390) in Pontal repertoire; correct identification from Guitton, Legislations episcopales",Dol-de-Bretagne,Dol,Tours,France,,48.550833,-1.755833,D444,,,,,,Diocesan,,Guillaume Méchin,,1386,1390,,Latin,,,,"Statuts synodaux du diocèse de Dol, revus et publiés par Mathurin de Pledran, évêque de Dol. Nannetensis: per Guillermum Tourquetil, 1509, fol. 2v-7v & 7v-14v",,http://www.tablettes-rennaises.fr/themes/rennes/static/flipbook/index.html?userid=0&docid=34287&language=fra,,Survive in 1509 compilation,,,,,Digital MS,,"First part (38 can.) is compilation of earlier statutes
Inc. Primo. Monemus omnes ecclesiarum rectores curam animarum habentes

Second part (28 can.) are new statutes issued by Bp Guillaume Mechin",Reviewed ,
0459,1375,1375,5,15,,,Genoa,Genoa,Genoa,Italy,,44.411111,8.932778,P031,,,,,,Provincial,,Andrea della Torre,,1368,1377,,Latin,,,,"Cambiaso, Sinodi, 59-87",,,,,,,,,Hard Copy Scan,Yes,,Reviewed ,
0460,1388,1388,8,26,,,Savona,Savona,Genoa,Italy,,44.3,8.483333,D212,,,,,,Diocesan,,Antonio de’ Viali,,,,,Latin,,,,"Pongiglione, Carte dell’archivio capitolare di Savona, BSSS 73 (1913): 177-189",,,,,,,,,Hard Copy Scan,,,Reviewed ,
0461,1314,1314 (ca.),,,Yes,"year is somewhat uncertain, according to Flachenecker",Würzburg,Würzburg,Mainz,Germany,,49.788,9.936,D561,,,,,,Diocesan,,,,,,,Latin,,,,"Himmelstein, Synodicon Herbipolense, 159-163",,https://books.google.com/books?id=Pq5mAAAAcAAJ,,,,,,,"GoogleBooks
Hard Copy Scan",Yes,part of c. 10 missing,Reviewed ,
0462,1329,1329,,,,,Würzburg,Würzburg,Mainz,Germany,,49.788,9.936,D561,,,,,,Diocesan,,Wolfram von Grumbach,,1323,1333,,Latin,,,,"Himmelstein, Synodicon Herbipolense, 163-206",,https://books.google.com/books?id=t8UCAAAAQAAJ,,"
",,,,,"GoogleBooks
Hard Copy Scan",Yes,,Reviewed ,
0463,1330,1330,,,,,Würzburg,Würzburg,Mainz,Germany,,49.788,9.936,D561,,,,,,Diocesan,,Wolfram Wolfskeel von Grumbach,,1323,1333,,Latin,,,,"Himmelstein, Synodicon Herbipolense, 206-209",,https://books.google.com/books?id=t8UCAAAAQAAJ,,"
",,,,,"GoogleBooks
Hard Copy Scan",Yes,,Reviewed ,
0464,1373,1373,,,,,Würzburg,Würzburg,Mainz,Germany,,49.788,9.936,D561,,,,,,Diocesan,,Gerhard von Schwarzburg,,1372,1400,,Latin,,,,"Himmelstein, Synodicon Herbipolense, 209-211",,https://books.google.com/books?id=Pq5mAAAAcAAJ,,,,,,,"GoogleBooks
Hard Copy Scan",Yes,,Reviewed ,
0465,1298,1298,7,3,,,Uppsala,Uppsala,Uppsala,Sweden,,59.833333,17.666667,D696,,,,,,Diocesan,,Nils Allesson,,1292,1305,,Latin,,,,SDHK-nr: 1798,"Diplomatarium Suecanum, no. 1240 [II, 267-68]",https://sok.riksarkivet.se/sdhk,https://books.google.com/books?id=lp_dvHv4FTkC,,,,,,Other,,,Reviewed ,
0466,1345,1339x1351,,,Yes,,Linköping,Linköping,Uppsala,Sweden,,58.4,15.616667,D699,,,,,,Diocesan,,Peter Torgilsson,,1339,1351,,Latin,,,,"Reuterdahl, Statuta synodalia, cap IX (pp43-50)",,https://books.google.com/books?id=WaZBAAAAYAAJ,,,,,,,"GoogleBooks
WebDownload",Yes,,Reviewed ,
0467,1368,1368 (ca.),9,27,,,Uppsala,Uppsala,Uppsala,Sweden,,59.833333,17.666667,P086,,,,,,Provincial,,Birger Gregersson,Birgerus,1367,1383,,Latin,,,,SDHK no 9344,"DS no 7777; Reuterdahl, Statuta synodalia, cap XI (pp50-53)
",https://sok.riksarkivet.se/sdhk,https://books.google.com/books?id=WaZBAAAAYAAJ,,,,,,"GoogleBooks
WebDownload",Yes,"Some suffragan bishops present, along with representatives of those absent who consented to archbishop's decisions",Reviewed ,
0468,1380,1374x1391,,,Yes,,Linköping,Linköping,Uppsala,Sweden,,58.4,15.616667,D699,,,,,,Diocesan,,Nils Hermansson,Nicolaus Hermannus,1374,1391,,Latin,,,,SDHK No. 10442,"Reuterdahl, Statuta synodalia, pp56-71 ",https://sok.riksarkivet.se/sdhk,https://books.google.com/books?id=WaZBAAAAYAAJ,,,,,,"GoogleBooks
WebDownload",Yes,,Reviewed ,
0469,1380,1380,9,11,,,Södertälje,Strängnäs,Uppsala,Sweden,previously known as Tälje,59.183333,17.666663,P086,,,,,,Provincial,,Birger Gregersson,Birgerus,1367,1383,,Latin,also survives in Swedish translation,,,"Reuterdahl, Statuta, cap 14 (pp89-91)","Diplomatarium Suecanum 10238; SDHK nr  11736; Gummerus, Synodalstatuter, 25-27 (Old Swedish version)",https://books.google.com/books?id=WaZBAAAAYAAJ,https://sok.riksarkivet.se/sdhk?SDHK=11736&postid=sdhk_11736,"
",Generate second record for Swedish translation,,,,"GoogleBooks
WebDownload",Yes,"Swedish translation by Bishop Nils of Skara (r. 1358-1386)
Attended by bishops of Linkoping, Skara, Strangnas, Vasteras, and Vaxjo as well as representatives of other suffragan bishops",Reviewed ,
0471,1310,1310,5,7,,Synod runs from March 29-April 3,Salzburg,Salzburg,Salzburg,Austria,,47.8025,13.045833,P067,,,,,,Provincial,,Konrad IV. von Fohnsdorf,,1291,1312,,Latin,,,,"Dalham, Concilia, 149-151","Mansi 25, 226-230",https://books.google.com/books?id=HmlNAAAAcAAJ,https://gallica.bnf.fr/ark:/12148/bpt6k516090/,Mansi edition omits c. 6 (as do others pre-Dalham),,,,,"GoogleBooks
Data Capture",,"survives in 47 MSS (Johanek, Synodalia, III, Anhang I)",Reviewed ,
0472,1287,1287 (ca.),,,Yes,"Johanek dates it to 1287, while Hauck dates it 1275-1280; dated 1274 in Mansi",Brixen,Brixen,Salzburg,Italy,now Bressanone,46.716667,11.65,P067,,,,,,Provincial,,Rudolf I. von Hoheneck,,1284,1290,,Latin,,,,"Mansi 24, col. 145-146",,,,,,,,,"GoogleBooks
Data Capture",,"survives in 1 MS (see Johanek, Synodalia, III, Anhang I)",Reviewed ,
0473,1296,1296 (ca.),,,Yes,,Brixen,Brixen,Salzburg,Italy,now Bressanone,46.716667,11.65,P067,,,,,,Provincial,,Landulph,,,,,Latin,,,,"Sinnacher, Beytraege, V, 193-202",,https://books.google.com/books?id=dNEAAAAAcAAJ,,,,,,,"GoogleBooks
WebDownload",,"survives in 1 MS (see Johanek, Synodalia, III, Anhang I)",Reviewed ,
0474,1313,1313,7,16,,,Patsch,Brixen,Salzburg,Italy,,47.204167,11.415278,P067,,,,,,Provincial,,Johann II.,,,,,Latin,,,,"Sinnacher, Beytraege, V, 202-204",,https://books.google.com/books?id=dNEAAAAAcAAJ,,,,,,,"GoogleBooks
WebDownload",,"survives in 4 MSS (see Johanek, Synodalia, III, Anhang I)",Reviewed ,
0475,1317,1317,11,17,,,Brixen,Brixen,Salzburg,Italy,now Bressanone,46.716667,11.65,P067,,,,,,Provincial,,Johann II.,,,,,Latin,,,,"Sinnacher, Beytraege, V, 204-207",,https://books.google.com/books?id=dNEAAAAAcAAJ,,,,,,,"GoogleBooks
WebDownload",,"survives in 4 MSS (see Johanek, Synodalia, III, Anhang I)",Reviewed ,
0477,1278,1278,4,7,,,Compiègne ,,Reims,France,,49.4149,2.823056,P061,,,,,,Provincial,,Pierre I Barbet,,1273,1298,,Latin,,,,"Gousset, APER II, 414-16","Mansi 24, 183-184",https://books.google.com/books?id=L9U-AAAAcAAJ,https://books.google.com/books?id=lOJVAAAAcAAJ,,,,,,WebDownload,Yes,,Reviewed ,
0478,1278,1278,8,23,,,Aurillac,,Bourges,France,,47.0844,2.3964,P015,,,,,,Provincial,,Guy de Sully,,1276,1280,,Latin,,,,"Mansi 24, col 209-212",,https://books.google.com/books?id=lOJVAAAAcAAJ,,,,,,,"GoogleBooks
Data Capture",,,Reviewed ,
0479,1281,1280x1282,,,Yes,,Passau,Passau,Salzburg,Germany,,48.566667,13.466667,D570,,,,,,Diocesan,,Wichard von Pohlheim,,1280,1282,,Latin,,"Sankt Florian XI 722, f 54v-61v",,"Schmid, Kirchliche Verordnung, 463-66",,,,,CoSyn transcription from Schmid edition,,,,"GoogleBooks
Hard Copy Scan",Yes,survives in at least 5 MSS ,Reviewed ,
0480,1293,1293,7,1,,,Passau,Passau,Salzburg,Germany,,48.566667,13.466667,D570,,,,,,Diocesan,,Bernhard von Prambach,Wernhardus,1285,1313,,Latin,,"Vienna, ONB, cod 633, fol 9v-10r","St Florian XI 722, fols. 61v-62r; ","Hansitz, Germaniae Sacrae, I, 442 (partial)",,http://data.onb.ac.at/rec/AL00174693 ,https://books.google.com/books?id=_GMNixvB9LcC,"Hansitz edition based on Vienna MS, but Skt Florian MS (though incomplete - missing section 'De Vigiliis') contains additional text not found in Vienna MS","CoSyn transcription from Hansitz edition, with additions from Skt Florian MS.",,,,"Digital MS
WebDownload",Yes,survives in 4 MSS (super short),Reviewed ,"Johanek, Synodalia, III, Anhang I"
0481,1294,1294,,,,,Sankt Pölten ,Passau,Salzburg,Germany,,48.2,15.625,D570,,,,,,Diocesan,,Bernhard von Prambach,Wernhardus,1285,1313,,Latin,,"Vienna, ONB, 633, fol 10r-11r","St Florian XI 722, fols. 62rv; ","Mansi 24, 1115-16","Hansitz, Germaniae Sacrae, I, 442-43",http://data.onb.ac.at/rec/AL00174693 ,https://books.google.com/books?id=lOJVAAAAcAAJ,Hansitz edition based on Vienna MS; Skt Florian MS incomplete,CoSyn Transcription from Mansi edition,,,,"Digital MS
WebDownload",,,Reviewed ,"Johanek, Synodalia, III, Anhang I"
0483,1298,1298,4,16,,"incorrectedly 1292 in all earlier editions; correct dating from Johanek, Synodalia, III, 21-22",Salzburg,Salzburg,Salzburg,Austria,,47.8025,13.045833,P067,,,,,,Provincial,,Konrad IV. von Fohnsdorf,,1291,1312,,Latin,,,,"Dalham, Concilia, 136-142",,https://books.google.com/books?id=HmlNAAAAcAAJ,,,,,,,"GoogleBooks
Data Capture",Yes,,Reviewed ,
0486,1330,1319x1343,,,Yes,,Salzburg,Salzburg,Salzburg,Austria,,47.8025,13.045833,D564,,,,,,Other,statutes issued by Archdeacon,,,,,,Latin,,"Munich, BSB, Clm 16066, fols 84r-85r","Vienna, ONB, CVP 566, f 95rv (fragmentary)",,,,,,,,,,Digital MS,,"Inc. Nos Chunradus, dei gratia prepositus et archidiaconus ecclesie Saltzburgensis in virtute obedientie...mandamus:...",Reviewed ,"Johanek, Synodaltaetigkeit, 41 n33"
0487,1267,1267,5,10,,,Vienna,,Salzburg,Austria,,48.208333,16.373056,P067,,,,,,Legatine,for province of Salzburg as well as diocese of Prague,Guido di San Lorenzo in Lucina,,,,,Latin,,"Munich, Clm 16066, fols 65r-68v (and others)",,"Dalham, Concilia, 105-111","MGH SS IX, 699ff; Mansi 23, 1167-1178; Hartzheim, Concilia, 3, 632-636",https://books.google.com/books?id=HmlNAAAAcAAJ,https://books.google.com/books?id=CSdPAAAAYAAJ,For MGH edition: https://www.dmgh.de/mgh_ss_9/index.htm#page/702/mode/1up,CoSyn transcription from Dalham  edition,,,,"GoogleBooks
Digital MS
Data Capture",Yes,"Cardinal-legate also visited Bremen, Magdeburg, and Gnesen in 1265-1268

Neither Clm 16066 nor Schannat edition (which is based on Vatican MS) nor MGH edition (based on Vienna, ONB, CVP 352 & 364) include passage on 'immoderate usury' found in Mansi edition (which is based on Binius edition, which is based on Canisius, who used Munich HSTA, Kl. Niederalteich Lit. 39; see Johanek, Synodalium, Bd. 3, 12-15); this seems to have been added to the text in 1274 reissue",Reviewed ,
0488,1309,1309,11,10,,,Bratislava,Esztergom,"Esztergom, Kalocsa, Gniezno",Slovakia,aka Poszony,48.143889,17.109722,P028,P032,P036,,,,Legatine,"Issued for Hungary, Poland,  ""ac partibus illi conterminis"" (i.e. Dalmatia and Croatia)",Gentile Partino da Montefiore,,,,,Latin,,,,"Peterffy, Sacra Concilia, 137-143","Codex diplomaticus majoris Poloniæ 2, 268-274, no. 929",https://books.google.com/books?id=WKQNr6vfMvgC,https://books.google.com/books?id=HaIBAAAAQAAJ,"
","Peterffy used for transcription, but CDMP edition probably better",,,,"GoogleBooks
Data Capture",,"Mentions earlier (now-lost) legatine statutes of 1301/1302, issued in Bratislava and Buda (see Krafl, Legatska statuta, 417)",Reviewed ,"Krafl, Polské provinciální synody, pp. 100-101."
0489,1308,1308,12,3,,"Issued December 3, 1308; published the following spring (from May 8 to July 14)",Buda,Buda,"Esztergom, Kalocsa",Hungary,,47.466667,19.05,P028,P036,,,,,Legatine,,Gentile Partino da Montefiore,,,,,Latin,,,,"Ipolyi, MVAT 1.2.268-297","Peterffy, Sacra Concilia, vol. 1, 144-160",https://archive.org/details/MonumentaVaticanaHistoriamRegniHungarie/page/n405,https://books.google.com/books?id=WKQNr6vfMvgC,,,,,,"GoogleBooks
Data Capture",,,Reviewed ,
0491,1295,1295,,,,"dating from Hauck, Kirchengeschichte Deutschlands, V.i. 146",Eichstätt ,Eichstätt ,Salzburg,Germany,,48.891944,11.183889,D552,,,,,,Diocesan,,Reimboto von Meilenhart,,1279,1297,,Latin,,,,"Suttner, Die Synodalstatuten, 62-79",,,,,,,,,Hard Copy Scan,,,Reviewed ,
0492,1354,1354,,,,,Eichstätt ,Eichstätt ,Salzburg,Germany,,48.891944,11.183889,D552,,,,,,Diocesan,,Berthold von Zollern,,1351,1365,,Latin,,,,"Suttner, “Versuch einer Conciliengeschichte"", in Pastoralblatt des Bisthums Eichstätt 1 (1854): 72, 74-76, 78-80, 85-88 (which form a part of his larger “Versuch einer Conciliengeschichte"" in that issue):",,https://books.google.com/books?id=mEBUAAAAcAAJ,,,,,,,"GoogleBooks
WebDownload",,,Reviewed ,
0497,1335,1335,5,29,,"dating from Ceccon, Sinodi diocesane, I, 49",Udine,Udine,Aquileia,Italy,Santa Maria in Castello,46.066667,13.233333,P005,,,,,,Provincial,,Bertrando di Saint-Genies,,1334,1350,,Latin,,,,"Marcuzzi, Sinodi aquileiesi, pp342-48","Tilatti, Protocolli di Gabriele da Cremona, 389-395,n. 252",,,"Survives in a notarial protocol from an episcopal notary (Gabriele da Cremona); also survives in a Como notarial cartulary (ASCo, Notarile, b. 117, fasc. 6, cc. 839r-988r, at fol. 970v); see Cannobbio, 'Quod cartularium', 147-148. I found another copy in Venice, ASV, Avogario di Comun, b. 3163, serie Misto (olim Miscellani codici, corda 184), ff. 1r-3r",,,,,"Library Scan
Hard Copy Scan",Yes,,Reviewed ,
0502,1297,1297 (?),,,Yes,"given that text includes ref to Lib 6, the dating should either be pushed a bit later OR it is simply an editorial insertion from a later copying (the latter being more likely)",Cremona,Cremona,Milan,Italy,,45.133333,10.033333,D086,,,,,,Diocesan,,Rainerio de Casole,Raynerius,1296,1312,,Latin,,,,"Synodus cremonensis (1604), 261-98",,https://books.google.com/books?id=jeSYbHKDKEIC,https://books.google.fr/books?id=hFkWtrNYtIMC,,,,,,"GoogleBooks
WebDownload",,,Reviewed ,
0506,1330,1326x1334,,,Yes,dated 1326x1334 since statute notes that Durand de Saint-Pourcain (formerly bishop of Le Puy) is now the bishop of Meaux; therefore probably issued by Bernard le Brun,Le Puy,Le Puy,Bourges,France,,45.0442,3.8858,D380,,,,,,Diocesan,,Bernard Bruni,Bernard V Le Brun,1327,1342,,Latin,,"Le Puy, Archives départementales Haute-Loire, G 781 n° 1-2, fol. 4v",,,,,,Preserved in later statutes of Bertrand de la Tour,Transcription by Christine Barralis,,,Yes,Digital MS,,,Reviewed ,
0507,1332,1332,6,12,,,Le Puy,Le Puy,Bourges,France,,45.0442,3.8858,D380,,,,,,Diocesan,"issued by official Petrus Jacobi, legum doctor",Bernard Bruni,Bernard V Le Brun,1327,1342,Yes,Latin,,"Le Puy, Archives départementales Haute-Loire, G 781 n° 1-2, fol. 1r",,,,,,,Transcription by Christine Barralis,,,,Digital MS,,,Reviewed ,
0508,1334,1334,5,20,,"misdated 1324 in MS
From Christine Barralis: ""Le texte donne comme date « vendredi 20 mai 1324 ». Cette date de 1324 doit être corrigée en 1334 car : ces statuts font référence aux statuts donnés par Petrus Jacobi quand il était official, pour lequel on connaît seulement une publication en 1332 ; Petrus Jacobi a été official du Puy de 1318 à 1333 [Henri Hours, Fasti Ecclesiae Gallicanae, t. 21 – Diocèse de Clermont, Turnhout, 2021, notice biographique CL123], donc la date de 1324 n’est donc pas compatible avec un usage du passé pour parler de sa charge d’official ; en 1324 le 20 mai ne tombe pas un vendredi, alors que c’est le cas en 1334.""",Le Puy,Le Puy,Bourges,France,,45.0442,3.8858,D380,,,,,,Diocesan,"issued by Bartholomaeus de Boschyero, official of Le Puy",Bernard Bruni,Bernard V Le Brun,1327,1342,Yes,Latin,,"Le Puy, Archives départementales Haute-Loire, G 781 n° 1-2, f. 1r-3r",,,,,,,"Transcription by Christine Barralis. Some parts of the MS are illegible, though UV light might help reveal them.",,,,Digital MS,,,Reviewed ,
0509,1350,1342x1361,,,Yes,,Le Puy,Le Puy,Bourges,France,,45.0442,3.8858,D380,,,,,,Diocesan,,Johannes,Jean,,,,Latin,,"Le Puy, Archives départementales Haute-Loire, G 781 n° 1-2, f. 3r",,,,,,,Transcription by Christine Barralis,,,,Digital MS,,"issued either by Jean de Champdorat (1342-1356) or Jean de Jourens (1357-1361)
",Reviewed ,
0511,1335,1335,,,,"An identical text is erroneously dated to 1435 at ff. 18v-20v of the printed edition, as noted in Pontal repertoire.",Reims,Reims,Reims,France,,49.26278,4.03472,D421,,,,,,Diocesan,Issued by Official of Reims,,,,,Yes,Latin,,,,"Incipiunt precepta synodalia secundum usum Remensem. [N.p.]: Pierre Boicel, [n.d.], fols. 67-69",,,,Reims BM CR I 235 P RES; also copy at BnF,,,,,Digital MS,,"Nearly identical to Reims 1328x1330, c. III.7",Reviewed ,
0512,1352,1352,,,,,Reims,Reims,Reims,France,,49.26278,4.03472,D421,,,,,,Other,Casus commissi decanis ruralibus in synodo,,,,,,Latin,,"Paris BnF lat 1598, fol. 55r-56r ","Vatican, BAV, Vat Lat 9868, f. 533v",,,,,"18th-c Maurist transcription in Vatican MS. In the Paris MS, these statutes present themselves as a continuation of the synodal of Reims of Guillaume de Trie, of which they form the 6th precept of the 14th locus.",Transcription by Christine Barralis from Paris MS,,,,Digital MS,,"Inc. Casus commissi... Sextum preceptum. Primo votorum...
Expl. sit coniugatus.",Reviewed ,
0514,1324,1324,6,7,,dated 1323 in Mansi,Troyes,Troyes,Sens,France,,48.297419,4.074263,D455,,,,,,Diocesan,,Jean de Cherchemont,,,,,Latin,,,,"Lalore, Ancienne et nouvelle discipline, 2, 162-66","Mansi 25, 647-50 (Sens 1320)",,https://gallica.bnf.fr/ark:/12148/bpt6k516090/,"The French vernacular translation of the statutes (found in Lalore edition) dates to the episcopate of Jean Léguisé (second quarter of 15th c.), as noted by E. Lusset (Revue de droit canonique, 2021); ",the translated passages found in Lalore have been omitted here.,,,,"GoogleBooks
Hard Copy Scan",,copied in toto from Council of Sens of 22 May 1320,Reviewed ,
0515,1320,1320,,,,Thursday after Pentecost,Sens,Sens,Sens,France,,48.1975,3.2877,P070,,,,,,Provincial,,Guillaume de Melun,,,1329,,Latin,,,,"Mansi 25, 647-650",,https://gallica.bnf.fr/ark:/12148/bpt6k516090/,,,,,,,"GoogleBooks
Data Capture",,,Reviewed ,
0516,1318,1318,10,2,,,Bonn,Cologne,Cologne,Germany,,50.733889,7.099722,D538,,,,,,Diocesan,,Heinrich von Virneburg,,1306,1332,,Latin,,"Münster, LAV NRW W St. Patrokli Soest, U. 104a",,"Wolter, Synodalstatuten, 245-255, no. 16","Die Urkunden des Kölnischen Westfalen, (Westfal. UB, 11), pt. 2, pp. 865-869, no 1501; Seibertz, UB Westfalen, II, no. 574; REK, nr. 1073, pp239-41 (summary)",,https://books.google.com/books?id=sqBNAAAAcAAJ,,,,,,Digital MS,,Strong punishments for inappropriate clerical attire,Reviewed ,"Lepper, Unbekannte, 339-56."
0517,1319,1319,2,26,,,Bonn,Cologne,Cologne,Germany,,50.733333,7.1,D538,,,,,,Diocesan,,Heinrich von Virneburg,,1306,1332,,Latin,,,,"Wolter, Synodalstatuten, 255-260, no. 17","Lepper, Unbekannte, 349-352",,,,,,,,"Digital MS
Hard Copy Scan",Yes,"Five of these articles are reissued at the October 1319 synod, two in expanded form",Reviewed ,
0519,1327,1327,10,2,,incorrectly dated 1326 in Hartzheim,Cologne,Cologne,Cologne,Germany,,50.94257,6.958976,D538,,,,,,Diocesan,,Heinrich von Virneburg,,1306,1332,,Latin,,,,"Wolter, Synodalstatuten, 312-315, no. 29","Hartzheim IV, 295-96; REK pp412-413 (nr 1697) (summary)",https://books.google.com/books?id=M99KAAAAcAAJ,,,,,,,"Digital MS
Data Capture",,,Reviewed ,"Lepper, Unbekannte, 339-56."
0520,1358,1358,10,2,,,Cologne,Cologne,Cologne,Germany,,50.94257,6.958976,D538,,,,,,Diocesan,,Wilhelm von Gennep,,1349,1362,,Latin,,"Aachen, Stadtarchiv, Hs. K Regulierherren Nr. 9 (olim Hs. 66), fols 40v-41r","Paris BnF lat 12102, ff. 32a-33a","Wolter, Synodalstatuten, 530-531, no. 106","REK VI, nr. 1124 (p316) (summary)",,,,,,,,Digital MS,,"As noted in Lepper (p344) this is separate from the two other texts (issued on same day)
Reissued October 2, 1365 (Wolter, Synodalstatuten, no. 121)",Reviewed ,"Lepper, Unbekannte, 339-56."
0522,1371,1371,9,20,,,Cologne,Cologne,Cologne,Germany,,50.94257,6.958976,D538,,,,,,Diocesan,,Friedrich von Saarwerden,,1370,1414,,Latin,,,,"Wolter, Synodalstatuten, 586-588, no. 133","Hartzheim IV, 496-497",,,,,,,,"Digital MS
Data Capture",,,Reviewed ,"Lepper, Unbekannte, 339-56."
0526,1336,1336,4,27,,,Florence,Florence,[Holy See],Italy,,43.771667,11.253611,D096,,,,,,Diocesan,,Francesco di Silvestro da Cingoli,,1323,1341,,Latin,,,,"Guasti & Gherardi, I Capitoli del comune di Firenze II (Florence, 1893), pp49-50","San Luigi, Etruria Sacra, I, pp36-37",,"https://books.google.com/books?id=L2a8xBZbTtsC
",,,,,,"GoogleBooks
Hard Copy Scan",Yes,"

",Reviewed ,
0527,1351,1342x1352,,,Yes,"Trexler suggests that Acciauoli gathered together older constitutions in the 1340s and issued them as an edition sometime between 1342x1352 (see his Death and Testament, 32 n4)",Florence,Florence,[Holy See],Italy,,43.771667,11.253611,D096,,,,,,Diocesan,,Angelo de Acciaiuoli,,1342,1355,,Latin,,,,"Mansi 26, coll 23-74","San Luigi, Etruria Sacra, I, pp43-52",https://books.google.com/books?id=zuJVAAAAcAAJ,https://books.google.com/books?id=L2a8xBZbTtsC,,,,,,"GoogleBooks
Data Capture",,"-incipit: In Christi nomine amen. Nos Frater Angelus Dei & Apostolice Sedis gratia Episcopus Florentinus; provide obviare volentes fraudibus malignorum…

A slightly shorter version was approved by Bp Ricasoli in 1372 constitutions (see Trexler, Synodal Law, 176)",Reviewed ,
0529,1320,1320,,,,,Grosseto,Grosseto,[Holy See],Italy,"suffragan of Rome until 1459, when it became a suffragan of newly-elevated Siena",42.772222,11.108889,D109,,,,,,Diocesan,,Restauro,,1306,1328,,Latin,,,,"Italia Sacra, 3, 2nd ed (1718), col. 664-666",,https://books.google.com/books?id=j6dcgJcOSzEC,,,,,,,"GoogleBooks
Data Capture",,,Reviewed ,
0530,1308,1308,4,10,,,Acqui,Acqui,Milan,Italy,now Acqui Terme; diocese suffragan of Turin only as of 16th-c,44.676111,8.468611,D018,,,,,,Diocesan,,Ottone,,,,,Latin,,,,"Johannes Baptista Moriondus, Monumenta Aquensia. Vol. 2. Turin 1790, coll 52-70.",,https://books.google.com/books?id=yu4-AAAAcAAJ,,Latin preface is likely a later addition; text is fragmentary in certain parts,,,,Yes,"GoogleBooks
Data Capture",,,Reviewed ,
0531,1296,1296,,,,,Grado,Grado,Grado,Italy,,45.677778,13.394722,P033,,,,,,Provincial,,Egidio da Ferrara,,1296,1311,,Latin,,,,"Cappelletti, Storia della chiesa, VI, 110-21","Italia Sacra, ed. Ughelli t. 5, 2nd ed (1720), col. 1139-1146",https://books.google.com/books?id=9SVLAAAAcAAJ,https://books.google.com/books?id=JWBv55mlf5kC,,"original transcription from Ughelli, then corrected against better text in Cappelletti",,,,"GoogleBooks
WebDownload",,,Reviewed ,
0532,1374,1374,,,,,Torcello,Torcello,Grado,Italy,,45.5,12.416667,D235,,,,,,Diocesan,,Tommaso da Frignano,,1372,1381,,Latin,,,,"Italia Sacra, ed. Ughelli, t. 5, 2nd ed (1720), col. 1402-1406","Cappelletti, Storia della chiesa, VI, 158-165",https://books.google.com/books?id=JWBv55mlf5kC,https://books.google.com/books?id=9SVLAAAAcAAJ,Vuillemin is working on a new edition,,,,,"GoogleBooks
Data Capture",,,Reviewed ,
0533,1296,1296,,,,,Torcello,Torcello,Grado,Italy,,45.5,12.416667,D235,,,,,,Diocesan,,Airone,,1290,1303,,Latin,,,,"Mansi 24, coll 1163-1172",,,,,,,,,"GoogleBooks
Data Capture",,promulgated constitutions of council at Grado (unless this is one and the same),Reviewed ,
0536,1312,1312 (ca.),,,Yes,date uncertain; given by editor,Vescovio,Sabina,Rome,Italy, fraz. Torri in Sabina; suburban diocese of Rome,42.35,12.633333,D202,,,,,,Diocesan, issued by Antonio de Palma,Arnaud de Falguières,Arnaud de Faugères,1310,1317,Yes,Latin,,"Vatican, Vat. Ottob. Lat. 818, fols. 1 (26) – 45 (70) ",,"Antiquiores synodi ecclesiae Sabinensis, 221-261",,,https://books.google.com/books?id=DDDAxsEZI2AC,"Text appears as the appendix to Constitutiones synodales Sabinae (1737), pp219-98",CoSyn Transcription from 1737 edition,,,,"GoogleBooks
Data Capture",,"Text is almost identical to Carcassonne ca. 1270 (Record ID 0162); editorial changes would be worth exploring further

Arnaud de Falguières had previously been Archbishop of Arles and was born near Toulouse, which might explain the use of Carcassonne as a model.",Reviewed ,"Petrucci, ""Vescovi e cura d'anime"", 459-63"
0537,1342,1342,3,2,,date given as 1341 in edition,Vescovio,Sabina,Rome,Italy, fraz. Torri in Sabina; suburban diocese of Rome,42.35,12.633333,D202,,,,,,Diocesan,"issued by Lupo Sancti de Angulas, vicar general",Pietro Gomez de Barros,,,,Yes,Latin,,"Vat. Ottob. Lat. 818, fols. 29r (=54r) – 34v (=59v)",,"Antiquiores synodi ecclesiae Sabinensis, 262-274",,,https://books.google.com/books?id=DDDAxsEZI2AC,"Text appears as the appendix to Constitutiones synodales Sabinae (1737), pp219-98",CoSyn Transcription from 1737 edition,,,,"GoogleBooks
Data Capture",,,Reviewed ,"Petrucci, ""Vescovi e cura d'anime"", 459-63"
0538,1352,1348x1355,,,Yes,"date uncertain, given by editor",Vescovio,Sabina,Rome,Italy, fraz. Torri in Sabina; suburban diocese of Rome,42.35,12.633333,D202,,,,,,Diocesan,"issued by Nicola Neri, bishop of Orte and vicar general of Sabina",Bertrando di Deux,,1348,1355,Yes,Latin,,"Vat. Ottob. Lat. 818, fols. 1 (26) – 45 (70) ",,"Antiquiores synodi ecclesiae Sabinensis, 275-292",,,https://books.google.com/books?id=DDDAxsEZI2AC,"Text appears as the appendix to Constitutiones synodales Sabinae (1737), pp219-98",CoSyn Transcription from 1737 edition,,,,"GoogleBooks
Data Capture",,,Reviewed ,"Petrucci, ""Vescovi e cura d'anime"", 459-63"
0539,1297,1297,,,,,Piacenza,Piacenza,Ravenna,Italy,,45.05,9.7,D184,,,,,,Diocesan,,Alberigo Visconti,,1295,1301,,Latin,,,,"Statuta varia civitatis Placentiae, pp527-34",,https://books.google.com/books?id=u5dNAAAAcAAJ,,,,,,,"GoogleBooks
WebDownload",Yes,,Reviewed ,
0540,1337,1337,,,Yes,,Piacenza,Piacenza,Ravenna,Italy,,45.05,9.7,D184,,,,,,Diocesan,,Bernardo Cario,,1323,1338 (?),,Latin,,,,"Statuta varia civitatis Placentiae, pp535-55",,https://books.google.com/books?id=u5dNAAAAcAAJ,,,,,,,"GoogleBooks
WebDownload",Yes,,Reviewed ,
0541,1297,1297,,,,,Pavia,Pavia,[Holy See],Italy,,45.183333,9.15,D179,,,,,,Diocesan,,Guido IV Langosco,,1295,1311,,Latin,,,,"Concilia Papiensia, pp141-165","Sanctae Ticinensis ecclesiae constitutiones et decreta ante annum MCCCCIII per nonnullos sanctissimos dictae ecclesiae antistites aedita. Pavia: Carolus Porrus, 1652.",https://books.google.com/books?id=LBtpAAAAcAAJ,,,,,,,WebDownload,,,Reviewed ,
0542,1318,1318,,,,dated incorrectly to 1317 in edition,Pavia,Pavia,[Holy See],Italy,,45.183333,9.15,D179,,,,,,Diocesan,Tacconi was patriarch of Antioch and apostolic administrator of Pavian episcopate ,Isnardo Tacconi,,1311,1320,,Latin,,,,"Concilia Papiensia, pp166-175","Sanctae Ticinensis ecclesiae constitutiones et decreta ante annum MCCCCIII per nonnullos sanctissimos dictae ecclesiae antistites aedita. Pavia: Carolus Porrus, 1652, pp 17-23",https://books.google.com/books?id=LBtpAAAAcAAJ,,,,,,,WebDownload,,,Reviewed ,
0543,1338,1338,,,,,Pavia,Pavia,[Holy See],Italy,,45.183333,9.15,D179,,,,,,Diocesan,,Giovanni IV Fulgosi,,1328,1342,,Latin,,,,"Concilia Papiensia, pp176-197",,https://books.google.com/books?id=LBtpAAAAcAAJ,,,,,,,WebDownload,,,Reviewed ,
0545,1321,1321,,,,,Faenza,Faenza,Ravenna,Italy,,44.283333,11.883333,D088,,,,,,Diocesan,,Ugolino dei Minori,,1311,1336,,Latin,,,,"Tonducci, Historie di Faenza, 393","Mittarelli, Accessiones historicae Faventinae, 545-46",https://books.google.com/books?id=nbHTXzPnyE4C,,,,,Yes,,WebDownload,,"-prior to 16th-c, synods are known for 29 Sept 1312, 1321, and 1335

partial transcription of one constitution in Tonducci: Volentes insuper Constitutionem B. M. Domini Rainaldi olim Archiepiscopi Ravennae executioni debitae mandare, iniungimus omnibus Clericis Nobis subiectis, quatenus celebrare studeant festa Sanctorum Archiepiscoporum Ravennae qui fuerunt a Columba electi etc.
Insuper festa Patronorum Ecclesiarum Suffraganearum Sanctae Ravennatis Ecclesiae suis diebus, ut sequitur.
Ravennae S. Ursicini Martiris die 13. Decembris. S. Prosperi Regii die 25. Novembris. S. Geminiani Mutinae die ultima Ianuarii. S. Petronii Bononiae die 4. Octobris. S. Cassiani Imolae, et Comacli die 13. Augusti. S. Mercurialis Forolivii die ultima Aprilis. S. Ruffili Foropopil. die 18. Iulii. S. Vicini Sarsenat. die 28. Augusti. S. Georgii Ferrariae die 24. Aprilis. S. Iulii Arimini die 21. Iunii.

Another partial passage survives in Mittarelli: Beatorum Confessorum Emiliani pontificis, et <Te>Rentii Levitae in civitate et burgis, ad quorum corpora veneranda in suis propriis ecclesiis residentia Dominus cotidie miranda dignatur ostendere ... Sanctorum archiepiscoporum Ravennae, et Sanctorum Titularium ecclesiarum suffraganearum metropolitae ecclesie Ravennatis.",Reviewed ,"Sinodi di Faenza (Mazzotti), pp20-22"
0546,1292,1292,3,10,,,Peel,Sodor,[Holy See],[Scotland],"diocese also known as ""The Isles'; see Cheney, Manx Synodal Statutes, pt 1
actually a Possession of the Crown; not part of either England, Scotland or the UK",54.221,-4.691,D312,,,,,,Diocesan,,Marcus de Galloway,Mark,1275,1303,,Latin,,,,"Records of Convocation, vol. 1: Sodor and Man, 30-51",,,,,,,,,"Library Scan
Hard Copy Scan",,,Reviewed ,"see Cheney, Manx Synodal Statutes, pt 1"
0547,1351,1351,2,23,,dated 1350 in Wilkins,Peel,Sodor,[Holy See],[Scotland],"diocese also known as ""The Isles'; see Cheney, Manx Synodal Statutes, pt 1
actually a Possession of the Crown; not part of either England, Scotland or the UK",54.221,-4.691,D312,,,,,,Diocesan,,William Russell,,,,,Latin,,,,"Records of Convocation, vol. 1: Sodor and Man, 53-59","Wilkins, III, 10-12; Cheney, ""Manx Synodal Statutes"", vii 86-89",,,,,,,,"Library Scan
Hard Copy Scan",,additions to earlier constitutions,Reviewed ,"see Cheney, Manx Synodal Statutes, pt 1"
0548,1329,1329,,,,Wilkins/Mansi dates these to 1328,London,London,Canterbury,England,held at St Paul's Cathedral,51.513611,-0.098056,P020,,,,,,Provincial,,Simon Mepeham,Simon Meopham,1328,1333,,Latin,,,,"Records of Convocation, vol. 3: Canterbury, pp110-114","Wilkins II, 552-54 ; Mansi 25, col 828-836; ",,,,,,,,"Library Scan
Hard Copy Scan",,,Reviewed ,
0549,1341,1341,,,,,London,,Canterbury,England,"Location from Forrest, English Provincial Constitutions, 48",51.507222,-0.1275,P020,,,,,,Provincial,,John de Stratford,,1333,1348,,Latin,,,,"Records of Convocation, vol. 3: Canterbury, pp173-179",,,,,,,,,"Library Scan
Hard Copy Scan",,,Reviewed ,
0550,1362,1361/1362,11,16,Yes,day known but year uncertain,Canterbury,Canterbury,Canterbury,England,,51.275,1.087,P020,,,,,,Provincial,,Simon Islip,,1349,1366,,Latin,,,,"Records of Convocation, vol. 3: Canterbury, pp294-95","Wilkins, III, 50-51",,,,,,,,"Library Scan
Hard Copy Scan",,,Reviewed ,
0551,1364,1364x1367,,,Yes,given as 1367 in Wilkins,York,York,York,England,,53.958333,-1.080278,P091,,,,,,Provincial,,John of Thoresby,,1353,1373,,Latin,,,,"Records of Convocation, vol. 13: York, 153-162","Wilkins III, 68-73",,,,,,,,"Library Scan
Hard Copy Scan",,constitutions of York provincial councils of 1364-1367 ,Reviewed ,
0552,1327,1324x1327,,,Yes,"for dating, see Gwynn, ""Provincial and diocesan decrees,"" 35-36",Kilkenny,Ossory,Dublin,Ireland,,52.6525,-7.256944,D530,,,,,,Diocesan,,Richard de Ledrede,,1317,1360,,Latin,,,,"Records of Convocation, vol. 16, pp142-146",,,,,,,,,"Library Scan
Hard Copy Scan",,,Reviewed ,
0556,1276,1276,,,,,Durham,Durham,York,England,,54.7761,-1.5733,D301,,,,,,Diocesan,,Robert of Holy Island,,1274,1283,,Latin,,,,"Powicke & Cheney II, 817-820",,,,,,,,,Data Capture,,,Reviewed ,
0557,1292,1292,,,,,Chichester,Chichester,Canterbury,England,,50.83652,-0.77918,D306,,,,,,Diocesan,,Gilbert of St. Leofard,,1288,1305,,Latin,,,,"Powicke & Cheney, II, 1115-1118",Mansi 24 col 1098-1100,,https://books.google.com/books?id=lOJVAAAAcAAJ,,,,,,Data Capture,,,Reviewed ,
0559,1230,1220x1240,,,Yes,"mid-13th-c, likely 1220s or 1230s acc. Watt",Aberdeen,Aberdeen,[Holy See],Scotland,,57.1526,-2.11,D317,,,,,,Diocesan,,,,,,,Latin,,,,"Concilia Scotiae, II, pp30-43","Statutes of the Scottish Church, pp30-45 (translation)",https://books.google.com/books?id=4CBBAQAAIAAJ,,survives in MS begun in 1380s,[given as cc. 56-86 in edition],,,,"GoogleBooks
Data Capture",,heavy borrowing from Salisbury 1217x1219 (at least twelve canons are largely dependent on the earlier text),Reviewed ,"Watt, Church Councils, 58-60"
0560,1230,1230x1240,,,Yes,13th-c; dating unclear but likely 1230s acc. Watt,[St Andrews],St Andrews,[Holy See],Scotland,origin/nature unknown,56.3404,-2.7955,R005,,,,,,Provincial,"possibly diocesan, for unknown diocese",,,,,,Latin,,,,"Concilia Scotiae, II, pp44-52","Statutes of the Scottish Church, pp46-56 (translation)",https://books.google.com/books?id=4CBBAQAAIAAJ,,,[given as cc. 87-108 in edition],,,,"GoogleBooks
Data Capture",,,Reviewed ,"Watt, Church Councils, 63-65"
0561,1242,1242,5,5,,,St Andrews,St Andrews,[Holy See],Scotland,,56.3404,-2.7955,D329,,,,,,Other,issued for archdeaconry of Lothian,David de Bernham,,1239,1253,,Latin,,,,"Concilia Scotiae, II, pp53-63","Statutes of the Scottish Church, pp57-67(translation)",https://books.google.com/books?id=4CBBAQAAIAAJ,,,[given as cc. 109-139 in edition],,,,"GoogleBooks
Data Capture",,"constitutions of David, Bishop of St Andrews; inspired in part by now-lost constitutions issued by legate Otto da Tonengo in 1239",Reviewed ,
0562,1390,1386x1401,,,Yes,"certainly 14th-c; ""highly likely"" (acc. Watts, Church Councils, 130) that they were issued by Walter Trayl",St Andrews,St Andrews,[Holy See],Scotland,,56.3404,-2.7955,D329,,,,,,Diocesan,,Walter Trayl,Walter Trail,1386,1401,,Latin,,,,"Concilia Scotiae, II, pp64-72","Statutes of the Scottish Church, pp68-76(translation)",https://books.google.com/books?id=4CBBAQAAIAAJ,,,[given as cc. 140-63 in edition],,,,"GoogleBooks
Data Capture",,"These build on synodal statutes of 1242, but also include much derived from edicts of the provincial council",Reviewed ,"Watts, Church Councils, 130-31"
0564,1305,1298x1305,,,Yes,"For dating, see Ceccon, Sinodi, 68-69",Verona,Verona,Aquileia,Italy,,45.433333,10.983333,D260,,,,,,Diocesan,,Tebaldo III Fabri OSA,,1298,1331,,Latin,,"Verona, Bibl. Capitolare, Codex 789 (ant. 793),62r-93v",,"Rossi, Linee dell'episcopato di Tebaldo vescovo di Verona, Appendix (pp. 224-302)","Bellotti, Costituzioni, Appendix VI, 62-64 (rubrics only)",,,"survives only in bad copy by Adamo Fumano in the 16th-c
-in MS, constitutions of Pietro della Scala are given in extenso in ff. 62r-93v; those of Tebaldo III are only partially transcribed (first 20 const. are given in full; therefore only the incipit is given, with a reference to the corresponding statute entry of Pietro della Scala); more than 80 statutes are shared between them",CoSyn transcription from Rossi edition,,,,Other,Yes,,Reviewed ,
0565,1377,1377,11,6,,,Regensburg,Regensburg,Salzburg,Germany,,49.016667,12.083333,D571,,,,,,Diocesan,,Konrad IV,,,,,Latin,,,,"Lipf, Oberhirtliche Verordnungen, pp2-15",,https://books.google.com/books?id=xEJYAAAAcAAJ,,,,,,,"GoogleBooks
WebDownload",,"largely repeating material from earlier 14th-c statutes
Constitutions are issued in part because priests are too poor or ignorant to have books: ""Verum cum nonnulli clericorum propter paupertatem, alii propter ignorantiam, quidam propter carentiam librorum sacerdotibus ad sciendum necessaria investigare non poterunt [...]. aliquas breves constitutiones sub certis titulis vobis praesentialiter tradimus.""",Reviewed ,
0567,1355,1355,5,,,,Mainz,Mainz,Mainz,Germany,,49.98,8.2791,D549,,,,,,Diocesan,,,,,,,Latin,,,,"Vigener, Synodalstatuten, pp306-324",,https://books.google.com/books?id=mMgoAAAAYAAJ,,,,,,,"GoogleBooks
WebDownload",,,Reviewed ,
0568,1355,1355,9,,,,Mainz,Mainz,Mainz,Germany,,49.98,8.2791,D549,,,,,,Diocesan,,,,,,,Latin,,,,"Vigener, Synodalstatuten, pp324-328",,https://books.google.com/books?id=mMgoAAAAYAAJ,,,,,,,"GoogleBooks
WebDownload",,,Reviewed ,
0569,1356,1356,8,,,,Mainz,Mainz,Mainz,Germany,,49.98,8.2791,D549,,,,,,Diocesan,,,,,,,Latin,,,,"Vigener, Synodalstatuten, pp328-332",,https://books.google.com/books?id=mMgoAAAAYAAJ,,,,,,,"GoogleBooks
WebDownload",,,Reviewed ,
0570,1290,1278x1317,,,Yes,,Skara,Skara,Uppsala,Sweden,,58.383333,13.433333,D700,,,,,,Diocesan,,Brynolf I Algotsson,,1278,1317,,Latin,,,,"Gummerus, Synodalstatuter, pp61-65",,https://books.google.com/books?id=kt8vAQAAMAAJ,,,,,,,"GoogleBooks
WebDownload",Yes,"-as noted by Gummerus, Synodalstatuter, pp17 & 61ff, show strong influence of those of Eudes de Sully (Kroon, Prastmotet, 33), seemingly via statutes of Corbie and Meaux;
-Brynolf had spent at least 18 years in Paris before his election as bishop",Reviewed ,
0571,1300,1300x1350,,,Yes,"survive in 14th-c copy (first half, acc. catalogue), but with dating unclear",Strängnäs,Strängnäs,Uppsala,Sweden,,59.366667,17.033333,D698,,,,,,Diocesan,,,,,,,Latin,,"Uppsala, UB, C 2 fols. 3r-5v",,"Kroon, Prastmotet, 156-168","Gummerus, Synodalstatuter, s. 87-93 [incomplete; stops midway through fol. 5r of Uppsala MS]",,https://books.google.com/books?id=kt8vAQAAMAAJ,"MS breaks off suddenly (but is longer than the incomplete MS used by Gummerus)

",CoSyn Transcription from Kroon edition,,,Yes,"GoogleBooks
Digital MS
Hard Copy Scan",,"seem influenced by Eudes via Liege 1287; see cc. 53, 54, 60, 62 , 65

For Catalogue entry, see http://www.manuscripta-mediaevalia.de/hs/katalogseiten/HSK0506a_b0027_jpg.htm

",Reviewed ,
0572,1304,1304,4,17,,,Bergamo,Bergamo,Milan,Italy,,45.7,9.666667,D035,,,,,,Diocesan,,Giovanni da Scanzo,,1295,1309,,Latin,,,,"Finazzi, Sinodo, 19-29",,https://books.google.com/books?id=AcpoAAAAcAAJ,,,,,,,WebDownload,Yes,,Reviewed ,
0573,1392,1392,,,,,Messina,Messina,Messina,Italy,,38.183333,15.55,D271,,,,,,Diocesan,,Filippo Crispo,,1392,1402,,Latin,,,,"Savagnone, Concili, Appendix, i-vii",,,,,,,,,"Library Scan
Hard Copy Scan",,no known synods thereafter until 1553 ,Reviewed ,
0574,1324,1324,8,17,,,Mondoñedo,Mondoñedo,Santiago,Spain,,43.428056,-7.362778,D620,,,,,,Diocesan,,Gonzalo II,,,,,Old Spanish,,,,"Synodicon Hispanum, 1, 16-18",,,,,,,,,"Library Scan
Hard Copy Scan",Yes,,Reviewed ,
0575,1351,1351,6,23,,,Mondoñedo,Mondoñedo,Santiago,Spain,,43.428056,-7.362778,D620,,,,,,Diocesan,,Alfonso Sánchez,,,,,Old Spanish,,,,"Synodicon Hispanum, 1, 18-20",,,,,,,,,"Library Scan
Hard Copy Scan",Yes,,Reviewed ,
0576,1379,1379,8,18,,,Mondoñedo,Mondoñedo,Santiago,Spain,,43.428056,-7.362778,D620,,,,,,Diocesan,,Francisco,,,,,Old Spanish,,,,"Synodicon Hispanum, 1, 20-21",,,,,,,,,"Library Scan
Hard Copy Scan",Yes,,Reviewed ,
0577,1395,1395,8,18,,,Mondoñedo,Mondoñedo,Santiago,Spain,,43.428056,-7.362778,D620,,,,,,Diocesan,,Lope de Mendoza,,,,,Old Spanish,,,,"Synodicon Hispanum, 1, 21-25",,,,,,,,,"Library Scan
Hard Copy Scan",Yes,,Reviewed ,
0579,1340,1340,4,,,,Orense,Orense,Santiago,Spain,,42.336389,-7.863333,D621,,,,,,Diocesan,,Vaso Pérez Mariño,,,,,Old Spanish,,,,"Synodicon Hispanum, 1, 96-98",,,,,,,,,"Library Scan
Hard Copy Scan",Yes,,Reviewed ,
0580,1363,1363,3,22,,,Orense,Orense,Santiago,Spain,,42.336389,-7.863333,D621,,,,,,Diocesan,,Francisco Afonso,,,,,Old Spanish,,,,"Synodicon Hispanum, 1, 98-99",,,,,,,,,"Library Scan
Hard Copy Scan",Yes,,Reviewed ,
0581,1385,1385,3,22,,,Orense,Orense,Santiago,Spain,,42.336389,-7.863333,D621,,,,,,Diocesan,,Pascual García,,,,,Old Spanish,,,,"Synodicon Hispanum, 1, 99-100",,,,,,,,,"Library Scan
Hard Copy Scan",Yes,,Reviewed ,
0582,1391,1391,3,11,,,Orense,Orense,Santiago,Spain,,42.336389,-7.863333,D621,,,,,,Diocesan,,Diego de Anaya,,1390,1392,,Old Spanish,,,,"Synodicon Hispanum, 1, 100-102",,,,,,,,,"Library Scan
Hard Copy Scan",Yes,,Reviewed ,
0583,1394,1394,4,9,,,Orense,Orense,Braga,Spain,"The suffragan status of Orense in this year is unclear; it had previously been a suffragan of Santiago, but by 1395 it was a suffragan of Braga",42.336389,-7.863333,D621,,,,,,Diocesan,issued by Alvaro Diiz & Ares Fernández (episcopal vicars),Pedro Diáz,,,,Yes,Old Portuguese,"(more precisely, Old Galician)",,,"Synodicon Hispanum, 1, 103-104",,,,,,,,,"Library Scan
Hard Copy Scan",Yes,,Reviewed ,
0584,1229,1229,7,15,,,Santiago,Santiago,Santiago,Spain,,42.880447,-8.546303,D628,,,,,,Diocesan,,Bernardo II,,1224,1237,,Latin,,,,"Synodicon Hispanum, 1, 263-266",,,,,,,,,"Library Scan
Hard Copy Scan",Yes,,Reviewed ,
0585,1260,1259 (?) x 1267,,,Yes,,Santiago,Santiago,Santiago,Spain,,42.880447,-8.546303,D628,,,,,,Diocesan,,Juan Arias,,1238,1266,,Latin,,,,"Synodicon Hispanum, 1, 266-268",,,,,,,,,"Library Scan
Hard Copy Scan",Yes,,Reviewed ,
0586,1289,1289,8,17,,,Santiago,Santiago,Santiago,Spain,,42.880447,-8.546303,D628,,,,,,Diocesan,,Rodrigo González de León,,1286,1304,,Latin,,,,"Synodicon Hispanum, 1, 272-280",,,,,,,,,"Library Scan
Hard Copy Scan",Yes,,Reviewed ,
0587,1309,1309,5,27,,,Santiago,Santiago,Santiago,Spain,,42.880447,-8.546303,D628,,,,,,Diocesan,,Rodrigo de Padrón,,1307,1316,,Latin,,,,"Synodicon Hispanum, 1, 280-290",,,,,,,,,"Library Scan
Hard Copy Scan",Yes,,Reviewed ,
0588,1313,1313,9,3,,,Santiago,Santiago,Santiago,Spain,,42.880447,-8.546303,D628,,,,,,Diocesan,,Rodrigo de Padrón,,1307,1316,,Latin,,,,"Synodicon Hispanum, 1, 292-295",,,,,,,,,"Library Scan
Hard Copy Scan",Yes,,Reviewed ,
0589,1320,1320,11,11,,,Santiago,Santiago,Santiago,Spain,,42.880447,-8.546303,D628,,,,,,Diocesan,,Berengario de Landora,,1317,1330,,Latin,,,,"Synodicon Hispanum, 1, 296-307",,,,,,,,,"Library Scan
Hard Copy Scan",Yes,,Reviewed ,
0590,1328,1328,,,,,Santiago,Santiago,Santiago,Spain,,42.880447,-8.546303,D628,,,,,,Diocesan,,Berengario de Landora,,1317,1330,,Latin,,,,"Synodicon Hispanum, 1, 307-308",,,,,,,,,"Library Scan
Hard Copy Scan",Yes,,Reviewed ,
0591,1337,1337,11,13,,,Santiago,Santiago,Santiago,Spain,,42.880447,-8.546303,D628,,,,,,Diocesan,,Juan Fernández de Lima,,1330,1338,,Latin,,,,"Synodicon Hispanum, 1, 308-311",,,,,,,,,"Library Scan
Hard Copy Scan",Yes,,Reviewed ,
0592,1390,1390,7,23,,,Santiago,Santiago,Santiago,Spain,,42.880447,-8.546303,D628,,,,,,Diocesan,,Juan García Manrique,,1383,1388,,Old Portuguese,"(more precisely, Old Galician)",,,"Synodicon Hispanum, 1, 313-314",,,,,,,,,"Library Scan
Hard Copy Scan",Yes,,Reviewed ,
0593,1281,1281,12,5,,,Braga,Braga,Braga,Portugal,,41.544167,-8.421944,D617,,,,,,Diocesan,,Frei Telo OFM,,1278,1292,,Latin,,,,"Synodicon Hispanum, 2, 10-26",,,,,,,,,"Library Scan
Hard Copy Scan",Yes,,Reviewed ,
0594,1285,1285 (ca.),,,Yes,,Braga,Braga,Braga,Portugal,,41.544167,-8.421944,D617,,,,,,Diocesan,,Frei Telo OFM,,1278,1292,,Latin,,,,"Synodicon Hispanum, 2, 26-29",,,,,,,,,"Library Scan
Hard Copy Scan",Yes,,Reviewed ,
0595,1286,1286 (ca.),,,Yes,,Braga,Braga,Braga,Portugal,,41.544167,-8.421944,D617,,,,,,Diocesan,,Frei Telo OFM,,1278,1292,,Latin,,,,"Synodicon Hispanum, 2, 30-31",,,,,,,,Yes,"Library Scan
Hard Copy Scan",Yes,,Reviewed ,
0596,1301,1301,9,7,,,Braga,Braga,Braga,Portugal,,41.544167,-8.421944,D617,,,,,,Diocesan,,Martinho Pires de Oliveria,,1295,1313,,Latin,,,,"Synodicon Hispanum, 2, 32-38",,,,,,,,,"Library Scan
Hard Copy Scan",Yes,,Reviewed ,
0597,1326,1326,8,17,,,Braga,Braga,Braga,Portugal,,41.544167,-8.421944,D617,,,,,,Diocesan,,Gonçalo Pereira,,1326,1348,,Latin,,,,"Synodicon Hispanum, 2, 39-44",,,,,,,,,"Library Scan
Hard Copy Scan",Yes,,Reviewed ,
0598,1333,1333,9,6,,,Braga,Braga,Braga,Portugal,,41.544167,-8.421944,D617,,,,,,Diocesan,,Gonçalo Pereira,,1326,1348,,Old Portuguese,,,,"Synodicon Hispanum, 2, 47-53",,,,,,,,,"Library Scan
Hard Copy Scan",Yes,,Reviewed ,
0599,1374,1374,10,11,,,Braga,Braga,Braga,Portugal,,41.544167,-8.421944,D617,,,,,,Diocesan,,Lourenço Vicente,,1374,1397,,Latin,,,,"Synodicon Hispanum, 2, 54-57",,,,,,,,,"Library Scan
Hard Copy Scan",Yes,survives in later document of 1395,Reviewed ,
0600,1344,1344,7,1,,,Evora,Evora,Santiago,Portugal,suffragan of Braga from 1166-1274; to Santiago from 1274-1394; to Lisbon from 1394-1544,38.570833,-7.905556,D639,,,,,,Diocesan,,Martinho Afonso,,,,,Latin,,,,"Synodicon Hispanum, 2, 204-209",,,,,,,,,"Library Scan
Hard Copy Scan",Yes,,Reviewed ,
0601,1372,1372,1,6,,,Evora,Evora,Santiago,Portugal,suffragan of Braga from 1166-1274; to Santiago from 1274-1394; to Lisbon from 1394-1544,38.570833,-7.905556,D639,,,,,,Diocesan,,Martinho III,,,,,Old Portuguese,,,,"Synodicon Hispanum, 2, 211-213",,,,,,,,,"Library Scan
Hard Copy Scan",Yes,,Reviewed ,
0602,1378,1378,7,2,,,Evora,Evora,Santiago,Portugal,suffragan of Braga from 1166-1274; to Santiago from 1274-1394; to Lisbon from 1394-1544,38.570833,-7.905556,D639,,,,,,Diocesan,,Martinho III,,,,,Latin,,,,"Synodicon Hispanum, 2, 213-215",,,,,,,,,"Library Scan
Hard Copy Scan",Yes,,Reviewed ,
0603,1240,1240 (ca.),,,Yes,,Lisbon,Lisbon,Braga,Portugal,,38.713811,-9.139386,D638,,,,,,Diocesan,,João Rol ,,1239,1241,,Latin,,,,"Synodicon Hispanum, 2, 285-297",,,,,,,,,"Library Scan
Hard Copy Scan",Yes,,Reviewed ,
0604,1248,1248,8,,,,Lisbon,Lisbon,Braga,Portugal,,38.713811,-9.139386,D638,,,,,,Diocesan,,Aires Vasques,,1241,1248,,Latin,,,,"Synodicon Hispanum, 2, 297-300",,,,,,,,,"Library Scan
Hard Copy Scan",Yes,,Reviewed ,
0605,1264,1264,3,26,,,Lisbon,Lisbon,Braga,Portugal,,38.713811,-9.139386,D638,,,,,,Diocesan,,Mateus,,1259,1282,,Latin,,,,"Synodicon Hispanum, 2, 300-302",,,,,,,,,"Library Scan
Hard Copy Scan",Yes,,Reviewed ,
0606,1268,1268,,,,,Lisbon,Lisbon,Braga,Portugal,,38.713811,-9.139386,D638,,,,,,Diocesan,,Mateus,,1259,1282,,Latin,,,,"Synodicon Hispanum, 2, 302-303",,,,,,,,,"Library Scan
Hard Copy Scan",Yes,,Reviewed ,
0607,1271,1271,12,1,,,Lisbon,Lisbon,Braga,Portugal,,38.713811,-9.139386,D638,,,,,,Diocesan,,Mateus,,1259,1282,,Latin,,,,"Synodicon Hispanum, 2, 303-304",,,,,,,,,"Library Scan
Hard Copy Scan",Yes,,Reviewed ,
0608,1307,1307,1,27,,,Lisbon,Lisbon,Braga,Portugal,,38.713811,-9.139386,D638,,,,,,Diocesan,,João Martins de Soalhães,,1294,1312,,Latin,,,,"Synodicon Hispanum, 2, 304-314",,,,,,,,,"Library Scan
Hard Copy Scan",Yes,,Reviewed ,
0609,1263,1261x1265,,,Yes,,Porto,Porto,Braga,Portugal,,41.162142,-8.621953,D623,,,,,,Diocesan,,Vicente Mendes,,1261,1265,,Latin,,,,"Synodicon Hispanum, 2, 344-346",,,,,,,,,"Library Scan
Hard Copy Scan",Yes,,Reviewed ,
0610,1360,1360,11,20,,,Porto,Porto,Braga,Portugal,,41.162142,-8.621953,D623,,,,,,Diocesan,,Afonso Pires,,,,,Latin,,,,"Synodicon Hispanum, 2, 348-349",,,,,,,,,"Library Scan
Hard Copy Scan",Yes,,Reviewed ,
0612,1267,1262/1267,,,Yes, 27 Oct 1262 or 27 May 1267,León,León,Santiago,Spain,,42.605556,-5.57,D661,,,,,,Diocesan,,Martin Fernández,,1254,1289,,Old Spanish,Rubrics in Latin,,,"Synodicon Hispanum, III, pp232-253",,,,,,,,,"Library Scan
Hard Copy Scan",Yes,,Reviewed ,
0613,1288,1288,9,24,,,León,León,Santiago,Spain,,42.605556,-5.57,D661,,,,,,Diocesan,,Martin Fernández,,1254,1289,,Old Spanish,Rubrics in Latin,,,"Synodicon Hispanum, III, pp253-260",,,,,,,,,"Library Scan
Hard Copy Scan",Yes,,Reviewed ,
0614,1303,1303,4,22,,,León,León,Santiago,Spain,,42.605556,-5.57,D661,,,,,,Diocesan,,Gonzalo Osorio,,1301,1313,,Old Spanish,Rubrics in Latin,,,"Synodicon Hispanum, III, pp260-281",,,,,,,,,"Library Scan
Hard Copy Scan",Yes,,Reviewed ,
0615,1306,1306,9,25,,,León,León,Santiago,Spain,,42.605556,-5.57,D661,,,,,,Diocesan,,Gonzalo Osorio,,1301,1313,,Old Spanish,,,,"Synodicon Hispanum, III, pp282-286",,,,,,,,,"Library Scan
Hard Copy Scan",Yes,,Reviewed ,
0616,1318,1318,11,28,,,León,León,Santiago,Spain,,42.605556,-5.57,D661,,,,,,Diocesan,,García de Ayerve,,1317,1332,,Old Spanish,First Rubric in Latin,,,"Synodicon Hispanum, III, pp287-290",,,,,,,,,"Library Scan
Hard Copy Scan",Yes,,Reviewed ,
0617,1319,1319,11,9,,,León,León,Santiago,Spain,,42.605556,-5.57,D661,,,,,,Diocesan,,García de Ayerve,,1317,1332,,Old Spanish,,,,"Synodicon Hispanum, III, pp291",,,,,,,,,"Library Scan
Hard Copy Scan",Yes,,Reviewed ,
0618,1377,1377,12,19,,,Oviedo,Oviedo,[Holy See],Spain,declared exempt from metropolitan jurisdiction in 1105; not made suffragan to Santiago until 1851,43.36,-5.845,D662,,,,,,Diocesan,,Gutierre Gómez de Toledo,,1377,1389,,Old Spanish,,,,"Synodicon Hispanum, III, pp394-413",,,,,,,,,"Library Scan
Hard Copy Scan",Yes,,Reviewed ,
0619,1378,1378,5,1,,,Oviedo,Oviedo,[Holy See],Spain,declared exempt from metropolitan jurisdiction in 1105; not made suffragan to Santiago until 1851,43.36,-5.845,D662,,,,,,Diocesan,,Gutierre Gómez de Toledo,,1377,1389,,Old Spanish,,,,"Synodicon Hispanum, III, pp413-415",,,,,,,,,"Library Scan
Hard Copy Scan",Yes,,Reviewed ,
0620,1379,1379,5,1,,,Oviedo,Oviedo,[Holy See],Spain,declared exempt from metropolitan jurisdiction in 1105; not made suffragan to Santiago until 1851,43.36,-5.845,D662,,,,,,Diocesan,,Gutierre Gómez de Toledo,,1377,1389,,Old Spanish,,,,"Synodicon Hispanum, III, pp415-418",,,,,,,,,"Library Scan
Hard Copy Scan",Yes,,Reviewed ,
0621,1380,1380,2,21,,,Valencia de Don Juan,Oviedo,[Holy See],Spain,diocese declared exempt from metropolitan jurisdiction in 1105; not made suffragan to Santiago until 1851,42.3,-5.516667,D662,,,,,,Other,Constitutions for Archdeaconate of Valencia de Don Juan,Gutierre Gómez de Toledo,,1377,1389,,Old Spanish,,,,"Synodicon Hispanum, III, pp418-428",,,,,,,,,"Library Scan
Hard Copy Scan",Yes,,Reviewed ,
0622,1381,1381,9,20,,,Valencia de Don Juan,Oviedo,[Holy See],Spain,diocese declared exempt from metropolitan jurisdiction in 1105; not made suffragan to Santiago until 1851,42.3,-5.516667,D662,,,,,,Other,Constitutions for Archdeaconate of Benavente,Gutierre Gómez de Toledo,,1377,1389,,Old Spanish,,,,"Synodicon Hispanum, III, pp422-28",,,,,,,,,"Library Scan
Hard Copy Scan",Yes,,Reviewed ,
0623,1382,1382,12,1,,,Oviedo,Oviedo,[Holy See],Spain,declared exempt from metropolitan jurisdiction in 1105; not made suffragan to Santiago until 1851,43.36,-5.845,D662,,,,,,Diocesan,,Gutierre Gómez de Toledo,,1377,1389,,Old Spanish,,,,"Synodicon Hispanum, III, pp437-449",,,,,,,,,"Library Scan
Hard Copy Scan",Yes,,Reviewed ,
0624,1384,1384,5,2,,,Oviedo,Oviedo,[Holy See],Spain,declared exempt from metropolitan jurisdiction in 1105; not made suffragan to Santiago until 1851,43.36,-5.845,D662,,,,,,Diocesan,,Gutierre Gómez de Toledo,,1377,1389,,Old Spanish,,,,"Synodicon Hispanum, III, pp449-50",,,,,,,,,"Library Scan
Hard Copy Scan",Yes,,Reviewed ,
0625,1396,1396,1,30,,,Salamanca,Salamanca,Santiago,Spain,,40.961612,-5.667607,D630,,,,,,Diocesan,,Diego de Anaya y Maldonado,,1392,1407,,Old Spanish,,,,"Synodicon Hispanum, IV, pp23-48",,,,,,,,,"Library Scan
Hard Copy Scan",Yes,,Reviewed ,
0626,1255,1255 (ca.),,,Yes,,Toro,Zamora,Santiago,Spain,,41.525556,-5.391111,D626,,,,,,Diocesan,,Suero Pérez,,1255,1286,,Latin,,,,"Synodicon Hispanum, IV, pp431-33",,,,,,,,,"Library Scan
Hard Copy Scan",Yes,,Reviewed ,
0627,1255,1255 (ca.),3,22,Yes,,Badajoz,Badajoz,Seville,Spain,,38.878889,-6.966944,D635,,,,,,Diocesan,,Pedro Pérez,,1255,1264,,Old Spanish,,,,"Synodicon Hispanum, V, pp9-14",,,,,,,,,"Library Scan
Hard Copy Scan",Yes,,Reviewed ,
0628,1384,1384,7,4,,,Bonilla,Avila,Santiago,Spain,,40.530278,-5.264444,D629,,,,,,Compilation (Diocesan),,Diego de los Roeles,,1378,1394,,Old Spanish,,,,"Synodicon Hispanum, VI, pp10-37",,,,,,,,,"Library Scan
Hard Copy Scan",Yes,,Reviewed ,
0629,1216,1216 (ca.),,,Yes,,Segovia,Segovia,Toledo,Spain,,40.95,-4.166667,D610,,,,,,Diocesan,,Giraldo,Gerardo,1211,1224,,Latin,,,,"Synodicon Hispanum, VI, pp246-259",,,,,,,,,"Library Scan
Hard Copy Scan",Yes,,Reviewed ,
0630,1325,1325,3,8,,,Segovia,Segovia,Toledo,Spain,,40.95,-4.166667,D610,,,,,,Compilation (Diocesan),LIber synodalis,Pedro de Cuéllar,,1324,1350,,Old Spanish,,,,"Synodicon Hispanum, VI, pp260-380",,,,,,,,,"Library Scan
Hard Copy Scan",Yes,"Libro sinodal, constituciones y declaraciones",Reviewed ,
0631,1323,1323,8,19,,,Burgos,Burgos,Zaragoza,Spain,Zaragoza elevated to metropolitanate in 1318,42.35,-3.7,D660,,,,,,Other,Capitular Constitution,"Gonzalo de Hinojosa,",,,,,Old Spanish,,,,"Synodicon Hispanum, VII, pp14-16",,,,,,,,,"Library Scan
Hard Copy Scan",Yes,,Reviewed ,
0632,1359,1359,5,6,,,Burgos,Burgos,Zaragoza,Spain,Zaragoza elevated to metropolitanate in 1318,42.35,-3.7,D660,,,,,,Diocesan,,Juan Sánchez de las Roelas,,,,,Old Spanish,,,,"Synodicon Hispanum, VII, pp16-26",,,,,,,,,"Library Scan
Hard Copy Scan",Yes,,Reviewed ,
0633,1344,1344,12,14,,,Palencia,Palencia,Toledo,Spain,,42.016667,-4.533333,D608,,,,,,Diocesan,issued by vicars Pedro Martínez & Juan Pérez de Villaquirán,Blas Fernández de Toledo,,1343,1353,Yes,Latin,With additions in Old Spanish,,,"Synodicon Hispanum, VII, pp352-355",,,,,,,,,"Library Scan
Hard Copy Scan",Yes,,Reviewed ,
0634,1345,1345,12,15,,,Palencia,Palencia,Toledo,Spain,,42.016667,-4.533333,D608,,,,,,Diocesan,,Blas Fernández de Toledo,,1343,1353,,Latin,,,,"Synodicon Hispanum, VII, pp356-77","San Martin, Sinodos diocesanos",,,,,,,,"Library Scan
Hard Copy Scan",Yes,Corresponding text in Old Spanish,Reviewed ,
0635,1346,1346,5,6,,2-6 May,Palencia,Palencia,Toledo,Spain,,42.016667,-4.533333,D608,,,,,,Diocesan,"issued by Pedro Martínez and Juan Pérez de Villaquirán, vicarios",Blas Fernández de Toledo,,1343,1353,Yes,Old Spanish,,,,"Synodicon Hispanum, VII, pp377-386","San Martin, Sinodos diocesanos, 158-166",,,,,,,,"Library Scan
Hard Copy Scan",Yes,,Reviewed ,
0637,1351,1351,5,3,,,Palencia,Palencia,Toledo,Spain,,42.016667,-4.533333,D608,,,,,,Diocesan,Issued by vicar Domingo Fernández,Blas Fernández de Toledo,,1343,1353,Yes,Latin,,,,"Synodicon Hispanum, VII, pp389-391","San Martin, Sinodos diocesanos, 170-172",,,,,,,,"Library Scan
Hard Copy Scan",Yes,With old Spanish translation,Reviewed ,
0638,1390,1390/1391,,,Yes,1390 & 2 May 1391; appears to contain material from earlier in his episcopal tenure,Palencia,Palencia,Toledo,Spain,,42.016667,-4.533333,D608,,,,,,Diocesan,,Juan de Castromocho,,1382,1396,,Old Spanish,,,,"Synodicon Hispanum, VII, pp392-401",,,,,,,,,"Library Scan
Hard Copy Scan",Yes,,Reviewed ,
0640,1240,1240,4,22,,,Logroño,Calahorra y La Calzada,Tarragona,Spain,,42.465,-2.445556,D652,,,,,,Diocesan,,Aznar López de Cadreita,,1238,1263,,Old Spanish,,,,"Synodicon Hispanum, VIII, pp10-18",,,,,,,,,"Library Scan
Hard Copy Scan",Yes,,Reviewed ,
0641,1256,1256,2,18,,,Logroño,Calahorra y La Calzada,Tarragona,Spain,,42.465,-2.445556,D652,,,,,,Diocesan,,Aznar López de Cadreita,,1238,1263,,Old Spanish,,,,"Synodicon Hispanum, VIII, pp18-25",,,,,,,,,"Library Scan
Hard Copy Scan",Yes,,Reviewed ,
0642,1297,1297,,,,,Logroño,Calahorra y La Calzada,Tarragona,Spain,,42.465,-2.445556,D652,,,,,,Diocesan,,Juan Almoravid,,1287,1300,,Old Spanish,,,,"Synodicon Hispanum, VIII, pp25-30",,,,,,,,,"Library Scan
Hard Copy Scan",Yes,,Reviewed ,
0643,1324,1324,4,4,,,Logroño,Calahorra y La Calzada,Zaragoza,Spain,suffragan of Zaragoza as of 1318,42.465,-2.445556,D652,,,,,,Diocesan,,Miguel Romero de Yanguas,,1311,1325,,Old Spanish,First section in Latin,,,"Synodicon Hispanum, VIII, pp31-38",,,,,,,,,"Library Scan
Hard Copy Scan",Yes,,Reviewed ,
0644,1354,1354,9,14,,,Pamplona,Pamplona,Zaragoza,Spain,suffragan of Zaragoza as of 1318,42.818333,-1.644167,D649,,,,,,Diocesan,,Arnalt de Barbazán,,1318,1355,,Old Spanish,some passages in Latin,,,"Synodicon Hispanum, VIII, pp378-398",,,,,first four cc. edited in Pamplona 1499,,,Yes,"Library Scan
Hard Copy Scan",Yes,,Reviewed ,
0645,1373,1373,3,8,,,Pamplona,Pamplona,Zaragoza,Spain,suffragan of Zaragoza as of 1318,42.818333,-1.644167,D649,,,,,,Diocesan,,Bernart de Folcaut,,,,,Latin,,,,"Synodicon Hispanum, VIII, pp399-401",,,,,,,,,"Library Scan
Hard Copy Scan",Yes,,Reviewed ,
0646,1364,1364,2,11,,,Pareja,Cuenca,Toledo,Spain,,40.5575,-2.648333,D612,,,,,,Diocesan,,Bernal Zafón,,,,,Latin,sections in Old Spanish,,,"Synodicon Hispanum, X, 15-39",,,,,,,,,"Library Scan
Hard Copy Scan",Yes,,Reviewed ,
0647,1399,1399,4,8,,7-8 April,Cuenca,Cuenca,Toledo,Spain,,40.066667,-2.15,D612,,,,,,Diocesan,,Juan Cabeza de Vaca,,1396,1407,,Latin,sections in Old Spanish,,,"Synodicon Hispanum, X, 39-99",,,,,,,,,"Library Scan
Hard Copy Scan",Yes,,Reviewed ,
0648,1291,1291,3,4,,,Alcalá de Henares,Toledo,Toledo,Spain,,40.466667,-3.366667,D607,,,,,,Diocesan,,Gonzalo García Gudiel,,,,,Latin,second article in Old Spanish,,,"Synodicon Hispanum, X, 528-529","Sanchez Herrero, Concilios, Appendix I, p365-66",,,,,,,,"Library Scan
Hard Copy Scan",Yes,,Reviewed ,
0649,1325,1325,11,11,,,Alcalá de Henares,Toledo,Toledo,Spain,,40.466667,-3.366667,D607,,,,,,Diocesan,,Juan de Aragón,,,,,Latin,,,,"Synodicon Hispanum, X, 545-547","Sanchez Herrero, Concilios y sinodos Toledanos,189-90",,,,,,,,"Library Scan
Hard Copy Scan",Yes,,Reviewed ,
0650,1336,"1330, 1332, 1336",8,2,,"contains material from 1330 & 1332, acc. Sanchez Herrero, Concilios, 197",Alcalá de Henares,Toledo,Toledo,Spain,,40.466667,-3.366667,D607,,,,,,Compilation (Diocesan),,Jimeno de Luna,,1328,1337,,Latin,,,,"Synodicon Hispanum, X, 549-553","Sanchez Herrero, Concilios, 197-200",,,,,,,,"Library Scan
Hard Copy Scan",Yes,,Reviewed ,
0651,1347,1347,,,,,Alcalá de Henares,Toledo,Toledo,Spain,,40.466667,-3.366667,D607,,,,,,Diocesan,,Gil Álvarez de Albornoz,Egidio d'Albornoz,1338,1350,,Latin,,,,"Synodicon Hispanum, X, 561-562",,,,,,,,,"Library Scan
Hard Copy Scan",Yes,,Reviewed ,
0652,1354,1354,5,9,,,Alcalá de Henares,Toledo,Toledo,Spain,,40.466667,-3.366667,D607,,,,,,Diocesan,,Blas Fernández de Toledo,,1353,1360,,Latin,,,,"Synodicon Hispanum, X, 562-565","Sanchez Herrero, Concilios y sinodos Toledanos, 217-19",,,,,,,,"Library Scan
Hard Copy Scan",Yes,,Reviewed ,
0653,1356,1356,5,3,,,Alcalá de Henares,Toledo,Toledo,Spain,,40.466667,-3.366667,D607,,,,,,Compilation (Diocesan),LIber synodalis,Blas Fernández de Toledo,,1353,1360,,Latin,,,,"Synodicon Hispanum, X, 565-586",,,,,,,,,"Library Scan
Hard Copy Scan",Yes,"new constitutions are nos. 12, 18, 19, 20, and 21",Reviewed ,
0654,1372,1372,6,8,,,Alcalá de Henares,Toledo,Toledo,Spain,,40.466667,-3.366667,D607,,,,,,Diocesan,,Gómez Manrique,,1362,1375,,Latin,,,,"Synodicon Hispanum, X, 586-589",,,,,,,,,"Library Scan
Hard Copy Scan",Yes,,Reviewed ,
0655,1379,1379,5,,,,Alcalá de Henares,Toledo,Toledo,Spain,,40.466667,-3.366667,D607,,,,,,Diocesan,,Pedro Tenorio,,1377,1399,,Latin,c. 32 in Old Spanish,,,"Synodicon Hispanum, X, 589-628",,,,,,,,,"Library Scan
Hard Copy Scan",Yes,,Reviewed ,
0656,1323,1323,5,25,,,Toledo,Toledo,Toledo,Spain,,39.856667,-4.024444,D607,,,,,,Diocesan,,Juan de Aragón,,,,,Latin,,,,"Synodicon Hispanum, X, 530-545","Sanchez Herrero, Concilios y sinodos Toledanos, 173-184",,,,,,,,"Library Scan
Hard Copy Scan",Yes,,Reviewed ,
0658,1338,1338,12,31,,,Toledo,Toledo,Toledo,Spain,,39.856667,-4.024444,D607,,,,,,Diocesan,,Gil Álvarez de Albornoz,,1338,1350,,Latin,,,,"Synodicon Hispanum, X, 553-555","Sanchez Herrero, Concilios, 205-210",,,,,,,,"Library Scan
Hard Copy Scan",Yes,,Reviewed ,
0659,1342,1342,4,16,,,Toledo,Toledo,Toledo,Spain,,39.856667,-4.024444,D607,,,,,,Diocesan,,Gil Álvarez de Albornoz,,1338,1350,,Latin,,,,"Synodicon Hispanum, X, 555-557",,,,,,,,,"Library Scan
Hard Copy Scan",Yes,,Reviewed ,
0660,1343,1343,4,16,,,Toledo,Toledo,Toledo,Spain,,39.856667,-4.024444,D607,,,,,,Diocesan,,Gil Álvarez de Albornoz,,1338,1350,,Latin,,,,"Synodicon Hispanum, X, 558-59",,,,,,,,,"Library Scan
Hard Copy Scan",Yes,,Reviewed ,
0661,1345,1345,4,11,,,Toledo,Toledo,Toledo,Spain,,39.856667,-4.024444,D607,,,,,,Diocesan,,Gil Álvarez de Albornoz,,1338,1350,,Latin,,,,"Synodicon Hispanum, X, 559-61",,,,,,,,,"Library Scan
Hard Copy Scan",Yes,,Reviewed ,
0662,1263,1263,3,18,,,Bordeaux,Bordeaux,Bordeaux,France,,44.837912,-0.579541,D365,,,,,,Diocesan,,Pierre de Roncevault,,1262,1270,,Latin,,,,"Avril, Statuts, V, 24-28",,,,,,,,,Hard Copy Scan,Yes,,Reviewed ,
0663,1263,1263,,,,Winter,Bordeaux,Bordeaux,Bordeaux,France,,44.837912,-0.579541,D365,,,,,,Diocesan,,Pierre de Roncevault,,1262,1270,,Latin,,,,"Avril, Statuts, V, 28-30",,,,,,,,,Hard Copy Scan,Yes,"
",Reviewed ,
0664,1267,1267,11,8,,,Bordeaux,Bordeaux,Bordeaux,France,,44.837912,-0.579541,D365,,,,,,Diocesan,,Pierre de Roncevault,,1262,1270,,Latin,,,,"Avril, Statuts, V, 31-32",,,,,,,,,Hard Copy Scan,Yes,,Reviewed ,
0665,1337,1337,10,,,following synod of Saint Luke,Lyon,Lyon,Lyon,France,,45.759723,4.842223,D395,,,,,,Diocesan,"issued Hugues Chabert, official",Guillaume de Sure,,1332,1340,Yes,Latin,,,,"Statuta synodalia dioecesis Lugdunensis, Lyon [1626], fol. 94v",,,,,,,,,Digital MS,,-very short (2 articles),Reviewed ,
0666,1338,1338,5,,,following May synod,Lyon,Lyon,Lyon,France,,45.759723,4.842223,D395,,,,,,Diocesan,"issued Hugues Chabert, official",Guillaume de Sure,,1332,1340,Yes,Latin,,,,"Statuta synodalia dioecesis Lugdunensis, Lyon [1626], fols. 94v-96r",,,,,,,,,Digital MS,,,Reviewed ,
0669,1330,1328x1335,,,Yes,,Langres,Langres,Lyon,France,,47.853333,5.333889,D397,,,,,,Diocesan,,Jean de Chalons,,,,,Latin,,"Paris BnF lat 995, fol. 104r-105r",,,,https://gallica.bnf.fr/ark:/12148/btv1b10033004d,,,Transcription by Christine Barralis,,,,Digital MS,,,Reviewed ,
0670,1339,1339,,,,,Langres,Langres,Lyon,France,,47.853333,5.333889,D397,,,,,,Diocesan,,Jean des Prez,,1338,1342,,Latin,,"Paris BnF lat 995, fol. 105r-106v",,,,https://gallica.bnf.fr/ark:/12148/btv1b10033004d,,,Transcription by Christine Barralis,,,,,,Bp was doctor in canon law,Reviewed ,
0671,1331,1331,1,27,,27-28 January (month uncertain),Murcia,Cartagena,[Holy See],Spain,[dependant on Holy See until 1492],37.986111,-1.130278,D665,,,,,,Diocesan,,Pedro de Penaranda,,1327,1349,,Old Spanish,,,,"Synodicon Hispanum, XI, 133-34","Sanz Sancho, Constituciones; ",,,,,,,,"Library Scan
Hard Copy Scan",Yes,r,Reviewed ,
0674,1335,1335,4,27,,,Elne,Elne,Narbonne,France,,42.5997,2.971014,D404,,,,,,Diocesan,,Guido de Terrena,,1332,1342,,Latin,,"Perpignan BM 79, fol. 93-94v",,"Aguirre, Collectio maxima (1694), t. 3, 592-93","Marca, Marca Hispanica, 1454-1467 (for 1335-1339 councils)",https://books.google.com/books?id=q79KKaDMW6cC,,,CoSyn Transcription from Aguirre edition,,,,"GoogleBooks
Digital MS
Data Capture",,,Reviewed ,
0675,1337,1337,5,1,,,Elne,Elne,Narbonne,France,,42.5997,2.971014,D404,,,,,,Diocesan,,Guido de Terrena,,1332,1342,,Latin,,"Perpignan BM 79, fol. 94v-100r",,"Aguirre, Collectio maxima (1694), t. 3, 593-97","Monsalvatje y Fossas, El Obisbado de Elna, 239-251 ",https://books.google.com/books?id=FD1us2b79vMC,https://archive.org/stream/noticiashistoric22mons#page/238,"[IRHT MF 06995]
","CoSyn Transcription from Aguirre edition
NB: Titles added by Aguirre for edition; not found in Perpignan MS; Also, Aguirre ordering differs from Perpignan MS.",,,,"GoogleBooks
Digital MS
Data Capture",,,Reviewed ,
0676,1338,1338,4,23,,,Elne,Elne,Narbonne,France,,42.5997,2.971014,D404,,,,,,Diocesan,,Guido de Terrena,,1332,1342,,Latin,,"Perpignan BM 79, fol. 100rv",,"Aguirre, Collectio maxima (1694), t. 3, 597-98","Marca, Marca Hispanica, 1454-1467 (for 1335-1339 councils)",http://books.google.com/books?id=q79KKaDMW6cC,,[IRHT MF 06995],CoSyn Transcription from Aguirre edition,,,,"GoogleBooks
Digital MS
Data Capture",,,Reviewed ,
0677,1339,1339,,,,,Elne,Elne,Narbonne,France,,42.5997,2.971014,D404,,,,,,Diocesan,,Guido de Terrena,,1332,1342,,Latin,,"Perpignan BM 79, fol. 101",,"Aguirre, Collectio maxima (1694), t. 3, 598","Marca, Marca Hispanica, 1454-1467 (for 1335-1339 councils)",http://books.google.com/books?id=q79KKaDMW6cC,,[IRHT MF 06995],CoSyn Transcription from Aguirre edition,,,,"GoogleBooks
Digital MS
Data Capture",,,Reviewed ,
0678,1340,1340,,,,,Elne,Elne,Narbonne,France,,42.5997,2.971014,D404,,,,,,Diocesan,,Guido de Terrena,Guiu Terrena,1332,1342,,Latin,,,,"Aguirre, Collectio maxima conciliorum, 1694, III, 599-600",,http://books.google.com/books?id=q79KKaDMW6cC,,[IRHT MF 06995]; ,,,,,Data Capture,Yes,,Reviewed ,
0679,1380,1380,,,,,Elne,Elne,Narbonne,France,,42.5997,2.971014,D404,,,,,,Diocesan,,Ramón de Escales,,1377,1380,,Latin,,"Perpignan BM 79, fol. 116-119v",,"Aguirre, Collectio maxima conciliorum, 1694, III, 600-604",,http://books.google.com/books?id=q79KKaDMW6cC,,"[IRHT MF 06995]; 
MS version is incomplete",CoSyn Transcription from Aguirre edition,,,,"Data Capture
Digital MS",,,Reviewed ,
0681,1332,1332,5,2,,,Murcia,Cartagena,[Holy See],Spain,[dependant on Holy See until 1492],37.986111,-1.130278,D665,,,,,,Diocesan,,Pedro de Penaranda,,1327,1349,,Latin,rubrics and proemium in Old Spanish,,,"Synodicon Hispanum, XI, 134-36","Sanz Sancho, Constituciones",,,,,,,,"Library Scan
Hard Copy Scan",Yes,,Reviewed ,
0682,1341,1341,4,21,,,Cartagena,Cartagena,[Holy See],Spain,[dependant on Holy See until 1492],37.6,-0.983333,D665,,,,,,Diocesan,,Pedro de Penaranda,,1327,1349,,Old Spanish,,,,"Synodicon Hispanum, XI, 136-37","Sanz Sancho, Constituciones;",,,,,,,,"Library Scan
Hard Copy Scan",Yes,,Reviewed ,
0683,1352,1352,4,23,,21-23 April,Murcia,Cartagena,[Holy See],Spain,[dependant on Holy See until 1492],37.986111,-1.130278,D665,,,,,,Diocesan,,Alfonso Fernandez de Vargas,,1349,1361,,Old Spanish,,,,"Synodicon Hispanum, XI, 139-45","Sanz Sancho, Constituciones",,,,,,,,"Library Scan
Hard Copy Scan",Yes,,Reviewed ,
0684,1360,1360,4,17,,,Murcia,Cartagena,[Holy See],Spain,[dependant on Holy See until 1492],37.986111,-1.130278,D665,,,,,,Diocesan,,Alfonso Fernandez de Vargas,,1349,1361,,Old Spanish,,,,"Synodicon Hispanum, XI, 145-47","Sanz Sancho, Constituciones",,,,,,,,"Library Scan
Hard Copy Scan",Yes,,Reviewed ,
0685,1370,1370,5,10,,,Murcia,Cartagena,[Holy See],Spain,[dependant on Holy See until 1492],37.986111,-1.130278,D665,,,,,,Diocesan,,Nicolas Fernandez de Aguilar,,1361,1372,,Old Spanish,,,,"Synodicon Hispanum, XI, 147-51","Sanz Sancho, Constituciones",,,,,,,,"Library Scan
Hard Copy Scan",Yes,,Reviewed ,
0686,1375,1375,5,7,,,Murcia,Cartagena,[Holy See],Spain,[dependant on Holy See until 1492],37.986111,-1.130278,D665,,,,,,Diocesan,,Guillen Gumiel,,1372,1383,,Old Spanish,,,,"Synodicon Hispanum, XI, 152-59","Sanz Sancho, Constituciones;",,,,,,,,"Library Scan
Hard Copy Scan",Yes,,Reviewed ,
0687,1377,1377,4,10,,,Murcia,Cartagena,[Holy See],Spain,[dependant on Holy See until 1492],37.986111,-1.130278,D665,,,,,,Diocesan,,Guillen Gumiel,,1372,1383,,Old Spanish,,,,"Synodicon Hispanum, XI, pp159-164",,,,,,,,,"Library Scan
Hard Copy Scan",Yes,,Reviewed ,
0688,1379,1379,4,22,,,Murcia,Cartagena,[Holy See],Spain,[dependant on Holy See until 1492],37.986111,-1.130278,D665,,,,,,Diocesan,,Guillen Gumiel,,1372,1383,,Old Spanish,,,,"Synodicon Hispanum, XI, pp165-69",,,,,,,,,"Library Scan
Hard Copy Scan",Yes,,Reviewed ,
0689,1380,1380,4,6,,,Murcia,Cartagena,[Holy See],Spain,[dependant on Holy See until 1492],37.986111,-1.130278,D665,,,,,,Diocesan,"issued by Juan de Befeteria, vicar",Guillen Gumiel,,1372,1383,Yes,Old Spanish,,,,"Synodicon Hispanum, XI, pp169-75",,,,,,,,,"Library Scan
Hard Copy Scan",Yes,,Reviewed ,
0690,1382,1382,4,18,,,Murcia,Cartagena,[Holy See],Spain,[dependant on Holy See until 1492],37.986111,-1.130278,D665,,,,,,Diocesan,,Guillen Gumiel,,1372,1383,,Old Spanish,,,,"Synodicon Hispanum, XI, pp175-177",,,,,,,,,"Library Scan
Hard Copy Scan",Yes,,Reviewed ,
0691,1384,1384,4,15,,,Murcia,Cartagena,[Holy See],Spain,[dependant on Holy See until 1492],37.986111,-1.130278,D665,,,,,,Diocesan,,Fernando de Pedrosa,,1383,1402,,Old Spanish,,,,"Synodicon Hispanum, XI, pp178-83",,,,,,,,,"Library Scan
Hard Copy Scan",Yes,,Reviewed ,
0692,1385,1385,4,15,,,Murcia,Cartagena,[Holy See],Spain,[dependant on Holy See until 1492],37.986111,-1.130278,D665,,,,,,Diocesan,,Fernando de Pedrosa,,1383,1402,,Old Spanish,,,,"Synodicon Hispanum, XI, pp183-89",,,,,,,,,"Library Scan
Hard Copy Scan",Yes,,Reviewed ,
0693,1344,1344,5,5,,,Utrecht,Utrecht,Cologne,Netherlands,,52.083,5.1,D543,,,,,,Diocesan,,Jan van Arkel,,1342,1364,,Latin,,,,"Joosting, Bronnen, V, 108-9",,https://resolver.kb.nl/resolve?urn=MMKB02:100007906,,,,,,,Data Capture,,,Reviewed ,
0694,1345,1345,4,26,,,Utrecht,Utrecht,Cologne,Netherlands,,52.083,5.1,D543,,,,,,Diocesan,"Issued by Segerus, Vicar General",Jan van Arkel,,1342,1364,Yes,Latin,,,,"Joosting, Bronnen, V, 109-11",,https://resolver.kb.nl/resolve?urn=MMKB02:100007906,,,,,,,Data Capture,,,Reviewed ,
0695,1346,1346,5,,,,Utrecht,Utrecht,Cologne,Netherlands,,52.083,5.1,D543,,,,,,Diocesan,,Jan van Arkel,,1342,1364,,Latin,,,,"Joosting, Bronnen, V, 112-114",,https://resolver.kb.nl/resolve?urn=MMKB02:100007906,,,,,,,Data Capture,,,Reviewed ,
0696,1347,1347,4,26,,,Utrecht,Utrecht,Cologne,Netherlands,,52.083,5.1,D543,,,,,,Diocesan,,Jan van Arkel,,1342,1364,,Latin,,,,"Joosting, Bronnen, V, 114-22",,https://resolver.kb.nl/resolve?urn=MMKB02:100007906,,,,,,,Data Capture,,,Reviewed ,
0697,1348,1348,5,20,,,Utrecht,Utrecht,Cologne,Netherlands,,52.083,5.1,D543,,,,,,Diocesan,statutes issued by vicar Suederus vter Loe,Jan van Arkel,,1342,1364,Yes,Latin,,,,"Joosting, Bronnen, V, 122-124",,https://resolver.kb.nl/resolve?urn=MMKB02:100007906,,,,,,,Hard Copy Scan,,,Reviewed ,
0698,1350,1350,4,,,,Utrecht,Utrecht,Cologne,Netherlands,,52.083,5.1,D543,,,,,,Diocesan,,Jan van Arkel,,1342,1364,,Latin,,,,"Joosting, Bronnen, V, 124-129",,https://resolver.kb.nl/resolve?urn=MMKB02:100007906,,,,,,,Data Capture,,,Reviewed ,
0699,1351,1351,5,17,,,Utrecht,Utrecht,Cologne,Netherlands,,52.083,5.1,D543,,,,,,Diocesan,issued by vicar Gerardus de Veno,Jan van Arkel,,1342,1364,Yes,Latin,,,,"Joosting, Bronnen, V, 129-130",,https://resolver.kb.nl/resolve?urn=MMKB02:100007906,,,,,,,Data Capture,,,Reviewed ,
0700,1352,1352,5,8,,,Utrecht,Utrecht,Cologne,Netherlands,,52.083,5.1,D543,,,,,,Diocesan,,Jan van Arkel,,1342,1364,,Latin,,,,"Joosting, Bronnen, V, 130-132",,https://resolver.kb.nl/resolve?urn=MMKB02:100007906,,,,,,,Data Capture,,,Reviewed ,
0701,1353,1353,4,23,,,Utrecht,Utrecht,Cologne,Netherlands,,52.083,5.1,D543,,,,,,Diocesan,,Jan van Arkel,,1342,1364,,Latin,,,,"Joosting, Bronnen, V, 132-33",,https://resolver.kb.nl/resolve?urn=MMKB02:100007906,,,,,,,Data Capture,,,Reviewed ,
0702,1354,1354,4,,,,Utrecht,Utrecht,Cologne,Netherlands,,52.083,5.1,D543,,,,,,Diocesan,,Jan van Arkel,,1342,1364,,Latin,,,,"Joosting, Bronnen, V, 134-135",,https://resolver.kb.nl/resolve?urn=MMKB02:100007906,,,,,,,Data Capture,Yes,,Reviewed ,
0704,1337,1337,,,,Winter,Carcassonne,Carcassonne,Narbonne,France,,43.21306,2.352028,D402,,,,,,Diocesan,,Pierre de Jean,,1330,1338,,Latin,,"Paris BnF lat 1613, fol 81v","Carcassonne, Bibliothèque diocésaine, ms. 3, fol. 80r; Vatican, BAV, Vat Lat 9868, f. 428r (partial 18th-c copy of Paris MS); ",,,http://gallica.bnf.fr/ark:/12148/btv1b10034655j,,,"Transcription by Jasmin Hauck (completed 25 April 2018), then partially checked (by Christine Barralis) against readings of Carcassonne MS.",,,,Digital MS,,,Reviewed ,
0705,1339,1339,,,,Easter,Carcassonne,Carcassonne,Narbonne,France,,43.21306,2.352028,D402,,,,,,Other,Cases of excommunication,Gaucelin de Jean,Gancelin Jean,1338,1346,,Latin,,"Paris BnF lat 1613, fols 81v-82","Carcassonne, Bibliothèque diocésaine, ms. 3, fol. 80v-81v; Vatican, BAV, Vat Lat 9868, f. 428rv (partial 18th-c copy of Paris MS); ",,,http://gallica.bnf.fr/ark:/12148/btv1b10034655j,,,"Transcription by Jasmin Hauck (completed 25 April 2018), then partially checked (by Christine Barralis) against readings of Carcassonne MS.",,,,Digital MS,,,Reviewed ,
0706,1339,1339,11,9,,Winter,Carcassonne,Carcassonne,Narbonne,France,,43.21306,2.352028,D402,,,,,,Diocesan,,Gaucelin de Jean,Gancelin Jean,1338,1346,,Latin,,"Paris BnF lat 1613, fols 82-83","Carcassonne, Bibliothèque diocésaine, ms. 3, fol. 81v-82v; Vatican, BAV, Vat Lat 9868, f. 428v-429v (partial 18th-c copy of Paris MS); ",,,http://gallica.bnf.fr/ark:/12148/btv1b10034655j,,,"Transcription by Jasmin Hauck (completed 25 April 2018), then partially checked (by Christine Barralis) against readings of Carcassonne MS.",,,,Digital MS,,,Reviewed ,
0707,1340,1340,11,9,,Easter,Carcassonne,Carcassonne,Narbonne,France,,43.21306,2.352028,D402,,,,,,Diocesan,,Gaucelin de Jean,Gancelin Jean,1338,1346,,Latin,,"Paris BnF lat 1613, 83rv","Carcassonne, Bibliothèque diocésaine, ms. 3, fol. 82v-83r; Vatican, BAV, Vat Lat 9868, f. 429v (partial 18th-c copy of Paris MS); ",,,https://gallica.bnf.fr/ark:/12148/btv1b10034655j,,,"Transcription by Jasmin Hauck (completed 25 April 2018), then partially checked (by Christine Barralis) against readings of Carcassonne MS.",,,,Digital MS,,,Reviewed ,
0708,1341,1341,11,6,,Winter,Carcassonne,Carcassonne,Narbonne,France,,43.21306,2.352028,D402,,,,,,Diocesan,,Gaucelin de Jean,Gancelin Jean,1338,1346,,Latin,,"Paris BnF lat 1613, fols 83v-84v","Carcassonne, Bibliothèque diocésaine, ms. 3, fol. 83r-84v; Vatican, BAV, Vat Lat 9868, f. 429v-430v (partial 18th-c copy of Paris MS); ",,,http://gallica.bnf.fr/ark:/12148/btv1b10034655j,,,"Transcription by Jasmin Hauck (completed 25 April 2018), then partially checked (by Christine Barralis) against readings of Carcassonne MS.",,,,Digital MS,,,Reviewed ,
0709,1323,1323,5,16,,,Viterbo,Viterbo,[Holy See],Italy,,42.418611,12.104167,D264,,,,,,Diocesan,,Angelo Tignosi,,1318,1343,,Latin,,"Viterbo, Archivio della Cattedrale, Perg 427",,"Cristofori, Tombe, pp424-425",,https://books.google.com/books?id=QgMZAAAAYAAJ,,Survives in copy from 1342,CoSyn transcription from Cristofori edition,,,,"GoogleBooks
WebDownload",,,Reviewed ,
0710,1356,1356,5,20,,,Montalto di Castro,Viterbo,[Holy See],Italy,,42.351389,11.607778,D264,,,,,,Diocesan,,Niccolò di Paolo de' Vetuli,,1350,1385,,Latin,,"Viterbo, Archivio Capitolare, MS 12 [consulted dactylographic typescript of original]",,,,http://www.centrodocumentazioneviterbo.it/sinodo_1356.html,,,"Archive has a transcription of the MS; they kindly lent it to Alessia Rovelli, who made a copy for me",,,,Digital MS,,known as Synod of Montalto,Reviewed ,
0716,1360,1360,3,8,,,Padua,Padua,Aquileia,Italy,,45.416667,11.866667,D175,,,,,,Diocesan,,Pileo da Prata,,1359,1370,,Latin,,,,"Ceccon, Sinodi diocesane, 200-224 [publ. 263-286]",Sinodo inedito di Pilleo Cardinal Prata...pp124-178,,https://books.google.com/books?id=riNhAAAAcAAJ,,Replace with 2023 published version instead,,,,"GoogleBooks
WebDownload",Yes,"copies heavily from 1338 Aquileia synod of Bertrandus  (which was also copied at length in 1339 Padua diocesan synod); **like the 1339 Padua synod,  UsVor and Quamquam not cited, as they are in the Aquileia 1338 constitutions",Reviewed ,
0717,1302,1302,6,6,,Dated 1301 in Hartzheim,Mainz,Mainz,Mainz,Germany,,49.98,8.2791,D549,,,,,,Diocesan,,Gerhard II,,,,,Latin,,"Pommersfelden, Gräflich Schönbornsche Schloßbibliothek, Cod 41, fol 101v-102v",,"Hartzheim, Concilia, IV, pp95-96",,https://books.google.com/books?id=kbNumdYKdrkC,,"Summary in Reg. Mainz I/1, nr 726, s 131-32",CoSyn Transcription from Hartzheim edition,,,,WebDownload,,,Reviewed ,
0719,1307,1307,,,,,Aosta,Aosta,Tarentaise,Italy,,45.733333,7.316667,D461,,,,,,Diocesan,,Éméric de Quart,,1301,1313,,Latin,,,,"Duc, Documents relatifs, 86-90",,,,,,,,,"Library Scan
Hard Copy Scan",,,Reviewed ,
0720,1370,1370,,,,,Bayeux,Bayeux,Rouen,France,,49.279445,-0.702778,D435,,,,,,Diocesan,,Louis Tezart,,,,,Latin,,,,"Bessin, II, 243-44",,https://books.google.com/books?id=0SGIk69vxS0C,,,,,,,"GoogleBooks
Data Capture",,,Reviewed ,
0721,1415,1412x1421,,,Yes,"1358x1421, probably 1412x1421",Cambrai,Cambrai,Reims,France,,50.175579,3.2345,D430,,,,,,Diocesan,,Jean V de Gavere,Jean de Lens,1412,1439,,Latin,,"Copenhagen, Bibl. Kgl. S.4'.1623, fols. 26rv",,"Boeren, A propos des statuts diocesains de Cambrai, 211-214",,,,,CoSyn transcription from Boeren edition,,,,"Library Scan
Hard Copy Scan
Digital MS",,Inc. Cum plures per negligentiam decanorum curatorum et ipsorum viceregentium traditione crismatis moderate capiunt,Reviewed ,
0722,1279,1279,3,11,,,Carcassonne,Carcassonne,Narbonne,France,,43.21306,2.352028,D402,,,,,,Diocesan,,Gautier de Montolieu,,,,,Latin,,"Paris BnF lat 1613, fol 46",,"Avril, Statuts, VI, 454-55",,https://gallica.bnf.fr/ark:/12148/btv1b10034655j,,,CoSyn Transcription from Avril edition,,,,"Digital MS
Hard Copy Scan",Yes,,Reviewed ,
0726,1310,1309x1310,,,Yes,"Since this text appears in the Carcassonne MS between the Easter 1309 and All Saints 1310 synods, it is likely from either Easter 1309 (i.e. part of ID 2591), or All Saints 1309, or Easter 1310.",Carcassonne,Carcassonne,Narbonne,France,,43.21306,2.352028,D402,,,,,,Diocesan,,Pierre de Rochefort,Pierre de Roquefort,1300,1322,,Latin,,"Paris BnF lat 1613, fols 54v-55r","Carcassonne, Bibliothèque diocésaine, ms. 3, fol. 56v-57r",,,http://gallica.bnf.fr/ark:/12148/btv1b10034655j,,,Transcription by Jasmin Hauck (completed 25 April 2018). Readings of Carcassonne MS. not checked.,,,,Digital MS,,,Reviewed ,
0728,1311,1311,,,,Easter synod,Carcassonne,Carcassonne,Narbonne,France,,43.21306,2.352028,D402,,,,,,Diocesan,,Pierre de Rochefort,Pierre de Roquefort,1300,1322,,Latin,,"Paris BnF lat 1613, fols 56r-61v","Carcassonne, Bibliothèque diocésaine, ms. 3, fol. 59r-64r (partial); Vatican, BAV, Vat Lat 9868,  f. 270v-273v (partial 18th-c copy of Paris MS)",,,http://gallica.bnf.fr/ark:/12148/btv1b10034655j,,"In Carcassonne MS, cc. I-14-18,  II-34-35, III-13-16 are missing; these might have been subsequent additions. BnF MS contains numerous scribal errors.","Transcription by Jasmin Hauck (completed 25 April 2018), with readings of Paris MS checked against Vatican transcription; transcription partially checked against Carcassonne MS by Christine Barralis",,,,Digital MS,,,Reviewed ,
0729,1280,1280,,,,in synodo Sancti Geraldi,Albi,Albi,Bourges,France,,43.928889,2.146389,D381,,,,,,Diocesan,,Bernard III de Castanet,,1276,1308,,Latin,,,,"Avril, Bourges, 79-80 (correcting Lacger ed)","Lacger, Statuts synodaux d'Albi, 457-59",,,,,,,,Hard Copy Scan,Yes,"transmitted along with statutes issued in 1277x1279
",Reviewed ,
0730,1289,1289,,,,,Trier,Trier,Trier,Germany,,49.7596,6.6439,D573,,,,,,Diocesan,,Bohemond I von Warnesberg ,,1286,1299,,Latin,,,,"Blattau, Statuta synodalia, I, 57-58",,http://books.google.com/books?id=dow-AAAAcAAJ,,,,,,,"GoogleBooks
WebDownload",Yes,,Reviewed ,
0731,1290,1290,,,,,Trier,Trier,Trier,Germany,,49.7596,6.6439,D573,,,,,,Diocesan,,Bohemond I von Warnesberg ,,1286,1299,,Latin,,,,"Blattau, Statuta synodalia, I, 58-60",,https://books.google.com/books?id=dow-AAAAcAAJ,,,,,,,"GoogleBooks
WebDownload",Yes,,Reviewed ,
0732,1337,1337,5,22,,,Trier,Trier,Trier,Germany,,49.7596,6.6439,D573,,,,,,Diocesan,,Baldwin of Luxembourg,,1307,1354,,Latin,,,,"Blattau, Statuta synodalia, I, 156-160",,https://books.google.com/books?id=dow-AAAAcAAJ,,,,,,,"GoogleBooks
WebDownload",Yes,,Reviewed ,
0733,1338,1338,4,8,,,Trier,Trier,Trier,Germany,,49.7596,6.6439,P083,,,,,,Provincial,,Baldwin of Luxembourg,,1307,1354,,Latin,,,,"Blattau, Statuta synodalia, I, 161-163",,https://books.google.com/books?id=dow-AAAAcAAJ,,,,,,,"GoogleBooks
WebDownload",Yes,,Reviewed ,
0734,1339,1339,6,1,,,Trier,Trier,Trier,Germany,,49.7596,6.6439,P083,,,,,,Provincial,,Baldwin of Luxembourg,,1307,1354,,Latin,,,,"Blattau, Statuta synodalia, I, 180-184",,https://books.google.com/books?id=dow-AAAAcAAJ,,,,,,,"GoogleBooks
WebDownload",Yes,,Reviewed ,
0735,1337,1337,6,2,,"Dated 1336 in Dalham; correct dating from Johanek, Synodalia, III, 25",Friesach,Gurk,Salzburg,Austria,,46.95,14.416667,D568,,,,,,Other,,"Heinrich, Archdeacon of Salzburg",,,,,Latin,,,,"Dalham, Concilia, 152-156",,https://books.google.com/books?id=D9JEAAAAcAAJ,,,,,,,"GoogleBooks
Data Capture",Yes,,Reviewed ,
0737,1380,1367x1390,,,Yes,,Halberstadt,Halberstadt,Mainz,Germany,,51.895833,11.046667,D553,,,,,,Diocesan,,Albrecht III von Rikmersdorf,,1367,1390,,Latin,,,,"UB Hochstifts Halberstadt, IV, pp. 323-333, no. 3038",,https://books.google.com/books?id=WK9BAAAAYAAJ,,,,,,,"GoogleBooks
WebDownload",,,Reviewed ,
0745,1282,1282,10,12,,,Münster,Münster,Cologne,Germany,,51.962944,7.628694,D541,,,,,,Diocesan,,Everhard von Diest,,1275,1301,,Latin,,,,"Westfaelisches Urkundenbuch, III, p. 620-21, Nr. 1182",,https://books.google.com/books?id=feRSAAAAcAAJ,,,,,,,"GoogleBooks
WebDownload",,,Reviewed ,
0746,1299,1299,11,18,,,Minden,Minden,Cologne,Germany,,52.283333,8.916667,D540,,,,,,Diocesan,AB Wikbold of Cologne confirms episcopal statute of Ludolf,Ludolf,,,,,Latin,,,,"Westfaelisches Urkundenbuch, VI, p. 525, Nr. 1637",,https://books.google.com/books?id=yj5AAAAAYAAJ,,,,,,,"GoogleBooks
WebDownload",Yes,,Reviewed ,
0747,1320,1309x1331,,,Yes,"misdated 1355 in Hartzheim; dated 1321 in Steiner; for this revised dating, see Hauck, Kirchengeschichte, V.i.146",Augsburg,Augsburg,Mainz,Germany,,48.366667,10.9,D550,,,,,,Diocesan,,Friedrich I,,1309,1331,,Latin,,,,"Steiner, Synodi dioecesis Augustanae, I, 72-96",,https://books.google.com/books?id=iqREAAAAcAAJ,,,,,,,"GoogleBooks
WebDownload",,,Reviewed ,
0748,1330,1330,,,,,Lübeck,Lübeck,Bremen,Germany,,53.869722,10.686389,D533,,,,,,Diocesan,,Heinrich Bochholt,,1317,1341,,Latin,,,,"Leverkus, UB des Bisthums Lübeck, I, p699-700, nr 556",,https://books.google.com/books?id=UsJZAAAAcAAJ,,,,,,,"GoogleBooks
WebDownload",,,Reviewed ,
0749,1380,1380,3,7,,,Brandenburg,Brandenburg,Magdeburg,Germany,,52.416667,12.533333,D545,,,,,,Diocesan,,Dietrich II von der Schulenburg,,1365,1393,,Latin,,,,"Codex Diplomaticus Brandenburgensis. Haupttheil I, Bd. 8, p324-30, no. 328 ","Statuta synodalia Brandenburgensia (Leipzig, 1489), cap. 1-27",https://books.google.com/books?id=XGBcAAAAcAAJ,https://www.bibliotekacyfrowa.pl/dlibra/publication/108196/edition/98919/content,"Verbesserung bei Heydler [Materialien] S. 19, Anm 27
Wroclaw, Bib Uni, XV.Q.109 (other surviving copy, in Berlin, is imperfect)

",,,,,GoogleBooks,,"Germania Sacra (Bistum Brandenburg I, AF I, 1929, p. 41) also notes two additional synodal statutes issued by Bp Dietrich: ""De pena sinodalium statutorum"" and ""De pena ebriosorum clericorum"" (in Anh. zum Breviarium diocesis Brand. im Mark. Provinzialmuseum; also 1488 statutes cap. 28)",Reviewed ,"Curschmann, Diozese Brandenburg, 290ff: https://books.google.com/books?id=c19QAQAAMAAJ; Riedel, Mitra und Statuten, 111-18"
0750,1396,1396,,,,,Skara,Skara,Uppsala,Sweden,,58.383333,13.433333,D700,,,,,,Abstract/Abbreviation,"local abstract (""affattadt för Skara stift"") of statutes from provincial council of Arboga of 1396",Henrik Karlsson,,1383,1408,,Latin,,,,"Gummerus, Synodalstatuter, pp27-29",,https://books.google.com/books?id=kt8vAQAAMAAJ,,,,,,,"GoogleBooks
WebDownload",Yes,,Reviewed ,
0751,1412,1412 (ca.),,,Yes,precise date unknown,Linköping,Linköping,Uppsala,Sweden,,58.4,15.616667,D699,,,,,,Abstract/Abbreviation,"local abstract (""affattadt för Linköping stift"") of statutes from provincial council of Arboga of 1412",,,,,,Latin,,,,"Gummerus, Synodalstatuter, 29-31",,https://books.google.com/books?id=kt8vAQAAMAAJ,,,,,,,"GoogleBooks
WebDownload",Yes,"Shows marked differences from principal text, revealing additions and omissions for diocese of Linkoping",Reviewed ,
0752,1280,1280,7,7,,,Skara,Skara,Uppsala,Sweden,,58.383333,13.433333,D700,,,,,,Diocesan,,Brynolf I Algotsson,,1278,1317,,Latin,,,,"Gummerus, Synodalstatuter, pp57-61",SDHK nr. 1141; KÅ 1909 pp. 127-130,https://books.google.com/books?id=kt8vAQAAMAAJ,https://sok.riksarkivet.se/sdhk,Jfr inledningen sid. 14,,,,,"GoogleBooks
WebDownload",,Earliest known diocesan statutes in Sweden,Reviewed ,
0753,1329,1329,,,,,Skara,Skara,Uppsala,Sweden,,58.383333,13.433333,D700,,,,,,Diocesan,,Peter Larsson,,1322,1336,,Latin,,,,"Gummerus, Synodalstatuter, pp65-66",SDHK no 3584,https://books.google.com/books?id=kt8vAQAAMAAJ,https://sok.riksarkivet.se/sdhk,,,,,,"GoogleBooks
WebDownload",Yes,Concerning indulgence and penitence,Reviewed ,
0754,1411,1411,,,,,Skara,Skara,Uppsala,Sweden,,58.383333,13.433333,D700,,,,,,Diocesan,,Brynolf II Karlsson,,1405,1424,,Latin,,,,"Gummerus, Synodalstatuter, pp66-69",,https://books.google.com/books?id=kt8vAQAAMAAJ,,,,,,,"GoogleBooks
WebDownload",Yes,,Reviewed ,
0755,1318,1318 (ca.),,,Yes,,Brixen,Brixen,Salzburg,Italy,now Bressanone,46.716667,11.65,D565,,,,,,Diocesan,,Johann III.,,,,,Latin,,,,"Baur, Brixner Synode, 124-31",,,,,,,,,"Library Scan
Hard Copy Scan",,,Reviewed ,
0756,1324,1324,10,1,,,Cambrai,Cambrai,Reims,France,,50.175579,3.2345,D430,,,,,,Diocesan,issued by vicar of the cathedral chapter,sede vacante,,1324,1336,,Latin,,,,"Reusens, Statuta, 86-88","Gousset, APER, II,  518-19;",,https://books.google.com/books?id=L9U-AAAAcAAJ,,,,,,"GoogleBooks
Library Scan
WebDownload",Yes,,Reviewed ,
0757,1312,1312,10,18,,,Cambrai,Cambrai,Reims,France,,50.175579,3.2345,D430,,,,,,Diocesan,,Pierre de Lévis-Mirepoix,,1309,1324,,Latin,,"Paris, BnF lat. 1591, fol. 33r-34r",,"Reusens, Statuta, 60-63","Gousset, APER, II, pp. 499-500",,https://books.google.com/books?id=L9U-AAAAcAAJ,Paris MS includes text (inc. Quia plerumque nonnulli) following 'additio de libertate ecclesiastica'.,,,,,"GoogleBooks
Library Scan
WebDownload",Yes,,Reviewed ,
0758,1313,1313,,,,,Cambrai,Cambrai,Reims,France,,50.175579,3.2345,D430,,,,,,Diocesan,,Pierre de Lévis-Mirepoix,,1309,1324,,Latin,,,,"Reusens, Statuta, 63-65",,,,,,,,,"GoogleBooks
Library Scan
WebDownload",,includes one additional statute,Reviewed ,
0759,1316,1316,10,1,,,Cambrai,Cambrai,Reims,France,,50.175579,3.2345,D430,,,,,,Diocesan,,Pierre de Lévis-Mirepoix,,1309,1324,,Latin,,,,"Reusens, Statuta, 67-69","Gousset, APER, II, pp. 506-507; ",,https://books.google.com/books?id=L9U-AAAAcAAJ,,,,,,"GoogleBooks
Library Scan
WebDownload",Yes,,Reviewed ,
0760,1317,1317,10,1,,,Cambrai,Cambrai,Reims,France,,50.175579,3.2345,D430,,,,,,Diocesan,,Pierre de Lévis-Mirepoix,,1309,1324,,Latin,,,,"Reusens, Statuta, 69-70","Gousset, APER II, 507-512",,https://books.google.com/books?id=L9U-AAAAcAAJ,,,,,,"GoogleBooks
Library Scan
WebDownload",Yes,,Reviewed ,
0761,1308,1308,10,2,,,Cambrai,Cambrai,Reims,France,,50.175579,3.2345,D430,,,,,,Diocesan,,Phlippe de Marigny,,1306,1309,,Latin,,"Paris, BnF lat. 1591, fol. 26v-28v","Paris, BnF lat. 1592, incomplete : fol. 2, col. 1, l. 22-30 (statut 1) ; fol. 19, col. 1 (statut 1 et début du statut sur la révocation des grâces et fol. 22v, col. 2-fol. 23r, col. 1 (les cinq derniers statuts); Tilburg, Universiteitsbibliotheek (olim Bibliotheek Theologische Faculteit), HS 15, fol. 28r-30r","Caspers, Synodale Statuten, 259-263 (from Tilburg MS)",,,,"Note from Christine Barralis: ""Dans le Lat. 1592, les cinq derniers statuts sont attribués à la fois au synode de 1308 (cf. infra note 11) et à celui du 1er octobre 1316, avec quelques ajouts par rapport au texte du Lat. 1591 (les ajouts sont indiqués en notes). A noter que la version du Lat. 1592 pour ces cinq statuts n’est pas exactement la même que celle publiée par Reusens pour les statuts de 1316 (ID 0759).""","Transcribed  by Christine Barralis; ""Quand les leçons du Lat. 1591 et du Lat. 1592 diffèrent, j’ai systématiquement privilégié la leçon du Lat. 1592, qui est meilleure dans l’ensemble""",,,,Digital MS,,"Inc. Sacerdotes, curati, et eorum vice gerentes...
Expl: ...quibus eos uti volumus et mandamus sub penis supradictis.",Reviewed ,
0762,1310,1310,11,4,,"Parts of this text are assigned to 1308 synod in BnF Latin 1591, ff. 26v-28v",Cambrai,Cambrai,Reims,France,,50.175579,3.2345,D430,,,,,,Diocesan,,Pierre de Lévis-Mirepoix,,1309,1324,,Latin,,"Paris, BnF lat. 1591, fol. 29v-30v","Paris BnF lat. 1592, fol. 19v; Tilburg,  Universiteitsbibliotheek (olim Bibliotheek Theologische Faculteit), HS 15, fol.  28v-29v (partial)","Gousset, APER, II, 492-495","Martene, Vet Scrip, VII, coll 1336-37; Concilia Germaniae, IV, p114-116; Caspers, Synodale Statuten, 260-262 (from Tilburg MS)",https://books.google.com/books?id=L9U-AAAAcAAJ,,"Martene edition is deficient; see Pontal, repertoire, p163",CoSyn transcription from Gousset edition,,,,Digital MS,,,Reviewed ,
0763,1311,1311,5,10,,die lune post Cantate,Cambrai,Cambrai,Reims,France,,50.175579,3.2345,D430,,,,,,Diocesan,,Pierre de Lévis-Mirepoix,,1309,1324,,Latin,,,,"Reusens, Statuta, 74-75",,,,,,,,,"GoogleBooks
Library Scan
WebDownload",Yes,,Reviewed ,
0764,1314,1314,,,,dated 1315 in Gousset,Cambrai,Cambrai,Reims,France,,50.175579,3.2345,D430,,,,,,Diocesan,,Pierre de Lévis-Mirepoix,,1309,1324,,Latin,,,,"Reusens, Statuta, 65-66;","Gousset, APER, II, 502",,https://books.google.com/books?id=L9U-AAAAcAAJ,,,,,,"GoogleBooks
Library Scan
WebDownload",Yes,,Reviewed ,
0765,1315,1315,5,4,,"BnF Latin 1591 gives date of 1316, but Reusens (following BnF Latin 1592) gives 1315",Cambrai,Cambrai,Reims,France,,50.175579,3.2345,D430,,,,,,Diocesan,,Pierre de Lévis-Mirepoix,,1309,1324,,Latin,,"Paris, BnF, Latin 1591, fol. 35v-36 ; Paris, BnF, Latin 1592, fol. 22rv.",,"Reusens, Statuta, 66-67",,,,,CoSyn transcription from Reusens edition,,,,"GoogleBooks
Library Scan
WebDownload",Yes,,Reviewed ,
0766,1318,1318,10,1,,,Cambrai,Cambrai,Reims,France,,50.175579,3.2345,D430,,,,,,Diocesan,,Pierre de Lévis-Mirepoix,,1309,1324,,Latin,,,,"Reusens, Statuta, 70-71",,,,,,,,,"GoogleBooks
Library Scan
WebDownload",Yes,,Reviewed ,
0767,1319,1319,10,19,,18 or 19 October,Cambrai,Cambrai,Reims,France,,50.175579,3.2345,D430,,,,,,Diocesan,,Pierre de Lévis-Mirepoix,,1309,1324,,Latin,,,,"Reusens, Statuta, 72-74",,,,,,,,,"GoogleBooks
Library Scan
WebDownload",Yes,,Reviewed ,
0768,1320,1320,10,7,,,Cambrai,Cambrai,Reims,France,,50.175579,3.2345,D430,,,,,,Diocesan,,Pierre de Lévis-Mirepoix,,1309,1324,,Latin,,,,"Reusens, Statuta, 75-78",,,,,,,,,"GoogleBooks
Library Scan
WebDownload",Yes,,Reviewed ,
0769,1321,1321,,,,,Cambrai,Cambrai,Reims,France,,50.175579,3.2345,D430,,,,,,Diocesan,,Pierre de Lévis-Mirepoix,,1309,1324,,Latin,,,,"Reusens, Statuta, 78-80",,,,,,,,,"GoogleBooks
Library Scan
WebDownload",Yes,,Reviewed ,
0770,1322,1322,10,1,,,Cambrai,Cambrai,Reims,France,,50.175579,3.2345,D430,,,,,,Diocesan,,Pierre de Lévis-Mirepoix,,1309,1324,,Latin,,,,"Reusens, Statuta, 80-83",,,,,,,,,"GoogleBooks
Library Scan
WebDownload",Yes,,Reviewed ,
0771,1325,1325,10,18,,,Cambrai,Cambrai,Reims,France,,50.175579,3.2345,D430,,,,,,Diocesan,,Gui III de Boulogne,,1324,1336,,Latin,,,,"Reusens, Statuta, 88-89",,,,,,,,,"GoogleBooks
Library Scan
WebDownload",Yes,,Reviewed ,
0772,1329,1329,10,1,,,Cambrai,Cambrai,Reims,France,,50.175579,3.2345,D430,,,,,,Diocesan,,Gui III de Boulogne,,1324,1336,,Latin,,,,"Reusens, Statuta, 89-90",,,,,,,,,"GoogleBooks
Library Scan
WebDownload",Yes,,Reviewed ,
0773,1333,1333,10,1,Yes,"MS catalogue of Tilburg, Bibliotheek Theologische Faculteit, MS 15, gives 1330 male; Reusens (following MS itself) gives 1333",Cambrai,Cambrai,Reims,France,,50.175579,3.2345,D430,,,,,,Diocesan,,Gui III de Boulogne,,1324,1336,,Latin,,,,"Reusens, Statuta, 90-93",,,,,,,,,"GoogleBooks
Library Scan
WebDownload",Yes,,Reviewed ,
0774,1358,1358,,,,,Cambrai,Cambrai,Reims,France,,50.175579,3.2345,D430,,,,,,Diocesan,,Pierre de Clermont,Petrus de Claromonte,1349,1368,,Latin,,,,"Reusens, Statuta, 93-95",,,,,,,,,"GoogleBooks
Library Scan
WebDownload",Yes,,Reviewed ,
0775,1360,1360,,,,,Cambrai,Cambrai,Reims,France,,50.175579,3.2345,D430,,,,,,Diocesan,,Pierre de Clermont,Petrus de Claromonte,1349,1368,,Latin,,,,"Reusens, Statuta, 95-96",,,,,,,,,"GoogleBooks
Library Scan
WebDownload",Yes,,Reviewed ,
0776,1315,1315,10,1,,,Cambrai,Cambrai,Reims,France,,50.175579,3.2345,D430,,,,,,Diocesan,,Pierre de Lévis-Mirepoix,,1309,1324,,Latin,,"Tilburg, Universiteitsbibliotheek (olim Bibliotheek Theologische Faculteit), HS 15, fol. 41rv",,"Gousset, APER, II 502-504","Caspers, Synodale Statuten, 285-286 (from Tilburg MS)",https://books.google.com/books?id=L9U-AAAAcAAJ,,,CoSyn transcription from Gousset edition,,,,WebDownload,Yes,,Reviewed ,
0777,1409,1409,,,,council held 1407-1408; constitutions promulgated 1409,Canterbury,Canterbury,Canterbury,England,,51.275,1.087,P020,,,,,,Provincial,,Thomas Arundel,,,,,Latin,,,,"Records of Convocation, 4: 311-318","Wilkins, Concilia, 3:314-319",,,,,,,,"Library Scan
Hard Copy Scan",,,Reviewed ,
0778,1313,1313,,,,"Wilkins dates this to 1312; Cheney (English Synodalia, 21-22) to 1313",Durham,Durham,York,England,,54.7761,-1.5733,D301,,,,,,Diocesan,,Richard Kellaw,,1311,1316,,Latin,,,,"Wilkins, II, 416-419",,https://books.google.com/books?id=FRtUAAAAcAAJ,,,,,,,"GoogleBooks
Data Capture",,,Reviewed ,
0780,1342,1342,,,,,Bath (?),Bath and Wells,Canterbury,England,Place uncertain,51.38,-2.36,D309,,,,,,Diocesan,,Ralph of Shrewsbury,,1329,1363,,Latin,,,,"Wilkins II, 711",,https://books.google.com/books?id=FRtUAAAAcAAJ,,,,,,,"GoogleBooks
Data Capture",,"simple reissue of statutes of William of Bitton (1248-1264; see Councils and Synods II, 586-626) with one addition (listing feasts to be observed in diocese as days of rest);
Donahue (Thoughts on DS) notes on p55 n19: ""Technically Ralph did not republish the statutes; rather, he looked into the question whether William's statutes were properly published and determined that they were""",Reviewed ,
0782,1319,1319,,,,,Durham,Durham,York,England,,54.7761,-1.5733,D301,,,,,,Diocesan,,Lewis de Beaumont,,,,,Latin,,,,"Wilkins, II, 495-497",,https://books.google.com/books?id=FRtUAAAAcAAJ,,,,,,,"GoogleBooks
Data Capture",,,Reviewed ,
0783,1347,1347,,,,,Bath,Bath and Wells,Canterbury,England,,51.38,-2.36,D309,,,,,,Diocesan,,Ralph of Shrewsbury,,1329,1363,,Latin,,,,"Wilkins II, 735-738",,https://books.google.com/books?id=FRtUAAAAcAAJ,,,,,,,"GoogleBooks
Data Capture",,,Reviewed ,
0784,1301,1301,11,7,,,Carcassonne,Carcassonne,Narbonne,France,,43.21306,2.352028,D402,,,,,,Diocesan,,Pierre de Rochefort,Pierre de Roquefort,1300,1322,,Latin,,"Carcassonne, Bibl. dioc. Ms. 3, f. 50r-51r","Paris BnF lat 1613, fol 49v-50r, 51v-52v; Vatican, BAV, Vat Lat 9868, f. 283r-284r (partial 18th-c copy of Paris MS)",,,http://gallica.bnf.fr/ark:/12148/btv1b10034655j,,,"Initial transcription of BnF MS by Jasmin Hauck (completed 25 April 2018), with readings of Paris MS checked against Vatican transcription; numbering subsequently corrected against Carcassonne MS by Christine Barralis",,,,Digital MS,,"
",Reviewed ,
0785,1315,1315,,,,Winter,Carcassonne,Carcassonne,Narbonne,France,,43.21306,2.352028,D402,,,,,,Diocesan,,Pierre de Rochefort,Pierre de Roquefort,1300,1322,,Latin,,"Paris BnF lat 1613, fol. 66r","Carcassonne, Bibliothèque diocésaine, ms. 3, fols. 68v and 70rv",,,http://gallica.bnf.fr/ark:/12148/btv1b10034655j,,,"Transcription by Jasmin Hauck (completed 25 April 2018), with reading partially checked  (by Christine Barralis) against Carcassonne MS.",,,,Digital MS,,,Reviewed ,
0786,1335,1335,4,25,,Easter,Carcassonne,Carcassonne,Narbonne,France,,43.21306,2.352028,D402,,,,,,Diocesan,,Pierre de Jean,,1330,1338,,Latin,,"Paris BnF lat 1613, fol 77rv","Vatican, BAV, Vat Lat 9868, f. 279rv (partial 18th-c copy of Paris MS); Carcassonne, Bibliothèque diocésaine, ms. 3, fol. 79v-80r",,,http://gallica.bnf.fr/ark:/12148/btv1b10034655j,,,"Transcription by Jasmin Hauck (completed 25 April 2018), with readings of Paris MS checked against Vatican transcription and then partially checked  (by Christine Barralis) against readings of Carcassonne MS.",,,,Digital MS,,"
",Reviewed ,
0787,1357,1357,2,23,,,Cologne,Cologne,Cologne,Germany,,50.94257,6.958976,D538,,,,,,Diocesan,,Wilhelm von Gennep,,1349,1362,,Latin,,,,"Wolter, Synodalstatuten, 504-505, no. 90","Hartzheim IV, 484; REK VI, no. 931",https://books.google.com/books?id=kbNumdYKdrkC,,,,,,,"GoogleBooks
Data Capture",,,Reviewed ,
0788,1303,1303,5,16,,xvi kalendas ma<d>ii,Carcassonne,Carcassonne,Narbonne,France,,43.21306,2.352028,D402,,,,,,Diocesan,,Pierre de Rochefort,Pierre de Roquefort,1300,1322,,Latin,,"Carcassonne, Bibl. dioc. Ms. 3, f. 54rv","Paris BnF lat 1613, fol 52v-53r; Vatican, BAV, Vat Lat 9868, ff. 299r (partial 18th-c copy of Paris MS)",,,http://gallica.bnf.fr/ark:/12148/btv1b10034655j,,,"Initial transcription of BnF MS by Jasmin Hauck (completed 25 April 2018), with readings of Paris MS checked against Vatican transcription; numbering subsequently corrected against Carcassonne MS by Christine Barralis",,,,Digital MS,,,Reviewed ,
0789,1360,1358x1361,,,Yes,,Carcassonne,Carcassonne,Narbonne,France,,43.21306,2.352028,D402,,,,,,Diocesan,,Gaufrid de Vayrols,,1358,1361,,Latin,,"Paris BnF lat 1613, fols 86r-87r",,,,http://gallica.bnf.fr/ark:/12148/btv1b10034655j,,,MS in poor condition; transcription is accordingly tentative,,,,Digital MS,,,Reviewed ,
0792,1316,1316,3,1,,,Cologne,Cologne,Cologne,Germany,,50.94257,6.958976,D538,,,,,,Diocesan,,Heinrich von Virneburg,,1306,1332,,Latin,,,,"Wolter, Synodalstatuten, 232-238, no. 13","REK IV, nr 947 [pp. 209-211] (partial transcription with summary)",,,,,,,,"Digital MS
Hard Copy Scan",Yes,,Reviewed ,"Lepper, Unbekannte, 339-56."
0798,1344,1344,6,11,,,Trent,Trent,Aquileia,Italy,,46.066667,11.116667,D240,,,,,,Diocesan,,Nicolo' da Brno,Nicolo' Abrein,1338,1347,,Latin,,,,"Eccher, Costituzioni sinodali pt. II, 291-316","Bonelli, Adelpreto, 3.1, pp120-58",https://books.google.com/books?id=lJA-AAAAcAAJ,,,,,,,"GoogleBooks
Library Scan
Hard Copy Scan",,"contains constitutions passed by both Heinrich/Enrico von Metz (r. 1310-1336) & Nicolo' Abrein (r. 1338-1347)

6 were newly issued by Nicolo, the other 37 were issued under name of HvM",Reviewed ,"Eccher, Costituzioni sinodali (Studi Trentini), 129-163"
0799,1382,1382,,,,"Dating is based on the gathering of a synod that year, but the compilation draws on much earlier material and was not necessarily produced in 1382",Buda,Esztergom,Esztergom,Hungary,Place uncertain,47.466667,19.05,D667,,,,,,Compilation (Diocesan),LIber synodalis,Demetrius,,,,,Latin,,,,"Batthyany, Leges ecclesiasticae, 3.260-279",Constitutiones synodales Almae Ecclesiae Strigoniensis A.D. MCCCL,https://books.google.com/books?id=WjhGAAAAcAAJ,https://books.google.com/books?id=_iBhAAAAcAAJ,"
",Batthyany edition missing c. 25,,,,"GoogleBooks
Data Capture",,"Constitutiones Synodales et Statuta Almae Ecclesiae Strigoniensis
shows marked similarities (as shown by Peter Erdo) with Nimes 1252; as Szilvia Somogyi has shown, this came through William Durand's Instructions/Constitutions for Mende as then mediated via Bologna 1310 (or perhaps Pavia 1338 or Krakow 1320)",Reviewed ,"see Erdo, Libri sinodali tardo medievali, 609ff"
0800,1309,1309,,,,,Udvard,,Esztergom,Slovakia,Dvory nad Žitavou (in Slovak),47.993611,18.264167,P028,,,,,,Provincial,,Thomas,,,,,Latin,,,,"Batthyany, Leges Ecclesiasticae, 3.18-21",,https://books.google.com/books?id=WjhGAAAAcAAJ,,,,,,,"GoogleBooks
WebDownload",,,Reviewed ,
0801,1261,1261,,,,Saint Luke,Angers,Angers,Tours,France,,47.473612,-0.554167,D441,,,,,,Diocesan,,Nicolas Gellent,Nicholaus Gelant,1260,1291,,Latin,,"Paris BnF Latin 1543, f. 10vb-15vb","Paris BnF Latin 11029, f. 1-14r","Avril, Statuts, III, 72-75",,,https://gallica.bnf.fr/ark:/12148/bpt6k6264436k,,CoSyn Transcription from Avril edition,,,,Hard Copy Scan,Yes,,Reviewed ,
0802,1262,1262,,,,Saint Luke,Angers,Angers,Tours,France,,47.473612,-0.554167,D441,,,,,,Diocesan,,Nicolas Gellent,Nicholaus Gelant,1260,1291,,Latin,,,,"Avril, Statuts, III, 82-85",,https://gallica.bnf.fr/ark:/12148/bpt6k6264436k,,,,,,,Hard Copy Scan,Yes,,Reviewed ,
0803,1263,1263,,,,Pentecostal synod,Angers,Angers,Tours,France,,47.473612,-0.554167,D441,,,,,,Diocesan,,Nicolas Gellent,Nicholaus Gelant,1260,1291,,Latin,,,,"Avril, Statuts, III, 84-87",,https://gallica.bnf.fr/ark:/12148/bpt6k6264436k,,,,,,,Hard Copy Scan,Yes,,Reviewed ,
0804,1264,1264,,,,Saint Luke,Angers,Angers,Tours,France,,47.473612,-0.554167,D441,,,,,,Diocesan,,Nicolas Gellent,Nicholaus Gelant,1260,1291,,Latin,,,,"Avril, Statuts, III, 86-87",,https://gallica.bnf.fr/ark:/12148/bpt6k6264436k,,,,,,,Hard Copy Scan,Yes,,Reviewed ,
0805,1265,1265,,,,Saint Luke,Angers,Angers,Tours,France,,47.473612,-0.554167,D441,,,,,,Diocesan,,Nicolas Gellent,Nicholaus Gelant,1260,1291,,Latin,,,,"Avril, Statuts, III, 92-95",,https://gallica.bnf.fr/ark:/12148/bpt6k6264436k,,,,,,,Hard Copy Scan,Yes,,Reviewed ,
0806,1266,1266,,,,Pentecostal synod,Angers,Angers,Tours,France,,47.473612,-0.554167,D441,,,,,,Diocesan,,Nicolas Gellent,Nicholaus Gelant,1260,1291,,Latin,,,,"Avril, Statuts, III, 94-97",,https://gallica.bnf.fr/ark:/12148/bpt6k6264436k,,,,,,,Hard Copy Scan,Yes,,Reviewed ,
0807,1269,1269,,,,Pentecostal synod,Angers,Angers,Tours,France,,47.473612,-0.554167,D441,,,,,,Diocesan,,Nicolas Gellent,Nicholaus Gelant,1260,1291,,Latin,,,,"Avril, Statuts, III, 96-99",,https://gallica.bnf.fr/ark:/12148/bpt6k6264436k,,,,,,,Hard Copy Scan,Yes,,Reviewed ,
0808,1269,1269,,,,Saint Luke,Angers,Angers,Tours,France,,47.473612,-0.554167,D441,,,,,,Diocesan,,Nicolas Gellent,Nicholaus Gelant,1260,1291,,Latin,,,,"Avril, Statuts, III, 98-101",,https://gallica.bnf.fr/ark:/12148/bpt6k6264436k,,,,,,,Hard Copy Scan,Yes,,Reviewed ,
0809,1270,1270,,,,Pentecostal synod,Angers,Angers,Tours,France,,47.473612,-0.554167,D441,,,,,,Diocesan,,Nicolas Gellent,Nicholaus Gelant,1260,1291,,Latin,,,,"Avril, Statuts, III, 102-105",,https://gallica.bnf.fr/ark:/12148/bpt6k6264436k,,,,,,,Hard Copy Scan,Yes,,Reviewed ,
0810,1270,1270,,,,Saint Luke,Angers,Angers,Tours,France,,47.473612,-0.554167,D441,,,,,,Diocesan,,Nicolas Gellent,Nicholaus Gelant,1260,1291,,Latin,,,,"Avril, Statuts, III, 104-107",,https://gallica.bnf.fr/ark:/12148/bpt6k6264436k,,,,,,,Hard Copy Scan,Yes,,Reviewed ,
0811,1271,1271,,,,Saint Luke,Angers,Angers,Tours,France,,47.473612,-0.554167,D441,,,,,,Diocesan,,Nicolas Gellent,Nicholaus Gelant,1260,1291,,Latin,,,,"Avril, Statuts, III, 106-109",,https://gallica.bnf.fr/ark:/12148/bpt6k6264436k,,,,,,,Hard Copy Scan,Yes,,Reviewed ,
0812,1272,1272,,,,Pentecostal synod,Angers,Angers,Tours,France,,47.473612,-0.554167,D441,,,,,,Diocesan,,Nicolas Gellent,Nicholaus Gelant,1260,1291,,Latin,,,,"Avril, Statuts, III, 108-113",,https://gallica.bnf.fr/ark:/12148/bpt6k6264436k,,,,,,,Hard Copy Scan,Yes,,Reviewed ,
0813,1272,1272,,,,Saint Luke,Angers,Angers,Tours,France,,47.473612,-0.554167,D441,,,,,,Diocesan,,Nicolas Gellent,Nicholaus Gelant,1260,1291,,Latin,,,,"Avril, Statuts, III, 112-117",,https://gallica.bnf.fr/ark:/12148/bpt6k6264436k,,,,,,,Hard Copy Scan,Yes,,Reviewed ,
0814,1273,1273,,,,Saint Luke,Angers,Angers,Tours,France,,47.473612,-0.554167,D441,,,,,,Diocesan,,Nicolas Gellent,Nicholaus Gelant,1260,1291,,Latin,,,,"Avril, Statuts, III, 116-19",,https://gallica.bnf.fr/ark:/12148/bpt6k6264436k,,,,,,,Hard Copy Scan,Yes,,Reviewed ,
0815,1274,1274,,,,Pentecostal synod,Angers,Angers,Tours,France,,47.473612,-0.554167,D441,,,,,,Diocesan,,Nicolas Gellent,Nicholaus Gelant,1260,1291,,Latin,,,,"Avril, Statuts, III, 118-121",,https://gallica.bnf.fr/ark:/12148/bpt6k6264436k,,,,,,,Hard Copy Scan,Yes,,Reviewed ,
0816,1275,1275,,,,Saint Luke,Angers,Angers,Tours,France,,47.473612,-0.554167,D441,,,,,,Diocesan,,Nicolas Gellent,Nicholaus Gelant,1260,1291,,Latin,,,,"Avril, Statuts, III, 126-129",,https://gallica.bnf.fr/ark:/12148/bpt6k6264436k,,,,,,,Hard Copy Scan,Yes,,Reviewed ,
0817,1276,1276,,,,Pentecostal synod,Angers,Angers,Tours,France,,47.473612,-0.554167,D441,,,,,,Diocesan,,Nicolas Gellent,Nicholaus Gelant,1260,1291,,Latin,,,,"Avril, Statuts, III, 128-29",,https://gallica.bnf.fr/ark:/12148/bpt6k6264436k,,,,,,,Hard Copy Scan,Yes,,Reviewed ,
0818,1276,1276,,,,Saint Luke,Angers,Angers,Tours,France,,47.473612,-0.554167,D441,,,,,,Diocesan,,Nicolas Gellent,Nicholaus Gelant,1260,1291,,Latin,,,,"Avril, Statuts, III, 130-133",,https://gallica.bnf.fr/ark:/12148/bpt6k6264436k,,,,,,,Hard Copy Scan,Yes,,Reviewed ,
0819,1277,1277,,,,Saint Luke,Angers,Angers,Tours,France,,47.473612,-0.554167,D441,,,,,,Diocesan,,Nicolas Gellent,Nicholaus Gelant,1260,1291,,Latin,,,,"Avril, Statuts, III, 132-37",,https://gallica.bnf.fr/ark:/12148/bpt6k6264436k,,,,,,,Hard Copy Scan,Yes,,Reviewed ,
0820,1281,1281,,,,Saint Luke,Angers,Angers,Tours,France,,47.473612,-0.554167,D441,,,,,,Diocesan,,Nicolas Gellent,Nicholaus Gelant,1260,1291,,Latin,,,,"Avril, Statuts, III, 136-41",,https://gallica.bnf.fr/ark:/12148/bpt6k6264436k,,,,,,,Hard Copy Scan,Yes,,Reviewed ,
0821,1282,1282,,,,Pentecostal synod,Angers,Angers,Tours,France,,47.473612,-0.554167,D441,,,,,,Diocesan,,Nicolas Gellent,Nicholaus Gelant,1260,1291,,Latin,,,,"Avril, Statuts, III, 140-47",,https://gallica.bnf.fr/ark:/12148/bpt6k6264436k,,,,,,,Hard Copy Scan,Yes,,Reviewed ,
0822,1282,1282,,,,Saint Luke,Angers,Angers,Tours,France,,47.473612,-0.554167,D441,,,,,,Diocesan,,Nicolas Gellent,Nicholaus Gelant,1260,1291,,Latin,,,,"Avril, Statuts, III, 146-49",,https://gallica.bnf.fr/ark:/12148/bpt6k6264436k,,,,,,,Hard Copy Scan,Yes,,Reviewed ,
0823,1291,1291,,,,Saint Luke,Angers,Angers,Tours,France,,47.473612,-0.554167,D441,,,,,,Diocesan,,Guillaume le Maire,Guillermus Major,1291,1317,,Latin,,,,"Avril, Statuts, III, 151-153",,https://gallica.bnf.fr/ark:/12148/bpt6k6264436k,,,,,,,Hard Copy Scan,Yes,,Reviewed ,
0824,1292,1292,,,,Pentecostal synod,Angers,Angers,Tours,France,,47.473612,-0.554167,D441,,,,,,Diocesan,,Guillaume le Maire,Guillermus Major,1291,1317,,Latin,,,,"Avril, Statuts, III, 152-55",,https://gallica.bnf.fr/ark:/12148/bpt6k6264436k,,,,,,,Hard Copy Scan,Yes,,Reviewed ,
0825,1292,1292,,,,Saint Luke,Angers,Angers,Tours,France,,47.473612,-0.554167,D441,,,,,,Diocesan,,Guillaume le Maire,Guillermus Major,1291,1317,,Latin,,,,"Avril, Statuts, III, 154-59",,https://gallica.bnf.fr/ark:/12148/bpt6k6264436k,,,,,,,Hard Copy Scan,Yes,,Reviewed ,
0826,1293,1293,,,,Pentecostal synod,Angers,Angers,Tours,France,,47.473612,-0.554167,D441,,,,,,Diocesan,,Guillaume le Maire,Guillermus Major,1291,1317,,Latin,,,,"Avril, Statuts, III, 158-65",,https://gallica.bnf.fr/ark:/12148/bpt6k6264436k,,,,,,,Hard Copy Scan,Yes,"1294 Angers Synodal letter addressed to archdeacons by Guillaume le Maire, bishop of Angers, following council of Saumur in October 1294",Reviewed ,
0827,1293,1293,,,,Saint Luke,Angers,Angers,Tours,France,,47.473612,-0.554167,D441,,,,,,Diocesan,,Guillaume le Maire,Guillermus Major,1291,1317,,Latin,,,,"Avril, Statuts, III, 164-69",,https://gallica.bnf.fr/ark:/12148/bpt6k6264436k,,,,,,,Hard Copy Scan,Yes,,Reviewed ,
0828,1294,1294,,,,Pentecostal synod,Angers,Angers,Tours,France,,47.473612,-0.554167,D441,,,,,,Diocesan,,Guillaume le Maire,Guillermus Major,1291,1317,,Latin,,,,"Avril, Statuts, III, 168-75",,https://gallica.bnf.fr/ark:/12148/bpt6k6264436k,,,,,,,Hard Copy Scan,Yes,,Reviewed ,
0829,1295,1295,,,,Pentecostal synod,Angers,Angers,Tours,France,,47.473612,-0.554167,D441,,,,,,Diocesan,,Guillaume le Maire,Guillermus Major,1291,1317,,Latin,,,,"Avril, Statuts, III, 182-87",,https://gallica.bnf.fr/ark:/12148/bpt6k6264436k,,,,,,,Hard Copy Scan,Yes,,Reviewed ,
0830,1298,1298,,,,Pentecostal synod,Angers,Angers,Tours,France,,47.473612,-0.554167,D441,,,,,,Diocesan,,Guillaume le Maire,Guillermus Major,1291,1317,,Latin,,,,"Avril, Statuts, III, 186-95",,https://gallica.bnf.fr/ark:/12148/bpt6k6264436k,,,,,,,Hard Copy Scan,Yes,,Reviewed ,
0831,1298,1298,,,,Saint Luke,Angers,Angers,Tours,France,,47.473612,-0.554167,D441,,,,,,Diocesan,,Guillaume le Maire,Guillermus Major,1291,1317,,Latin,,,,"Avril, Statuts, III, 194-99",,https://gallica.bnf.fr/ark:/12148/bpt6k6264436k,,,,,,,Hard Copy Scan,Yes,,Reviewed ,
0832,1299,1299,,,,Pentecostal synod,Angers,Angers,Tours,France,,47.473612,-0.554167,D441,,,,,,Diocesan,,Guillaume le Maire,Guillermus Major,1291,1317,,Latin,,,,"Avril, Statuts, III, 198-201",,https://gallica.bnf.fr/ark:/12148/bpt6k6264436k,,,,,,,Hard Copy Scan,Yes,,Reviewed ,
0833,1300,1300,,,,Pentecostal synod,Angers,Angers,Tours,France,,47.473612,-0.554167,D441,,,,,,Diocesan,,Guillaume le Maire,Guillermus Major,1291,1317,,Latin,,,,"Avril, Statuts, III, 200-205",,https://gallica.bnf.fr/ark:/12148/bpt6k6264436k,,,,,,,Hard Copy Scan,Yes,,Reviewed ,
0834,1302,1302,,,,Pentecostal synod,Angers,Angers,Tours,France,,47.473612,-0.554167,D441,,,,,,Diocesan,,Guillaume le Maire,Guillermus Major,1291,1317,,Latin,,,,"Avril, Statuts, III, 208-211",,https://gallica.bnf.fr/ark:/12148/bpt6k6264436k,,,,,,,Hard Copy Scan,Yes,,Reviewed ,
0835,1303,1303,,,,Saint Luke,Angers,Angers,Tours,France,,47.473612,-0.554167,D441,,,,,,Diocesan,,Guillaume le Maire,Guillermus Major,1291,1317,,Latin,,,,"Avril, Statuts, III, 210-215",,https://gallica.bnf.fr/ark:/12148/bpt6k6264436k,,,,,,,Hard Copy Scan,Yes,,Reviewed ,
0836,1304,1304,,,,Saint Luke,Angers,Angers,Tours,France,,47.473612,-0.554167,D441,,,,,,Diocesan,,Guillaume le Maire,Guillermus Major,1291,1317,,Latin,,,,"Avril, Statuts, III, 214-21",,https://gallica.bnf.fr/ark:/12148/bpt6k6264436k,,,,,,,Hard Copy Scan,Yes,,Reviewed ,
0837,1312,1312,,,,Saint Luke,Angers,Angers,Tours,France,,47.473612,-0.554167,D441,,,,,,Diocesan,,Guillaume le Maire,Guillermus Major,1291,1317,,Latin,,,,"Avril, Statuts, III, 222-33",,https://gallica.bnf.fr/ark:/12148/bpt6k6264436k,,,,,,,Hard Copy Scan,Yes,,Reviewed ,
0838,1314,1314,,,,Saint Luke,Angers,Angers,Tours,France,,47.473612,-0.554167,D441,,,,,,Diocesan,,Guillaume le Maire,Guillermus Major,1291,1317,,Latin,,,,"Avril, Statuts, III, 234-53",,https://gallica.bnf.fr/ark:/12148/bpt6k6264436k,,MS C has lengthy alternate text for parts of art. 1 and art. 3;,,,,,Hard Copy Scan,Yes,,Reviewed ,
0839,1276,1276,9,13,,2-13 September,Bourges,Bourges,"Bourges, Reims",France,,47.0844,2.3964,P015,P061,,,,,Legatine,"Presided over by Apostolic Legate Simon, but with participation of Archbishops of Bourges and Reims and several suffragans",Simon de Brion,,,,,Latin,,,,"Mansi 24, col 165-180",,https://books.google.com/books?id=lOJVAAAAcAAJ,,,,,,,"GoogleBooks
Data Capture",,,Reviewed ,
0840,1241,1241,10,18,,,Barcelona,Barcelona,Tarragona,Spain,,41.383333,2.183333,D643,,,,,,Diocesan,"issued by Pedro de Albalat, AB of Tarragona",sede vacante,,,,Yes,Latin,,"Barcelona, Arxiu Capitular, CT. fols. 177r-184v",,"Synodicon Hispanum 13, 124-140",,,,,CoSyn transcription from SH edition,,,,"Library Scan
Hard Copy Scan",Yes,,Reviewed ,
0842,1318,1318,5,1,Yes,some uncertainty around day/month,Barcelona,Barcelona,Tarragona,Spain,,41.383333,2.183333,D643,,,,,,Diocesan,,Ponç de Gualba,,1303,1334,,Latin,,,,"Synodicon Hispanum 13, 199-204",,,,,,,,,"Library Scan
Hard Copy Scan",Yes,,Reviewed ,"Sanabre, José. Los sinodos diocesanos en Barcelona. Barcelona: Subirana, 1930. "
0843,1321,1320x1322,,,Yes,,Barcelona,Barcelona,Tarragona,Spain,,41.383333,2.183333,D643,,,,,,Diocesan,,Ponç de Gualba,,1303,1304,,Latin,,,,"Synodicon Hispanum 13, 211-20",,,,,,,,,"Library Scan
Hard Copy Scan",Yes,,Reviewed ,
0844,1317,1317,,,,"dated 1318 in Gousset; corrected to 1317 in Leinweber, Provinzialsynoden",Senlis,,Reims,France,,49.2081,2.5875,P061,,,,,,Provincial,,Robert de Courtenay-Champignelles,,1299,1324,,Latin,,,,"Gousset, APER II, 512-14",,https://books.google.com/books?id=L9U-AAAAcAAJ,,,,,,,WebDownload,Yes,,Reviewed ,
0845,1273,1273 (ca.),,,Yes,"Mansi dates to 1275; Palazzini to 1273; GCN to ""vers 1267""",Arles,Arles,Arles,France,,43.6767,4.6278,P006,,,,,,Provincial,,Bertran de Saint-Martin,,1266,1273,,Latin,,,,"Mansi 24, col 147-54","Gallia christiana novissima, Arles, 495-97 [no. 1257]",https://books.google.com/books?id=lOJVAAAAcAAJ,https://books.google.com/books?id=B4JPAAAAYAAJ,first four canons missing (part of fourth survives),,,,Yes,"GoogleBooks
WebDownload",,,Reviewed ,
0846,1298,1298,9,23,,"part of Synodicum Nicosiense, compiled ca. 1340 with some later additions",Limassol,Limassol,Nicosia,Cyprus,Raised to Archbishopric in 1197; then known as Nimocium/Nemosia,34.666667,33.033333,P051,,,,,,Provincial,,Gérard de Langres,,1295,1303,,Latin,,,,"Schabel, Synodicum Nicosiense, 186-207",,,,,,,,,Data Capture,Yes,,Reviewed ,
0847,1283,1283 (ca.),,,Yes,"part of Synodicum Nicosiense, compiled ca. 1340 with some later additions;
 a portion of Boniface VIII's Super Cathedram was inserted erroneously by the compiler",Nicosia,Nicosia,Nicosia,Cyprus,Raised to Archbishopric in 1197,35.166667,33.366667,D746,,,,,,Diocesan,,Ranulph,,1278,1285,,Latin,,,,"Schabel, Synodicum Nicosiense, 116-53",,,,,,,,,Data Capture,Yes,,Reviewed ,
0848,1251,1251/1252,,,Yes,"part of Synodicum Nicosiense, compiled ca. 1340 with some later additions",Nicosia,Nicosia,Nicosia,Cyprus,Raised to Archbishopric in 1197,35.166667,33.366667,D746,,,,,,Diocesan,or Eudes de Chateauroux,Hugh of Fagiano,Ugo da Fagiano,1251,1267,,Latin,,,,"Schabel, Synodicum Nicosiense, 154-57",,,,,,,,,Data Capture,Yes,Regulation concerning denunciation of excommunicates,Reviewed ,
0849,1336,1336 (ca.),,,Yes,"part of Synodicum Nicosiense, compiled ca. 1340 with some later additions",Nicosia,Nicosia,Nicosia,Cyprus,Raised to Archbishopric in 1197,35.166667,33.366667,D746,,,,,,Diocesan,,Élie de Nabinal,,1332,1342,,Latin,,,,"Schabel, Synodicum Nicosiense, 158-59",,,,,,,,,Data Capture,Yes,,Reviewed ,
0850,1249,1249,,,,"part of Synodicum Nicosiense, compiled ca. 1340 with some later additions",Nicosia,Nicosia,Nicosia,Cyprus,Raised to Archbishopric in 1197,35.166667,33.366667,P051,,,,,,Legatine,,Eudes de Chateauroux,,,,,Latin,,,,"Schabel, Synodicum Nicosiense, 160-73",,,,,,,,,Data Capture,Yes,,Reviewed ,
0851,1254,1254,,,,"part of Synodicum Nicosiense, compiled ca. 1340 with some later additions",Acre,Acre,Syria,Israel,,32.927778,35.081667,P051,,,,,,Legatine,,Eudes de Chateauroux,,,,,Latin,,,,"Schabel, Synodicum Nicosiense, 174-85","Mansi 26, coll 343-47",,http://google.com/books?id=zuJVAAAAcAAJ,Mansi edition gives letter containing text of constitution against concubinage and simoniacal practices,,,,,Data Capture,Yes,Promulgated at Provincial Council of Syria; sent to AB of Nicosia and subsequently observed within kingdom of Cyprus,Reviewed ,
0852,1313,1313,,,,"part of Synodicum Nicosiense, compiled ca. 1340 with some later additions",Nicosia,Nicosia,Nicosia,Cyprus,Raised to Archbishopric in 1197,35.166667,33.366667,D746,,,,,,Compilation (Diocesan),,Pierre de Pleine-Chassaigne,,,,,Latin,,,,"Schabel, Synodicum Nicosiense, 208-225",,,,,,,,,Data Capture,Yes,"Published by Peter, Bp of Rodez, Papal legate, in Synod of Nicosia",Reviewed ,
0853,1320,1320,,,,"part of Synodicum Nicosiense, compiled ca. 1340 with some later additions",Nicosia,Nicosia,Nicosia,Cyprus,Raised to Archbishopric in 1197,35.166667,33.366667,D746,,,,,,Diocesan,,Giovanni del Conti,,1312,1332,,Latin,,,,"Schabel, Synodicum Nicosiense, 226-35",,,,,,,,,Data Capture,Yes,,Reviewed ,
0854,1321,1321-1325,,,Yes,"part of Synodicum Nicosiense, compiled ca. 1340 with some later additions",Nicosia,Nicosia,Nicosia,Cyprus,Raised to Archbishopric in 1197,35.166667,33.366667,D746,,,,,,Diocesan,,Giovanni del Conti,,1312,1332,,Latin,,,,"Schabel, Synodicum Nicosiense, 236-45",,,,,,,,,Data Capture,Yes,,Reviewed ,
0855,1336,1336 (ca.),,,Yes,"part of Synodicum Nicosiense, compiled ca. 1340 with some later additions",Nicosia,Nicosia,Nicosia,Cyprus,Raised to Archbishopric in 1197,35.166667,33.366667,D746,,,,,,Diocesan,,Élie de Nabinal,,1332,1342,,Latin,,,,"Schabel, Synodicum Nicosiense, 246-47",,,,,,,,,Data Capture,Yes,,Reviewed ,
0856,1340,1340,,,,"part of Synodicum Nicosiense, compiled ca. 1340 with some later additions",Nicosia,Nicosia,Nicosia,Cyprus,Raised to Archbishopric in 1197,35.166667,33.366667,P051,,,,,,Provincial,,Élie de Nabinal,,1332,1342,,Latin,,,,"Schabel, Synodicum Nicosiense, 248-267",,,,,,,,,Data Capture,Yes,,Reviewed ,
0857,1353,1353,3,16,,"part of Synodicum Nicosiense, compiled ca. 1340 with some later additions",Nicosia,Nicosia,Nicosia,Cyprus,Raised to Archbishopric in 1197,35.166667,33.366667,D746,,,,,,Diocesan,,Philippe de Chambarlhac,,1342,1360,,Latin,,,,"Schabel, Synodicum Nicosiense, 268-71",,,,,,,,,Data Capture,Yes,,Reviewed ,
0858,1354,1354,,,,"part of Synodicum Nicosiense, compiled ca. 1340 with some later additions",Nicosia,Nicosia,Nicosia,Cyprus,Raised to Archbishopric in 1197,35.166667,33.366667,D746,,,,,,Diocesan,,Philippe de Chambarlhac,,1342,1360,,Latin,,,,"Schabel, Synodicum Nicosiense, 272-73",,,,,,,,,Data Capture,Yes,,Reviewed ,
0859,1228,1228,10,22,,,Osma,Osma,Burgos,Spain,Now Burgo de Osma,41.566667,-3.066667,D609,,,,,,Diocesan,,Pedro Ramirez de Piedrola,,1225,1230,,Latin,,,,"Synodicon Hispanum, XII, 9-10",,,,,,,,Yes,"Library Scan
Hard Copy Scan",Yes,,Reviewed ,
0861,1278,1278,11,11,,,Tortosa,Tortosa,Tarragona,Spain,,40.812778,0.523333,D645,,,,,,Diocesan,,Arnal de Jardin,Arnau de Jardí,1273,1306,,Latin,,,,"Synodicon Hispanum, XII, 618-623",,,,,,,,,"Library Scan
Hard Copy Scan",Yes,,Reviewed ,
0862,1307,1307,11,13,,,Tortosa,Tortosa,Tarragona,Spain,,40.812778,0.523333,D645,,,,,,Diocesan,,Pere de Batet,Pedro de Betteto,1307,1310,,Latin,,,,"Synodicon Hispanum, XII, 623-26",,,,,,,,,"Library Scan
Hard Copy Scan",Yes,,Reviewed ,
0863,1308,1308,11,12,,,Tortosa,Tortosa,Tarragona,Spain,,40.812778,0.523333,D645,,,,,,Diocesan,,Pere de Batet,Pedro de Betteto,1307,1310,,Latin,,,,"Synodicon Hispanum, XII, 626-27",,,,,,,,,"Library Scan
Hard Copy Scan",Yes,,Reviewed ,
0864,1311,1311,11,18,,11-18 November,Tortosa,Tortosa,Tarragona,Spain,,40.812778,0.523333,D645,,,,,,Diocesan,,Francesc de Paulhac,Francisco de Paholach,1310,1316,,Latin,,,,"Synodicon Hispanum, XII, 627-30",,,,,,,,,"Library Scan
Hard Copy Scan",Yes,,Reviewed ,
0865,1314,1314,11,11,,,Tortosa,Tortosa,Tarragona,Spain,,40.812778,0.523333,D645,,,,,,Diocesan,,Francesc de Paulhac,Francisco de Paholach,1310,1316,,Latin,,,,"Synodicon Hispanum, XII, 630-31",,,,,,,,,"Library Scan
Hard Copy Scan",Yes,,Reviewed ,
0866,1318,1318,6,19,,,Tortosa,Tortosa,Tarragona,Spain,,40.812778,0.523333,D645,,,,,,Diocesan,,Berenguer de Prats,,1316,1340,,Latin,,,,"Synodicon Hispanum, XII, 631-32",,,,,,,,,"Library Scan
Hard Copy Scan",Yes,,Reviewed ,
0867,1323,1323,4,13,,,Tortosa,Tortosa,Tarragona,Spain,,40.812778,0.523333,D645,,,,,,Diocesan,,Berenguer de Prats,,1316,1340,,Latin,,,,"Synodicon Hispanum, XII, 632-33",,,,,,,,,"Library Scan
Hard Copy Scan",Yes,,Reviewed ,
0868,1324,1324,4,30,,,Tortosa,Tortosa,Tarragona,Spain,,40.812778,0.523333,D645,,,,,,Diocesan,,Berenguer de Prats,,1316,1340,,Latin,,,,"Synodicon Hispanum, XII, 633-34",,,,,,,,,"Library Scan
Hard Copy Scan",Yes,,Reviewed ,
0869,1328,1328,4,19,,,Tortosa,Tortosa,Tarragona,Spain,,40.812778,0.523333,D645,,,,,,Diocesan,,Berenguer de Prats,,1316,1340,,Latin,,,,"Synodicon Hispanum, XII, 634-36",,,,,,,,,"Library Scan
Hard Copy Scan",Yes,,Reviewed ,
0870,1330,1330,4,26,,23-26 April,Tortosa,Tortosa,Tarragona,Spain,,40.812778,0.523333,D645,,,,,,Diocesan,,Berenguer de Prats,,1316,1340,,Latin,,,,"Synodicon Hispanum, XII, 637-41",,,,,,,,,"Library Scan
Hard Copy Scan",Yes,,Reviewed ,
0871,1343,1343,4,29,,,Tortosa,Tortosa,Tarragona,Spain,,40.812778,0.523333,D645,,,,,,Diocesan,,Arnau de Lordat,,1341,1346,,Latin,,,,"Synodicon Hispanum, XII, 641-45",,,,,,,,,"Library Scan
Hard Copy Scan",Yes,,Reviewed ,
0872,1362,1362-1369,,,Yes,texts added sequentially,Tortosa,Tortosa,Tarragona,Spain,,40.812778,0.523333,D645,,,,,,Diocesan,,Jaume de Prades i de Foix,Jaime de Aragon,1362,1369,,Latin,,,,"Synodicon Hispanum, XII, 653-63",,,,,,,,,"Library Scan
Hard Copy Scan",Yes,,Reviewed ,
0873,1378,1378,5,4,,,Tortosa,Tortosa,Tarragona,Spain,,40.812778,0.523333,D645,,,,,,Diocesan,,Guillem de Torrelles,,1369,1379,,Latin,,,,"Synodicon Hispanum, XII, 663-68",,,,,,,,,"Library Scan
Hard Copy Scan",Yes,,Reviewed ,
0874,1388,1388,4,15,,,Tortosa,Tortosa,Tarragona,Spain,,40.812778,0.523333,D645,,,,,,Diocesan,,Hug de Llupià-Bages ,,1379,1397,,Latin,,,,"Synodicon Hispanum, XII, 668-72",,,,,,,,,"Library Scan
Hard Copy Scan",Yes,,Reviewed ,
0875,1433,1433,2,1,,,Tortosa,Tortosa,Tarragona,Spain,,40.812778,0.523333,D645,,,,,,Diocesan,,Ot de Montcada i de Luna,,1415,1473,,Latin,,,,"Synodicon Hispanum, XII, 673-81",,,,,,,,,"Library Scan
Hard Copy Scan",Yes,,Reviewed ,
0876,1255,1255,10,19,,,Valencia,Valencia,Tarragona,Spain,,39.470239,-0.376805,D654,,,,,,Diocesan,,Andrés de Albalat,,1248,1276,,Latin,,,,"Synodicon Hispanum, XII, 694-696",,,,,,,,,"Library Scan
Hard Copy Scan",Yes,,Reviewed ,
0877,1258,1258,10,22,,,Valencia,Valencia,Tarragona,Spain,,39.470239,-0.376805,D654,,,,,,Diocesan,,Andrés de Albalat,,1248,1276,,Latin,,,,"Synodicon Hispanum, XII, 697-712",,,,,,,,,"Library Scan
Hard Copy Scan",Yes,,Reviewed ,
0878,1262,1262,10,24,,,Valencia,Valencia,Tarragona,Spain,,39.470239,-0.376805,D654,,,,,,Diocesan,,Andrés de Albalat,,1248,1276,,Latin,,,,"Synodicon Hispanum, XII, 712-15",,,,,,,,,"Library Scan
Hard Copy Scan",Yes,,Reviewed ,
0879,1263,1263,,,,,Valencia,Valencia,Tarragona,Spain,,39.470239,-0.376805,D654,,,,,,Diocesan,,Andrés de Albalat,,1248,1276,,Latin,,,,"Synodicon Hispanum, XII, 716-18",,,,,,,,,"Library Scan
Hard Copy Scan",Yes,,Reviewed ,
0880,1268,1268,10,24,,,Valencia,Valencia,Tarragona,Spain,,39.470239,-0.376805,D654,,,,,,Diocesan,,Andrés de Albalat,,1248,1276,,Latin,,,,"Synodicon Hispanum, XII, 718-20",,,,,,,,,"Library Scan
Hard Copy Scan",Yes,,Reviewed ,
0881,1269,1269,10,23,,,Valencia,Valencia,Tarragona,Spain,,39.470239,-0.376805,D654,,,,,,Diocesan,,Andrés de Albalat,,1248,1276,,Latin,,,,"Synodicon Hispanum, XII, 720-21",,,,,,,,,"Library Scan
Hard Copy Scan",Yes,,Reviewed ,
0882,1273,1273,10,24,,,Valencia,Valencia,Tarragona,Spain,,39.470239,-0.376805,D654,,,,,,Diocesan,,Andrés de Albalat,,1248,1276,,Latin,,,,"Synodicon Hispanum, XII, 722-24",,,,,,,,,"Library Scan
Hard Copy Scan",Yes,,Reviewed ,
0883,1348,aft. 1348,,,Yes,,Valencia,Valencia,Tarragona,Spain,,39.470239,-0.376805,D654,,,,,,Diocesan,,,,,,,Latin,,,,"Synodicon Hispanum, XII, 769-76",,,,,,,,,"Library Scan
Hard Copy Scan",Yes,,Reviewed ,
0884,1382,1382,6,25,,,Valencia,Valencia,Tarragona,Spain,,39.470239,-0.376805,D654,,,,,,Diocesan,,Jaume de Prades i de Foix,Jaime de Aragón,1369,1396,,Spanish,,,,"Synodicon Hispanum, XII, 803-805",,,,only survives in modern summary of acta and canons,,Yes,,Yes,"Library Scan
Hard Copy Scan",Yes,,Reviewed ,
0885,1408,1408,,,,,Valencia,Valencia,Tarragona,Spain,,39.470239,-0.376805,D654,,,,,,Diocesan,,Hug de Llupià i Bages,,1397,1427,,Latin,,,,"Synodicon Hispanum, XII, 820-23",,,,,,,,,"Library Scan
Hard Copy Scan",Yes,,Reviewed ,
0886,1422,1422,4,30,,28-30 April,Valencia,Valencia,Tarragona,Spain,,39.470239,-0.376805,D654,,,,,,Diocesan,,Hug de Llupià i Bages,,1397,1427,,Latin,,,,"Synodicon Hispanum, XII, 823-32",,,,,,,,,"Library Scan
Hard Copy Scan",Yes,,Reviewed ,
0887,1344,1344,4,17,,,Murcia,Cartagena,[Holy See],Spain,[dependant on Holy See until 1492],37.986111,-1.130278,D665,,,,,,Diocesan,,Pedro de Penaranda,,1327,1349,,Old Spanish,,,,"Synodicon Hispanum, XI, 137-39",,,,,,,,,"Library Scan
Hard Copy Scan",Yes,,Reviewed ,
0888,1317,1317,4,13,,,Barcelona,Barcelona,Tarragona,Spain,,41.383333,2.183333,D643,,,,,,Diocesan,,Ponç de Gualba,,1303,1334,,Latin,,"Barcelona, Arxiu Capitular, CT, fol. 209v-210v",,"Synodicon Hispanum 13, 197-199",,,,,CoSyn transcription from SH edition,,,,"Library Scan
Hard Copy Scan",Yes,"-fol 210rv (p199): c. 5 - clerics ordered to have a copy of the synodal and provincial constitutions

",Reviewed ,"Sanabre, José. Los sinodos diocesanos en Barcelona. Barcelona: Subirana, 1930. "
0891,1313,1313,1,11,,held from 18 December 1312-11 January 1313; acts issued on final day,Zamora,,Santiago,Spain,held in monastery of S. Ildefonso,41.498889,-5.755556,P069,,,,,,Provincial,,Rodrigo del Padron,,,,,Latin,also survives in Old Spanish translation,,,"Justo Fernandez, Concilios compostelanos, 331-37","Fita y Colome, Actas ineditas de siete concilios, pp138-49",,https://books.google.com/books?id=H3mLY1R3agIC,vernacular translation at p338-343,,,,,"GoogleBooks
Hard Copy Scan",Yes,"see Garcia y Garcia, Concilio de Zamora, for detailed discussion of the sources; he notes that the singular focus on Jews is new

-acc. GyG, 300, it had no impact on later canonical legislation in the province",Reviewed ,
0904,1218,1216x1219,,,Yes,,Angers,Angers,Tours,France,,47.473612,-0.554167,D441,,,,,,Diocesan,,Guillaume II. de Beaumont,,1203,1240,,Latin,,"Paris, BnF lat 11029, fol 25-38","Paris BnF lat 11030, fol 4-25; BnF lat 18340, fol 14-26v; others in Nantes","Pontal, Statuts, I, 138-239",,https://gallica.bnf.fr/ark:/12148/bpt6k6251679t,,,"CoSyn transcription from Pontal edition, which gives facing page translation",,,,"GoogleBooks
WebDownload",Yes,"The so-called ""Synodal de l'Ouest"" - is then diffused across much of western France; it has a complicated transmission and MS history
-First part contains most of the statutes of Eudes de Sully, some LatIV decrees, and some provincial canons
-Second part is a penitential
-Third part is basic guide to the faith for instruction of laity",Reviewed ,
0905,1245,1240x1260,,,Yes,,Angers,Angers,Tours,France,,47.473612,-0.554167,D441,,,,,,Diocesan,,Michel Villoiseau,Michel Avis,1240,1260,,Latin,,"Paris, BnF lat 11030, fol 25v-29",,"Avril, Naissance et evolution, 216-24",,,,,"CoSyn Transcription from Avril edition, following 'C' textual tradition",,,,Hard Copy Scan,Yes,Additiones to Synodal de l'Ouest; similar additiones are also found in Mans and Angers. ,Reviewed ,
0906,1326,1326,,,,Saint Luke,Angers,Angers,Tours,France,,47.473612,-0.554167,D441,,,,,,Diocesan,,Foulque de Mathefelon,,1324,1355,,Latin,,"Paris, BnF fr 22354, p73",,"Arnauld, Statuts du diocese d'Angers (1680), 124-25",,,https://books.google.com/books?id=OcQPXFeqPScC,"GoogleBooks links to the 2nd edition; the first was published the same year, in Angers
",CoSyn Transcription from Arnauld edition,,,,"GoogleBooks
Data Capture",,,Reviewed ,
0907,1423,1423,6,12,,,Angers,Angers,Tours,France,,47.473612,-0.554167,D441,,,,,,Diocesan,,Hardouin de Bueil,,1374,1439,,,,"Nantes, BM 37, fol 76",,"Martene, Thes, IV, 521-30",,https://books.google.com/books?id=bjSeGwAACAAJ,,"
",,,,,"GoogleBooks
Data Capture",,,Reviewed ,
0908,1327,1327,,,,Saint Luke,Angers,Angers,Tours,France,,47.473612,-0.554167,D441,,,,,,Diocesan,,Foulque de Mathefelon,,1324,1355,,Latin,,"Paris, BnF fr 22354, p74",,"Arnauld, Statuts du diocese d'Angers (1680), 126-27",,,https://books.google.com/books?id=OcQPXFeqPScC,"GoogleBooks links to the 2nd edition; the first was published the same year, in Angers",CoSyn Transcription from Arnauld edition,,,,"GoogleBooks
Data Capture",,,Reviewed ,
0909,1328,1328,,,,Saint Luke,Angers,Angers,Tours,France,,47.473612,-0.554167,D441,,,,,,Diocesan,,Foulque de Mathefelon,,1324,1355,,Latin,,"Paris, BnF fr 22354, p39-40",,"Arnauld, Statuts du diocese d'Angers (1680), pp127-30",,,https://books.google.com/books?id=OcQPXFeqPScC,"GoogleBooks links to the 2nd edition; the first was published the same year, in Angers
",CoSyn Transcription from Arnauld edition,,,,"GoogleBooks
Data Capture",,,Reviewed ,
0913,1424,1424,5,9,,,Aosta,Aosta,Tarentaise,Italy,,45.733333,7.316667,D461,,,,,,Diocesan,,Oger Moriset,,1411,1433,,Latin,,,,"Colliard, Atti sinodali, 67-97","Constitutiones synodales augustensis dyocesis, Geneva 1520, pp. 3-42",https://cordela.regione.vda.it/pubblicazioni/Libri/Atti%20sinodali%20Aosta%20Atti%20sinodali%20Colliard%20sec%20-%20M%20R%20Colliard/index.html,http://www.ville-ge.ch/musinfo/bd/bge/gln/notice/details.php?ref=/musinfo/bd/bge/gln/notice/advanced.php&p=0&tbl=gln_edit&no=5704,"1520 ed: Torino, Biblioteca reale, C 6, 23
",,,,,Digital MS,,reissued as part of 1505 compilation,Reviewed ,"Colliard, Atti sinodali (2015); Duc, Histoire de l'Eglise d'Aoste, IV, 296-310"
0915,1370,1370,10,23,,,Arles,Arles,Arles,France,,43.6767,4.6278,D337,,,,,,Diocesan,,Guillaume de la Garde,,,,,Latin,,"Arles, BM 11, no. 24, fol. 133 (Recueil Bonnemant)",,"Albanes, Gallia christiana, III, no. 3303, coll. 1269-70 (partial edition)",,https://books.google.com/books?id=B4JPAAAAYAAJ,,IRHT MF 48567,CoSyn Transcription from Gallia christiana edition,,,,"Digital MS
WebDownload",Yes,,Reviewed ,
0935,1354,1354,,,,,Arras,Arras,Reims,France,,50.289722,2.780833,D431,,,,,,Diocesan,,Aymeri de Beaufort,,1344,1361,,Latin,,"Lille BM ms 81, fol. 42v-43v ","Paris BnF latin 1610, fol. 42v-43r (partial) ; Paris BnF latin 12826, fol. 29v-30","Constitutiones synodales episcopatus Attrebatensis, [Louvain], [Thierry Martens], [ca 1500-1501], BnF, Rés. B 27837, fols. not numbered (p. 99-100 in Gallica PDF).","Statuta synodalia Atrebatensis (1570 ed), p. 167; Hartzheim, VIII, 298, 307 (copying 1570 ed, which itself copies the 1500 ed); Gousset, APER, 3, 341 (copying 1570 ed)",https://arca.irht.cnrs.fr/ark:/63955/md913n204f45,https://gallica.bnf.fr/ark:/12148/bpt6k315011x,[IRHT MF 01571 / MF 66277] ,"Transcription from Lille MS by Christine Barralis, with the 1500-01 edition collated against Schannat-Hartzheim.",,,,"GoogleBooks
WebDownload",,,Reviewed ,
0936,1355,1355,,,,,Arras,Arras,Reims,France,,50.289722,2.780833,D431,,,,,,Diocesan,,Aymeri de Beaufort,,1344,1361,,Latin,,"Lille BM 81, fol. 43v","Paris, BnF lat 1610, fol. 43rv; Paris, Bnf lat. 12826, fol. 30","Constitutiones synodales episcopatus Attrebatensis, [Louvain], [Thierry Martens], [ca 1500-1501], BnF, Rés. B 27837, fols. not numbered (p. 100-101 in Gallica PDF).","Statuta synodalia Atrebatensis (1570 ed), p. 168-169; Hartzheim, VIII, 298 (copying 1570 ed, which itself copies the 1500 ed); Gousset, APER, 3, 341-342 (copying 1570 ed)",https://arca.irht.cnrs.fr/ark:/63955/md913n204f45,https://gallica.bnf.fr/ark:/12148/bpt6k315011x,[IRHT MF 01571 / MF 66277] ,"Transcription from Lille MS by Christine Barralis, collated against Gousset.",,,,"GoogleBooks
WebDownload",,,Reviewed ,
0939,1410,1410,10,10,,,Arras,Arras,Reims,France,,50.289722,2.780833,D431,,,,,,Diocesan,,Martin Poré,,1408,1426,,Latin,,"Lille BM 81, fol. 48v-49r","BnF latin 1610, fol. 49v-50r ; BnF latin 12826, fol. 33r","Constitutiones synodales episcopatus Attrebatensis, [Louvain], [Thierry Martens], [ca 1500-1501], BnF, Rés. B 27837, fols. not numbered (p. 111-113 in Gallica PDF).","Statuta synodalia Atrebatensis (1570 ed), p. 172-74; Hartzheim, VIII, 300-301 (copying 1570 ed, which itself copies the 1500 ed); Gousset, APER, 3, 343-344 (copying 1570 ed)",https://arca.irht.cnrs.fr/ark:/63955/md913n204f45,https://gallica.bnf.fr/ark:/12148/bpt6k315011x,[IRHT MF 01571 / MF 66277] ,"Transcription from Lille MS by Christine Barralis, with the 1500-01 edition collated against BnF latin 1610 (defective) and the Gousset edition.",,,,"GoogleBooks
Digital MS",,,Reviewed ,
0948,1338,1338,4,30,,,Avignon,Avignon,Arles,France,,43.95,4.817,D342,,,,,,Diocesan,,Jean de Cojordan,,1336,1348,,Latin,,,,"Martene, Thes, IV, col. 564",,https://books.google.com/books?id=bjSeGwAACAAJ,,,,,,,"GoogleBooks
Data Capture",,,Reviewed ,
0949,1342,1342,4,25,,,Avignon,Avignon,Arles,France,,43.95,4.817,D342,,,,,,Diocesan,,Jean de Cojordan,,1336,1348,,Latin,,"Bordeaux, Arch. communales, MS 2, fols. 49-50; ","Paris, Arsenal, 716, fol. 12; Avignon, BM 2601, fol. 7 ","Martene, Thes, IV, col. 565",,https://books.google.com/books?id=bjSeGwAACAAJ,,[IRHT] Bordeaux version starts at images 48-49,CoSyn Transcription from Martene edition,,,,"GoogleBooks
Data Capture
Digital MS",,,Reviewed ,
0950,1450,1438x1474,,,Yes,,Avignon,Avignon,Arles,France,,43.95,4.817,D342,,,,,,Diocesan,,Alain de Coëtivy,,1438,1474,,Latin,,"Avignon, BM 654, fols 24-27v","Avignon, Arch dep, 1 G 433, fol. 33v-35 (only first 12 articles, and badly copied)","Martene, Thes, IV, 576-84",,https://books.google.com/books?id=bjSeGwAACAAJ,,IRHT MF 43933 / MF 43580,,,,,"GoogleBooks
Data Capture",,,Reviewed ,
0951,1441,1441,10,17,,,Avignon,Avignon,Arles,France,,43.95,4.817,D342,,,,,,Diocesan,"issued by vicar general Jean Blanchier,",Alain de Coëtivy,,1438,1474,Yes,Latin,,"Avignon, BM 654, fol 28",,"Martene, Thes, IV, 585",,https://books.google.com/books?id=bjSeGwAACAAJ,,MF 43580,,,,,"GoogleBooks
Data Capture",,,Reviewed ,
0952,1442,1442,10,16,,,Avignon,Avignon,Arles,France,,43.95,4.817,D342,,,,,,Diocesan,"issued by vicar general Jean Morosius, ",Alain de Coëtivy,,1438,1474,Yes,Latin,,"Avignon, BM 654, fol 28v",,"Martene, Thes, IV, 585",,https://books.google.com/books?id=bjSeGwAACAAJ,,MF 43580,,,,,"GoogleBooks
Data Capture",,,Reviewed ,
0953,1443,1443,10,16,,,Avignon,Avignon,Arles,France,,43.95,4.817,D342,,,,,,Diocesan,issued by vicar general Louis de Flassan,Alain de Coëtivy,,1438,1474,Yes,Latin,,"Avignon, BM 654, fol 28v",,"Martene, Thes, IV, 585-87",,https://books.google.com/books?id=bjSeGwAACAAJ,,MF 43580,,,,,"GoogleBooks
Data Capture",,,Reviewed ,
0955,1447,1447,10,11,,,Avignon,Avignon,Arles,France,,43.95,4.817,D342,,,,,,Diocesan,issued by vicar general Jean Malrosi,Alain de Coëtivy,,1438,1474,Yes,Latin,,"Avignon, BM 654, fol 30v-31r",,"Martene, Thes, IV, 588-89",,https://books.google.com/books?id=bjSeGwAACAAJ,,IRHT MF 43580,,,,,"GoogleBooks
Data Capture",,,Reviewed ,
0956,1448,1448,,,,,Avignon,Avignon,Arles,France,,43.95,4.817,D342,,,,,,Diocesan,,Alain de Coetivy,,,,,Latin,,"Avignon, BM 654, fol 33r",,"Martene, Thes, IV, 589-590",,,,IRHT MF 43580,,,,,"Digital MS
Data Capture",,,Reviewed ,
0957,1449,1449,10,15,," for dating, see Pontal repertoire p101 n2",Avignon,Avignon,Arles,France,,43.95,4.817,D342,,,,,,Diocesan,"issued by vicar general Jean Malrosi, ",Alain de Coëtivy,,1438,1474,Yes,Latin,,"Avignon, BM 654, fol  31v-32 & 33v-34v",,"Martene, Thes, IV, 590-92",,https://books.google.com/books?id=bjSeGwAACAAJ,,IRHT MF 43580,,,,,"GoogleBooks
Data Capture",,,Reviewed ,
0958,1451,1451,10,13,,,Avignon,Avignon,Arles,France,,43.95,4.817,D342,,,,,,Diocesan,issued by vicar general Louis de Flassan,Alain de Coëtivy,,1438,1474,Yes,,,"Avignon, BM 654, fol 33-35v",,"Martene, Thesaurus, IV, 592-94",,https://books.google.com/books?id=bjSeGwAACAAJ,,IRHT MF 43580,,,,,GoogleBooks,,,Reviewed ,
0959,1452,1452,10,19,,,Avignon,Avignon,Arles,France,,43.95,4.817,D342,,,,,,Diocesan,issued by vicar general Jean Dorval,Alain de Coëtivy,,1438,1474,,,,"Avignon, BM 654, fol 36",,"Martene, Thesaurus, IV, 594",,https://books.google.com/books?id=bjSeGwAACAAJ,,IRHT MF 43580,,,,,GoogleBooks,,,Reviewed ,
0960,1462,1462,,,,,Avignon,Avignon,Arles,France,,43.95,4.817,D342,,,,,,Diocesan,,Alain de Coëtivy,,1438,1474,,,,"Avignon, BM 654, fol 53v",,"Martene, Thesaurus, IV, 594-96",,https://books.google.com/books?id=bjSeGwAACAAJ,,IRHT MF 43580,,,,,GoogleBooks,,,Reviewed ,
0970,1280,1280,,,,,Aosta,Aosta,Tarentaise,Italy,,45.733333,7.316667,D461,,,,,,Diocesan,,Simon de Duin,Simon de Duingt,1275,1283,,Latin,,,,"Amiet, Le pontifical d’Emeric de Quart, pp196-208",,,,,,,,,Hard Copy Scan,,"59 decisions; 43 statutes inspired by Eudes de Sully (in some places verbatim), the remainder apparently additions to an initial corpus",Reviewed ,"Avril, Premiers statuts parisiens"
0971,1315,1311x1317,,,Yes,"must postdate 1311, given c. 49; MS indicates that these were issued by Bp Guillaume Bonnet, r. 1306-12, while Bessin (more plausibly) ascribes them to Guillaume de Trie, r. 1313-1324",Bayeux,Bayeux,Rouen,France,,49.279445,-0.702778,D435,,,,,,Diocesan,,Guillaume de Trie,,1313,1324,,Latin,,"Paris, BnF lat 1611, fols. 14v-26r",,"Bessin, Concilia, II, 237-43",,http://gallica.bnf.fr/ark:/12148/btv1b9076490w ,https://books.google.com/books?id=0SGIk69vxS0C,"
","CoSyn transcription taken largely from Bessin edition, though this is missing a passage from the MS: fol. 23v-24, ""Ne religiosi approprient sibi decimas""; missing page transcribed RWD [largely follows a later addition to Liber de Excommunicatione of Berenger Fredol; https://books.google.com/books?id=lvATAwAAQBAJ at p. 69] ",,,,"GoogleBooks
Digital MS",,,Reviewed ,
0972,1370,bef. 1370,,,Yes,,Bayeux,Bayeux,Rouen,France,,49.279445,-0.702778,D435,,,,,,Diocesan,,,,,,,Latin,,,,"Bessin, II, 243",,https://books.google.com/books?id=0SGIk69vxS0C,,,,,,,"GoogleBooks
Data Capture",,,Reviewed ,
0974,1281,1281,8,21,,,Besançon,Besançon,Besançon,France,,47.233611,6.030556,P013,,,,,,Provincial,,Eudes de Rougemont,,1269,1301,,Latin,,"Besancon, Arch Dioc, MS D 1","Besancon, Arch Dioc, MS D 5 (19th-c copy)","Concile provincial de Besancon, ed. de Vregille, 35-38",,,,,CoSyn transcription from de Vregille edition,,,,"Library Scan
Hard Copy Scan",,,Reviewed ,
0980,1368,1368,,,,,Béziers,Béziers,Narbonne,France,,43.347615,3.218991,D407,,,,,,Diocesan,,Hugues de la Jugie,,1349,1371,,Latin,,,,"Martene, Thes IV, 625-39",,https://books.google.com/books?id=bjSeGwAACAAJ,,,Martene titles are not found in MSS; omitted from transcriptions,,,,"GoogleBooks
Data Capture",,includes confirmation of the 1342 statutes,Reviewed ,
0982,1369,1369,10,17,,,Béziers,Béziers,Narbonne,France,,43.347615,3.218991,D407,,,,,,Diocesan,,Hugues de la Jugie,,1349,1371,,Latin,,,,"Martene, Thes IV, 660-61",,https://books.google.com/books?id=bjSeGwAACAAJ,,,,,,,"GoogleBooks
Data Capture",,,Reviewed ,
0983,1370,1370,10,16,,,Béziers,Béziers,Narbonne,France,,43.347615,3.218991,D407,,,,,,Diocesan,,Hugues de la Jugie,,1349,1371,,Latin,,,,"Martene, Thes IV, 661-62",,https://books.google.com/books?id=bjSeGwAACAAJ,,,,,,,"GoogleBooks
Data Capture",,,Reviewed ,
0984,1360,1349x1371,,,Yes,,Béziers,Béziers,Narbonne,France,,43.347615,3.218991,D407,,,,,,Diocesan,,Hugues de La Jugie,,1349,1371,,Latin,,,,"Martene, Thes IV, 652-59",,https://books.google.com/books?id=bjSeGwAACAAJ,,,,,,,"GoogleBooks
Data Capture",,,Reviewed ,
0985,1375,1375,10,17,,,Béziers,Béziers,Narbonne,France,,43.347615,3.218991,D407,,,,,,Diocesan,,Sicard d'Ambres de Lautrec,,1371,1383,,Latin,,,,"Martene, Thes IV, 662-64",,https://books.google.com/books?id=bjSeGwAACAAJ,,,,,,,"GoogleBooks
Data Capture",,,Reviewed ,
0986,1390,1384x1402,,,Yes,Martene erroneously dates these to 1409,Béziers,Béziers,Narbonne,France,,43.347615,3.218991,D407,,,,,,Diocesan,,Barthélemy de Montcalve,,1384,1402,,Latin,,,,"Martene, Thes IV, 664",,https://books.google.com/books?id=bjSeGwAACAAJ,,,,,,,"GoogleBooks
Data Capture",,,Reviewed ,
0987,1390,1384x1402,,,Yes,Martene erroneously dates these to 1409,Béziers,Béziers,Narbonne,France,,43.347615,3.218991,D407,,,,,,Diocesan,,Barthélemy de Montcalve,,1384,1402,,Latin,,,,"Martene, Thes IV, 665",,https://books.google.com/books?id=bjSeGwAACAAJ,,,,,,,"GoogleBooks
Data Capture",,,Reviewed ,
0988,1409,1409,4,25,,,Béziers,Béziers,Narbonne,France,,43.347615,3.218991,D407,,,,,,Diocesan,,Bertrand II de Maumont,,1408,1422,,Latin,,,,"Martene, Thes IV, 665-66","Gallia Christiana VI, col 355",https://books.google.com/books?id=bjSeGwAACAAJ,,,,,,,"GoogleBooks
Data Capture",,,Reviewed ,
0989,1426,1426,4,17,,,Béziers,Béziers,Narbonne,France,,43.347615,3.218991,D407,,,,,,Diocesan,,Guilhaume VII de Montjoie ,,1424,1451,,Latin,,,,"Martene, Thes, IV, 666",,https://books.google.com/books?id=bjSeGwAACAAJ,,,,,,,"GoogleBooks
Data Capture",,,Reviewed ,
0990,1437,1437,10,17,,,Béziers,Béziers,Narbonne,France,,43.347615,3.218991,D407,,,,,,Diocesan,,Guilhaume VII de Montjoie ,,1424,1451,,Latin,,,,"Martene, Thes, IV, 666-68",,https://books.google.com/books?id=bjSeGwAACAAJ,,,,,,,"GoogleBooks
Data Capture",,,Reviewed ,
0992,1255,1255,4,13,,,Bordeaux,Bordeaux,Bordeaux,France,,44.837912,-0.579541,D365,,,,,,Diocesan,,Géraud de Malemort,,1227,1261,,Latin,,"Paris BnF lat 1590, fols 10v & 11v",,"Pontal, Statuts, II, 474-77",,http://gallica.bnf.fr/ark:/12148/btv1b8427238x,https://gallica.bnf.fr/ark:/12148/bpt6k62444168,,CoSyn transcription from Pontal edition,,,,"GoogleBooks
WebDownload
Digital MS",Yes,"(acc. Avril, Statuts V, 9) these are additional statutes, added at the end of the Liber synodalis of Bordeaux (but issued on the same day as the compilation)",Reviewed ,
0993,1343,1343,11,,,,Bordeaux,Bordeaux,Bordeaux,France,,44.837912,-0.579541,D365,,,,,,Diocesan,,Pierre de Luc,,1332,1345,,Latin,,"Paris, BnF lat. 1590, fol. 35, col. 1-2","Vatican, BAV, Vat Lat 9868, fol. 435-436 (18th-c transcription of Paris MS)",,,http://gallica.bnf.fr/ark:/12148/btv1b8427238x,,,Jasmin Hauck transcribed Paris MS and corrected it against Vatican MS,,,Yes,Digital MS,,,Reviewed ,
0994,1344,1344,,,,,Bordeaux,Bordeaux,Bordeaux,France,,44.837912,-0.579541,D365,,,,,,Diocesan,,Pierre de Luc,,1332,1345,,Latin,,"Paris, BnF lat. 1590, fol. 35rv","Vatican, BAV, Vat Lat 9868, fol. 437r-438r (18th-c transcription of Paris MS)",,,http://gallica.bnf.fr/ark:/12148/btv1b8427238x,,,Jasmin Hauck transcribed Paris MS and corrected it against Vatican MS,,,,Digital MS,,,Reviewed ,
0995,1345,1345,4,13,,,Bordeaux,Bordeaux,Bordeaux,France,,44.837912,-0.579541,D365,,,,,,Diocesan,,Amanieu de Cazes,,1344,1348,,Latin,,"Paris, BnF lat. 1590, fol. 35v-36v",,,,http://gallica.bnf.fr/ark:/12148/btv1b8427238x,,,Transcribed by Jasmin Hauck,,,,Digital MS,,,Reviewed ,
0996,1356,1355x1357,,,Yes,,Bordeaux,Bordeaux,Bordeaux,France,,44.837912,-0.579541,D365,,,,,,Diocesan,issued by vicar general & official Pierre Lacolre (legum professor),Amanieu de la Mothe,,1351,1360,Yes,Latin,,"Paris, BnF lat. 1590, fols. 37v-40",,,,http://gallica.bnf.fr/ark:/12148/btv1b8427238x,,,Transcribed by Jasmin Hauck,,,,Digital MS,,"issued by official Pierre Lacolre on behalf of bishop (according to FEG 13: Bordeaux, n. 527, he served as official from Jan 1355-Dec 1357, and as vicar general for the same period; text describes him as a 'law professor [legum professor]')
Lengthy discussion of need for priests to possess (or be familiar with) statutes, on pain of one silver mark",Reviewed ,
0997,1356,1356,,,,Easter,Bordeaux,Bordeaux,Bordeaux,France,,44.837912,-0.579541,D365,,,,,,Diocesan,,Amanieu de la Mothe,,1351,1360,Yes,Latin,,"Paris, BnF lat. 1590, fols. 36v-37v",,,,http://gallica.bnf.fr/ark:/12148/btv1b8427238x,,,Transcribed by Jasmin Hauck,,,,Digital MS,,,Reviewed ,
0998,1357,1356x1358,,,Yes,,Bordeaux,Bordeaux,Bordeaux,France,,44.837912,-0.579541,D365,,,,,,Diocesan,,Amanieu de la Mothe,,1351,1360,,Latin,,"Paris, BnF lat. 1590, fols. 40-45v","Vatican, BAV, Vat Lat 9868, ff. 441-449r (18th-c transcription of Paris MS)",,,http://gallica.bnf.fr/ark:/12148/btv1b8427238x,,,Jasmin Hauck transcribed Paris MS and corrected it against Vatican MS,,,,Digital MS,,Extensive details on synodal procedure,Reviewed ,
0999,1358,1358,10,23,,,Bordeaux,Bordeaux,Bordeaux,France,,44.837912,-0.579541,D365,,,,,,Diocesan,,Amanieu de la Mothe,,1351,1360,,Latin,,"Paris, BnF lat. 1590, fols. 45v-46v",,,,http://gallica.bnf.fr/ark:/12148/btv1b8427238x,,,Transcribed by Jasmin Hauck,,,,Digital MS,,,Reviewed ,
1000,1359,1359,,,,Easter,Bordeaux,Bordeaux,Bordeaux,France,,44.837912,-0.579541,D365,,,,,,Diocesan,,Amanieu de la Mothe,,1351,1360,,Latin,,"Paris, BnF lat. 1590, fols. 46v-62","Vatican, BAV, Vat Lat 9868, ff. 459-471r (18th-c transcription of Paris MS)",,,http://gallica.bnf.fr/ark:/12148/btv1b8427238x,,Reformatio quarumdam constitutionum,Jasmin Hauck transcribed Paris MS and corrected it against Vatican MS,,,,Digital MS,,Makes numerous revisions (and references) to earlier statutes,Reviewed ,
1001,1315,bef. 1318,,,Yes,"dating uncertain, certainly before 1318, as it is found in the later Liber Synodale of Cahors published in 1318 as well as the Liber Synodale of Tulle (1318x1328)",Cahors,Cahors,Bourges,France,,44.448333,1.441389,D383,,,,,,Diocesan,,,,,,,Latin,,,,"Martene, Thes, IV, 785-90",,https://books.google.com/books?id=bjSeGwAACAAJ,,Edition made e'x duobus MSS. monasterii S. Germani a Pratis': probably BnF Latin 13326 and 13327.,CoSyn transcription corrected against BnF Latin 13326 by Christine Barralis,,,,"GoogleBooks
Data Capture",,,Reviewed ,
1003,1309,1309,10,2,,,Cambrai,Cambrai,Reims,France,,50.175579,3.2345,D430,,,,,,Diocesan,"issued by Robert, dean of the cathedral chapter",sede vacante,,,,,Latin,,"Paris, BnF lat. 1591, fol. 28v-29v","Paris BnF lat. 1592, fol. 19rv (partial); Tilburg, Universiteitsbibliotheek (olim Bibliotheek Theologische Faculteit), HS 15, fol. 30r-31v","Reusens, Statuts, 56-57","partial: Gousset, APER, III, 77-80; Caspers, Synodale Statuten, 263-266 (from Tilburg MS)",,https://books.google.com/books?id=XNU-AAAAcAAJ,,CoSyn transcription from Reusens edition,,,,"GoogleBooks
Library Scan
WebDownload
Digital MS",Yes,,Reviewed ,
1008,1342,1342,,,,Easter,Carcassonne,Carcassonne,Narbonne,France,,43.21306,2.352028,D402,,,,,,Diocesan,,Gancelin Jean,Gaucelin de Jean,1338,1346,,Latin,,"Paris BnF lat 1613, fols 84v-85","Carcassonne, Bibl. dioc. Ms. 3, f. 84v-85r; Vatican, BAV, Vat Lat 9868, f. 430v (partial 18th-c copy of Paris MS);",,,http://gallica.bnf.fr/ark:/12148/btv1b10034655j,,,BnF MS (followed by BAV) gives defective text for c. 4; better version of c. 4 still to be transcribed from Carcassonne MS,,,,Digital MS,,,Reviewed ,
1010,1330,1330,,,,,Carcassonne,Carcassonne,Narbonne,France,,43.21306,2.352028,D402,,,,,,Diocesan,,Pierre de Jean,,1330,1338,,Latin,,"Paris BnF lat 1613, fols. 71r-73r","Vatican, BAV, Vat Lat 9868,  f. 277v-278r (partial 18th-c copy of Paris MS); Carcassonne, Bibliothèque diocésaine, ms. 3, fol. 76v-78r",,,http://gallica.bnf.fr/ark:/12148/btv1b10034655j,,,"Transcription by Jasmin Hauck (completed 25 April 2018), with readings of Paris MS checked against Vatican transcription and then partially checked  (by Christine Barralis) against readings of Carcassonne MS.",,,,Digital MS,,,Reviewed ,
1032,1360,1355x1368,,,Yes," copied 1368, giving terminus ante quem",Chartres,Chartres,Sens,France,,48.455847,1.484184,D457,,,,,,Diocesan,,,,,,,Latin,,,,"Jusselin, Chartres, 69-99","Martene, Vet Script, 7, coll 1360-64 ",,https://gallica.bnf.fr/ark:/12148/bpt6k68195x,,,,,,Hard Copy Scan,,Copy made in 1368 by J. Jacquelin,Reviewed ,
1036,1372,1372,4,6,,,Coutances,Coutances,Rouen,France,,49.046111,-1.443889,D436,,,,,,Diocesan,,Sylvestre de La Cervelle,,1371,1386,,Latin,,,,"Bessin, II, 560-64",,"https://books.google.com/books?id=0SGIk69vxS0C
",,,,,,,"GoogleBooks
Data Capture",,,Reviewed ,
1037,1375,1375,,,,Autumn,Coutances,Coutances,Rouen,France,,49.046111,-1.443889,D436,,,,,,Diocesan,,Sylvestre de La Cervelle,,1371,1386,,Latin,,,,"Bessin, II, 564-65",,"https://books.google.com/books?id=0SGIk69vxS0C
",,,,,,,"GoogleBooks
Data Capture",,,Reviewed ,
1038,1377,1377,,,,,Coutances,Coutances,Rouen,France,,49.046111,-1.443889,D436,,,,,,Diocesan,,Sylvestre de La Cervelle,,1371,1386,,Latin,,,,"Bessin, II, 565-66",,"https://books.google.com/books?id=0SGIk69vxS0C
",,,,,,,"GoogleBooks
Data Capture",,,Reviewed ,
1039,1434,1434/1438,,,,,Coutances,Coutances,Rouen,France,,49.046111,-1.443889,D436,,,,,,Diocesan,,Philibert de Montjeu,,1424,1439,,Latin,,,,"Bessin, Concilia Rothomagensis, II, 566",,https://books.google.com/books?id=0SGIk69vxS0C,,,,,,,"GoogleBooks
WebDownload",,,Reviewed ,
1040,1454,1454,,,,,Coutances,Coutances,Rouen,France,,49.046111,-1.443889,D436,,,,,,Diocesan,,Richard Olivier de Longueil,,1453,1470,,Latin,a version was apparently also promulgated in French,,,"Bessin, Concilia Rothomagensis, II, 566-67",,https://books.google.com/books?id=0SGIk69vxS0C,,"
",,,,,"GoogleBooks
WebDownload",,,Reviewed ,
1041,1479,1479,,,,Easter,Coutances,Coutances,Rouen,France,,49.046111,-1.443889,D436,,,,,,Diocesan,,Geoffroy Herbert,,1478,1510,,Latin,,,,"Bessin, Concilia Rothomagensis, II, 567-70","Le Cacheux, Statuts synodaux de Coutances, BEC 1901, t. 62, 611-617",https://books.google.com/books?id=0SGIk69vxS0C,,"
",,,,,"GoogleBooks
WebDownload",,,Reviewed ,
1042,1481,1481,,,,Easter,Coutances,Coutances,Rouen,France,,49.046111,-1.443889,D436,,,,,,Diocesan,,Geoffroy Herbert,,1478,1510,,Latin,,,,"Bessin, Concilia Rothomagensis, II, 570-73",,https://books.google.com/books?id=0SGIk69vxS0C,,"
",,,,,"GoogleBooks
WebDownload",,,Reviewed ,
1043,1487,1487,,,,Easter,Coutances,Coutances,Rouen,France,,49.046111,-1.443889,D436,,,,,,Diocesan,,Geoffroy Herbert,,1478,1510,,Latin,,,,"Bessin, Concilia Rothomagensis, II, 573-74",,https://books.google.com/books?id=0SGIk69vxS0C,,,,,,,"GoogleBooks
WebDownload",,,Reviewed ,
1044,1360,1360,10,20,,,Dax,Dax,Auch,France,,43.7072,-1.0553,D353,,,,,,Diocesan,,Pierre Itier,,1359,1361,,Latin,,,,"Degert, “Constitutions synodales,” Bulletin, 23, no. 3: 150-51; no. 4: 157-58",,https://books.google.com/books?id=en0UAAAAYAAJ,,Dax MS (Paris BnF Lat 1542) seems to have been a copy for private use (of the sort that clerics were instructed to possess); https://archivesetmanuscrits.bnf.fr/ark:/12148/cc59487x,,,,,"GoogleBooks
WebDownload",Yes,,Reviewed ,
1045,1401,1401,9,18,,,Dax,Dax,Auch,France,,43.7072,-1.0553,D353,,,,,,Diocesan,,Garsie-Arnaud de Navailles,,1401,1407,,Latin,,,,"Degert, “Constitutions synodales,” Bulletin, 23, no. 4: 158-164",,https://books.google.com/books?id=en0UAAAAYAAJ,,Dax MS (Paris BnF Lat 1542) seems to have been a copy for private use (of the sort that clerics were instructed to possess); https://archivesetmanuscrits.bnf.fr/ark:/12148/cc59487x,,,,,"GoogleBooks
WebDownload",Yes,,Reviewed ,
1046,1324,1324,,,,,Digne,Digne,Embrun,France,,44.093333,6.236389,D388,,,,,,Diocesan,,Guillaume de Sabran,,,,,Latin,,"Digne-les-Bains, Arch dép des Alpes-de-Haute-Provence, 1 G 1 [=G 1], fol XIIv-XVv","Digne-les-Bains, Arch dép des Alpes-de-Haute-Provence, 1 G 467, ol XIIv-XVv",,,,, [IRHT MF 07960] /  MF 07207,"Transcription of 1 G 001 checked against 1 G 467, a diplomatic transcription made by Canon Bondil of Digne (1790-1870)",,,,Digital MS,,,Reviewed ,"Kay, ""Hostiensis and some Provincial Councils of Embrun"", for discussion of MSS"
1047,1341,1341,5,22,,,Digne,Digne,Embrun,France,,44.093333,6.236389,D388,,,,,,Diocesan,,Elzear de Villeneuve,,1327,1341,,Latin,,"Digne-les-Bains, Arch dép des Alpes-de-Haute-Provence, 1 G 1 [=G 1], fol XLV-XLVI","Digne-les-Bains, Arch dép des Alpes-de-Haute-Provence, 1 G 467, fol XLV",,,,, [IRHT MF 07960]/  MF 07207,"Transcription of 1 G 001 checked against 1 G 467, a diplomatic transcription made by Canon Bondil of Digne (1790-1870)",,,,Digital MS,,,Reviewed ,"Kay, ""Hostiensis and some Provincial Councils of Embrun"", for discussion of MSS"
1048,1350,1341x1361,,,Yes,,Digne,Digne,Embrun,France,,44.093333,6.236389,D388,,,,,,Diocesan,,Jean Peisson,,1341,1361,,Latin,,"Digne-les-Bains, Arch dép des Alpes-de-Haute-Provence, 1 G 1 [=G 1], fol. XLVI","Digne-les-Bains, Arch dép des Alpes-de-Haute-Provence, 1 G 467, fol. XLVI",,,,, [IRHT MF 07960]/  MF 07207,"Transcription of 1 G 001 checked against 1 G 467, a diplomatic transcription made by Canon Bondil of Digne (1790-1870)",,,,Digital MS,,,Reviewed ,"Kay, ""Hostiensis and some Provincial Councils of Embrun"", for discussion of MSS"
1050,1411,1411,6,4,,,Dol-de-Bretagne,Dol,Tours,France,,48.550833,-1.755833,D444,,,,,,Diocesan,,Etienne Coeuvret,,1405,1429,,Latin,,,,"Statuts synodaux du diocèse de Dol, revus et publiés par Mathurin de Pledran, évêque de Dol. Nannetensis: per Guillermum Tourquetil, 1509, §71, 72-77",,http://www.tablettes-rennaises.fr/themes/rennes/static/flipbook/index.html?userid=0&docid=34287&language=fra,,Survive in 1509 compilation,,,,,Digital MS,,first article is followed by a separate set of five others,Reviewed ,
1051,1420,1411x1429,,,Yes,,Dol-de-Bretagne,Dol,Tours,France,,48.550833,-1.755833,D444,,,,,,Diocesan,,Etienne Coeuvret,,1405,1429,,Latin,,,,"Statuts synodaux du diocèse de Dol, revus et publiés par Mathurin de Pledran, évêque de Dol. Nannetensis: per Guillermum Tourquetil, 1509, §77",,http://www.tablettes-rennaises.fr/themes/rennes/static/flipbook/index.html?userid=0&docid=34287&language=fra,,Survive in 1509 compilation,,,,,Digital MS,,,Reviewed ,
1052,1435,1431x1437,,,Yes,,Dol-de-Bretagne,Dol,Tours,France,,48.550833,-1.755833,D444,,,,,,Diocesan,,Jean de Bruc,,1431,1437,,Latin,,,,"Statuts synodaux du diocèse de Dol, revus et publiés par Mathurin de Pledran, évêque de Dol. Nannetensis: per Guillermum Tourquetil, 1509, §78-81",,http://www.tablettes-rennaises.fr/themes/rennes/static/flipbook/index.html?userid=0&docid=34287&language=fra,,"Survive in 1509 compilation
",,,,,Digital MS,,,Reviewed ,
1053,1440,1437x1444,,,Yes,,Dol-de-Bretagne,Dol,Tours,France,,48.550833,-1.755833,D444,,,,,,Diocesan,,Alain de Lespervez,,1437,1444,,Latin,,,,"Statuts synodaux du diocèse de Dol, revus et publiés par Mathurin de Pledran, évêque de Dol. Nannetensis: per Guillermum Tourquetil, 1509, §82-85",,http://www.tablettes-rennaises.fr/themes/rennes/static/flipbook/index.html?userid=0&docid=34287&language=fra,,"Survive in 1509 compilation
",,,,,Digital MS,,,Reviewed ,
1054,1441,1441,6,8,,date missing from Pontal repertoire; given in text of statutes,Dol-de-Bretagne,Dol,Tours,France,,48.550833,-1.755833,D444,,,,,,Diocesan,,Alain de Lespervez,,1437,1444,,Latin,,,,"Statuts synodaux du diocèse de Dol, revus et publiés par Mathurin de Pledran, évêque de Dol. Nannetensis: per Guillermum Tourquetil, 1509, §85-89",,http://www.tablettes-rennaises.fr/themes/rennes/static/flipbook/index.html?userid=0&docid=34287&language=fra,,Survive in 1509 compilation,,,,,Digital MS,,,Reviewed ,
1055,1450,1444x1456,,,Yes,,Dol-de-Bretagne,Dol,Tours,France,,48.550833,-1.755833,D444,,,,,,Diocesan,,Raoul de la Moussaie,,1444,1456,,Latin,,,,"Statuts synodaux du diocèse de Dol, revus et publiés par Mathurin de Pledran, évêque de Dol. Nannetensis: per Guillermum Tourquetil, 1509, §89-93",,http://www.tablettes-rennaises.fr/themes/rennes/static/flipbook/index.html?userid=0&docid=34287&language=fra,,Survive in 1509 compilation,,,,,Digital MS,,,Reviewed ,
1056,1480,1478x1482,,,Yes,,Dol-de-Bretagne,Dol,Tours,France,,48.550833,-1.755833,D444,,,,,,Diocesan,,Michel Guibé,,1478,1482,,Latin,,,,"Statuts synodaux du diocèse de Dol, revus et publiés par Mathurin de Pledran, évêque de Dol. Nannetensis: per Guillermum Tourquetil, 1509, §93-98",,http://www.tablettes-rennaises.fr/themes/rennes/static/flipbook/index.html?userid=0&docid=34287&language=fra,,Survive in 1509 compilation,,,,,Digital MS,,,Reviewed ,
1059,1375,1367x1377,,,Yes,,Geneva,Geneva,Vienne,Switzerland,,46.2,6.15,D465,,,,,,Diocesan,,Guillaume de Marcossay,,1366,1377,,Latin,,"Sion, Arch. du Chapitre cathedral, Valere, Tiroir 3, n. 62, fols. 42rv",,,,,,Photo thanks to Mme. Chantal Ammann,preliminary transcription; needs careful review,,,,Digital MS,,,Reviewed ,
1060,1389,1389,,,,,Geneva,Geneva,Vienne,Switzerland,,46.2,6.15,D465,,,,,,Diocesan,,Guillaume de Lornay,,1388,1408,,Latin,,"Geneva, AE, MS hist 47, f°162-163v",,,,,,,,,,,Digital MS,,,Reviewed ,
1061,1394,1394,,,,,Geneva,Geneva,Vienne,Switzerland,,46.2,6.15,D465,,,,,,Diocesan,,Guillaume de Lornay,,1388,1408,,Latin,,"Geneva, AE, MS hist 47, f°164-166v",,"Fleury, HIstoire de l'Eglise de Geneve, I, 440-41",,https://books.google.com/books?id=Ov8PAAAAYAAJ,,,CoSyn transcription from Geneva MS,,,,"GoogleBooks
WebDownload
Digital MS",,"Summary of topics in Binz, Vie religieuse, 174-75",Reviewed ,
1062,1409,1409,4,24,,,Geneva,Geneva,Vienne,Switzerland,,46.2,6.15,D465,,,,,,Diocesan,,Jean de Bertrand,,1408,1418,,Latin,,"Geneva, AE, MS hist 47, f°168v-171r",,,,,,,,,,,Digital MS,,,Reviewed ,
1063,1418,1418x1432,,,Yes,"for dating, see Binz, Vie Religieuse, 167 - rubric states that these were issued by Jean de Bertrand, and text mentions him, but in fact by this point he had become AB Tarentaise, so it must have been issued by a different bishop of Geneva during JdB's tenure as AB]; given sequence in MS, I'm inclined to opt for an earlier date (pre-1420)",Geneva,Geneva,Vienne,Switzerland,,46.2,6.15,D465,,,,,,Diocesan,,,,,,,Latin,,"Geneva, AE, MS hist 47, f°171v-172v",,,,,,missing closing formula,,,,Yes,Digital MS,,,Reviewed ,
1064,1420,1420,,,,,Geneva,Geneva,Vienne,Switzerland,,46.2,6.15,D465,,,,,,Diocesan,Jean de La Rochetaillée was apostolic administrator of Geneva,Jean de La Rochetaillée,,1418,1422,,Latin,,"Geneva, AE, MS hist 47, f°173r-175r",,,,,,,,,,,Digital MS,,,Reviewed ,
1065,1431,1431,2,8,,,Geneva,Geneva,Vienne,Switzerland,,46.2,6.15,D465,,,,,,Diocesan,,Francois de Metz,,1426,1444,,Latin,,"Geneva, AE, MS hist 47, f° 78-88
","Geneva, AE, MS hist 47, f° 90-96 [incomplete]; fols. 97-102v
",,,,,MS Hist 47 contains three copies of these statutes,,,,,Digital MS,,"Summary of rubrics in Binz, Vie religieuse, 175-76

orders all curates to have copies of either Manipulus curatorum of Guy de Montrocher or the work of a certain William, Bp of Paris [perhaps Dialogus de septem sacramentis of the dominican Guillaume de Paris]",Reviewed ,
1066,1435,1435,,,,,Geneva,Geneva,Vienne,Switzerland,,46.2,6.15,D465,,,,,,Diocesan,,Francois de Metz,,1426,1444,,Latin,,"Geneva, AE, MS hist 47, f° 62-67v",,"Fleury, Histoire de l'Eglise de Geneve, I, 443-46",,https://books.google.com/books?id=Ov8PAAAAYAAJ,,,CoSyn transcription from Geneva MS,,,,Digital MS,,incorporates all of the chapters concerning baptism from the statutes of Eudes de Sully,Reviewed ,
1086,1312,1310x1316,,,Yes,[term ante set by elevation of Bp Raynaud to AB Bourges,Limoges,Limoges,Bourges,France,,45.85,1.25,D378,,,,,,Diocesan,,Raynaud de la Porte,,1294,1316,,Latin,,,,"Lecler, Anciens statuts, 140-42",,https://books.google.com/books?vid=HARVARD:32044100885706,,,,,,,"GoogleBooks
WebDownload",,,Reviewed ,
1087,1350,1321x1448,,,Yes,dating uncertain,Lisieux,Lisieux,Rouen,France,,49.146389,0.226667,D438,,,,,,Diocesan,,,,,,,Latin,,,,"Bessin, Concilia Rothomagensis, II, 480-81",,https://books.google.com/books?id=0SGIk69vxS0C,,,,,,,"GoogleBooks
WebDownload",,,Reviewed ,
1088,1448,1448,5,6,,,Lisieux,Lisieux,Rouen,France,,49.146389,0.226667,D438,,,,,,Diocesan,,Thomas Basin,,1447,1474,,Latin,,,,"Bessin, Concilia Rothomagensis, II, 481-487",,https://books.google.com/books?id=0SGIk69vxS0C,,,,,,,"GoogleBooks
WebDownload",,,Reviewed ,
1090,1298,aft. 1298,,,Yes,follows 1298 statutes in edition; unclear whether they were promulgated at same time or afterwards. Presumably issued by Henri de Villars (r. 1295-1301) or Louis de Villars (r. 1301-1308,Lyon,Lyon,Lyon,France,,45.759723,4.842223,D395,,,,,,Diocesan,,Henri or Louis de Villars,,,,,Latin,,,,"Statuta synodalia dioecesis Lugdunensis,[Lyon: Guillaume le Roy, 1485?],  fols 50-56v",,,,,"run pp. 105-114 in PDF (from ""Alia particularia statuta...""  to ""ut extra de elect. c. commissa eodem li.""",,,,Digital MS,,,Reviewed ,
1096,1493,1493,9,19,,,Meaux,Meaux,Sens,France,,48.960278,2.888333,D458,,,,,,Diocesan,,Jean L'Huillier,,1483,1500,,Latin,,,,"Du Plessis, Histoire de l'Eglise de Meaux (1731), II, 509-550","Sinodalia Meldensis diocesis statuta, Paris : Jean Du Pré, aft. 1493 ",https://books.google.com/books?id=jMQ-AAAAcAAJ,,"Incunable printing at Paris, BSG, 4 C 324 INV 322 RES (P.1)",CoSyn Transcription by Christine Barralis (improved version of Du Plessis text),,,,"GoogleBooks
WebDownload",,,Reviewed ,
1097,1320,1320,,,,"date given by Nicolas Travers in his autograph copy of Tours councils (see Pontal repertoire, 317, n3)",Nantes,Nantes,Tours,France,,47.21806,-1.55278,D443,,,,,,Diocesan,,Daniel Vigier,,1304,1337,,Latin,,"Nantes, BM 36, fol. 378 (=Travers, Concilia provinciae Turonensis, III)","Paris, BnF fr. 22354, fols 25-31; Paris, BnF Latin 1555, f. 14v-19r","Martene, Thes, IV, col 953-60",,https://books.google.com/books?id=bjSeGwAACAAJ,,,CoSyn Transcription from Martene edition,,,,"GoogleBooks
Data Capture",,,Reviewed ,
1098,1320,1304x1337,,,Yes,,Nantes,Nantes,Tours,France,,47.21806,-1.55278,D443,,,,,,Diocesan,,Daniel Vigier,,1304,1337,,Latin,,"Nantes, BM 36, fol. 381rv (=Travers, Concilia provinciae Turonensis, III)",,,,,,IRHT MF 06342-06343,,,,,Microfilm,,,Reviewed ,
1099,1370,1370,,,,"date given by Nicolas Travers in his autograph copy of Tours councils (see Pontal repertoire, 317, n3)",Nantes,Nantes,Tours,France,,47.21806,-1.55278,D443,,,,,,Diocesan,,Simon de Langres,,1366,1382,,Latin,,,,"Martene, Thes, IV, col 961-68",,https://books.google.com/books?id=bjSeGwAACAAJ,,,,,,,"GoogleBooks
Data Capture",,,Reviewed ,
1100,1371,1371,10,23,,,Nantes,Nantes,Tours,France,,47.21806,-1.55278,D443,,,,,,Diocesan,,Simon de Langres,,1366,1382,,Latin,,"Paris, Bib Arsenal 796, fol. 36rv",,,,https://gallica.bnf.fr/ark:/12148/btv1b52507387b/f59.item,,,Transcribed by Carole Avignon for CoSyn.,,,,Digital MS,,,Reviewed ,
1101,1372,1372,,,,,Nantes,Nantes,Tours,France,,47.21806,-1.55278,D443,,,,,,Diocesan,,Simon de Langres,,1366,1382,,Latin,,"Paris, Bib Arsenal 796, fol. 37r",,,,https://gallica.bnf.fr/ark:/12148/btv1b52507387b/f61.item,,,Transcribed by Carole Avignon for CoSyn.,,,,Digital MS,,,Reviewed ,
1102,1385,1385,10,19,,,Nantes,Nantes,Tours,France,,47.21806,-1.55278,D443,,,,,,Diocesan,,Jean I de Montrelais,,1382,1391,,Latin,,,,"Martene, Thes, IV, col 968-72",,https://books.google.com/books?id=bjSeGwAACAAJ,,,,,,,"GoogleBooks
Data Capture",,,Reviewed ,
1103,1387,1387,5,30,,,Nantes,Nantes,Tours,France,,47.21806,-1.55278,D443,,,,,,Diocesan,,Jean I de Montrelais,Jean de Montreslet,1382,1391,,Latin,,,,"Martene, Thes, IV, col 972-78",,https://books.google.com/books?id=bjSeGwAACAAJ,,,,,,,"GoogleBooks
Data Capture",,,Reviewed ,
1104,1389,1389,6,10,,,Nantes,Nantes,Tours,France,,47.21806,-1.55278,D443,,,,,,Diocesan,,Jean de Montrelais,Jean de Montreslet,1382,1391,,Latin,,"Paris, BnF Latin 1555, f. 19v-27r",,"Martene, Thes, IV, col 979-89",,https://books.google.com/books?id=bjSeGwAACAAJ,,,CoSyn Transcription from Martene edition,,,,"GoogleBooks
Data Capture",,,Reviewed ,
1105,1389,1389,9,18,,,Nantes,Nantes,Tours,France,,47.21806,-1.55278,D443,,,,,,Diocesan,,Jean de Montrelais,Jean de Montreslet,1382,1391,,Latin,,,,"Martene, Thes, IV, col 990-93",,https://books.google.com/books?id=bjSeGwAACAAJ,,,,,,,"GoogleBooks
Data Capture",,,Reviewed ,
1106,1405,1405,6,11,,,Nantes,Nantes,Tours,France,,47.21806,-1.55278,D443,,,,,,Diocesan,,Henri le Barbu,,1404,1419,,Latin,,,,"Martene, Thes, IV, col 993-94",,https://books.google.com/books?id=bjSeGwAACAAJ,,,,,,,"GoogleBooks
Data Capture",,,Reviewed ,
1107,1406,1406,6,3,,,Nantes,Nantes,Tours,France,,47.21806,-1.55278,D443,,,,,,Diocesan,,Henri le Barbu,,1404,1419,,Latin,,,,"Martene, Thes, IV, col 994-95",,https://books.google.com/books?id=bjSeGwAACAAJ,,,,,,,"GoogleBooks
Data Capture",,,Reviewed ,
1109,1408,1408,6,6,,,Nantes,Nantes,Tours,France,,47.21806,-1.55278,D443,,,,,,Diocesan,,Henri le Barbu,,1404,1419,,Latin,,,,"Martene, Thes, IV, col 995-98",,https://books.google.com/books?id=bjSeGwAACAAJ,,,,,,,"GoogleBooks
Data Capture",,,Reviewed ,
1110,1408,1408,10,24,,,Nantes,Nantes,Tours,France,,47.21806,-1.55278,D443,,,,,,Diocesan,,Henri le Barbu,,1404,1419,,Latin,,,,"Martene, Thes, IV, col 998-1001",,https://books.google.com/books?id=bjSeGwAACAAJ,,,,,,,"GoogleBooks
Data Capture",,,Reviewed ,
1111,1409,1409,5,30,,,Nantes,Nantes,Tours,France,,47.21806,-1.55278,D443,,,,,,Diocesan,,Henri le Barbu,,1404,1419,,Latin,,,,"Martene, Thes, IV, col 1002-3",,https://books.google.com/books?id=bjSeGwAACAAJ,,,,,,,"GoogleBooks
Data Capture",,,Reviewed ,
1113,1410,1410,5,15,,,Nantes,Nantes,Tours,France,,47.21806,-1.55278,D443,,,,,,Diocesan,,Henri le Barbu,,1404,1419,,Latin,,,,"Martene, Thes, IV, 1004-5",,https://books.google.com/books?id=bjSeGwAACAAJ,,,,,,,"GoogleBooks
Data Capture",,,Reviewed ,
1114,1410,1410,10,23,,,Nantes,Nantes,Tours,France,,47.21806,-1.55278,D443,,,,,,Diocesan,,Henri le Barbu,,1404,1419,,Latin,,,,"Martene, Thes, IV, 1005-6",,https://books.google.com/books?id=bjSeGwAACAAJ,,,,,,,"GoogleBooks
Data Capture",,,Reviewed ,
1115,1411,1411,6,4,,,Nantes,Nantes,Tours,France,,47.21806,-1.55278,D443,,,,,,Diocesan,,Henri le Barbu,,1404,1419,,Latin,,,,"Martene, Thes, IV, 1007",,https://books.google.com/books?id=bjSeGwAACAAJ,,,,,,,GoogleBooks,,,Reviewed ,
1120,1445,1445,10,21,,,Nantes,Nantes,Tours,France,,47.21806,-1.55278,D443,,,,,,Diocesan,,Guillaume de Malestroit,,1446,1461,,Latin,,,,"Martene, Thes, IV, 1008-11",,https://books.google.com/books?id=bjSeGwAACAAJ,,,,,,,"GoogleBooks
Data Capture",,Other statutes were also issued at Pentecost,Reviewed ,
1121,1446,1446,6,2,,,Nantes,Nantes,Tours,France,,47.21806,-1.55278,D443,,,,,,Diocesan,,Guillaume de Malestroit,,,,,Latin,,,,"Martene, Thes, IV, 1011-12",,https://books.google.com/books?id=bjSeGwAACAAJ,,,,,,,GoogleBooks,,,Reviewed ,
1122,1478,1478,5,14,,,Nantes,Nantes,Tours,France,,47.21806,-1.55278,D443,,,,,,Diocesan,,Pierre du Chaffault,,1477,1487,,Latin,with Old French translation,"Paris, BnF latin 1597, fol. 56-58 (with Old French version at fol. 65r-68v)",,"Martene, Thesaurus, IV, 1013-15","Morice...Memoires Bretagne, vol. 3, cols. 328-330",https://books.google.com/books?id=bjSeGwAACAAJ,,,,,,,"GoogleBooks
Data Capture",,,Reviewed ,
1123,1481,1481,6,10,,,Nantes,Nantes,Tours,France,,47.21806,-1.55278,D443,,,,,,Diocesan,,Pierre du Chaffault,,1477,1487,,Latin,,"Paris, BnF latin 1597, fol. 58v-61r, 71-73",,"Martene, Thesaurus, IV, 1015-17",,https://books.google.com/books?id=bjSeGwAACAAJ,,,,,,,"GoogleBooks
Data Capture",,,Reviewed ,
1124,1485,1481?x1499,,,Yes,"In the Paris MS, these come at the end of a series of statutes ordered chronologically, with the latest dated to 1481. Presumably these statutes were issued afterwards, but dating is uncertain",Nantes,Nantes,Tours,France,,47.21806,-1.55278,D443,,,,,,Diocesan,,,,,,,Old French,,"Paris, BnF lat 1597, fol. 73v-74v",,,,,,,"Transcribed by Christine Barralis. The capitula are not numbered in the MS.
",,,,Digital MS,,"Inc. Reverand père en Dieu Mgr. de Nantes par ses statuz synodaux inhibe et deffent à toutes et chacunes personnes 
Expl. ...et que lesdits perez, mères, et aultres ne soint coulpables de la mort de leurs enfans.
",Reviewed ,
1128,1499,1499,5,23,,,Nantes,Nantes,Tours,France,,47.21806,-1.55278,D443,,,,,,Diocesan,issued by vicar general Yves du Quirissec,Jean d'Espinay,,1493,1500,Yes,Latin,,,,"Martene, Thesaurus, IV, 1017-22",,https://books.google.com/books?id=bjSeGwAACAAJ,,,,,,,"GoogleBooks
Data Capture",,,Reviewed ,
1129,1257,1257,6,21,,,Narbonne,Narbonne,Narbonne,France,,43.1836,3.0042,D400,,,,,,Diocesan,,Guillaume de Broue,,,,,Latin,,"Vatican, BAV Vat lat. 9868, fol. 136",,"Avril, Statuts 6, 388-91",,,,,CoSyn Transcription from Avril edition,,,,"Hard Copy Scan
Digital MS",Yes,concerning tithes,Reviewed ,
1130,1260,1259x1261,,,Yes,,Narbonne,Narbonne,Narbonne,France,,43.1836,3.0042,D400,,,,,,Diocesan,,Guy de Foulques,Guy Foucois,1259,1261,,Latin,,,,"Avril, Statuts, 6, 394-95",,,,,,,,,Hard Copy Scan,Yes,,Reviewed ,
1135,1317,aft. 1317,,,Yes,ref. to Clementine constitutions in cc. 42 & 44 suggests post-1317 dating; Pontal repertoire gives aft. 1311,Paris,Paris,Sens,France,,48.24754,3.287659,D456,,,,,,Diocesan,,,,,,,Latin,,,,"Synodicon ecclesie Parisiensis, ed. Fr. de Harlay, Paris: Muguet, 1674. (pp29-51)",,https://books.google.com/books?id=Qz9AAAAAcAAJ,,"Paris, BnF B-5590, B-20473; Bib Sainte-Genevieve, C 8' 571 INV 161",,,,,"GoogleBooks
WebDownload",,"Inc. Si sint aliqui excusatores
Exp. ...obmisimus propter temporis brevitatem. ",Reviewed ,
1136,1220,1219x1224,,,Yes,,Paris,Paris,Sens,France,,48.24754,3.287659,D456,,,,,,Diocesan,,Guillaume de Seignelay,,1219,1224,,Latin,,,,"Pontal, Statuts, I, 100-101","Synodicon ecclesie Parisiensis, ed. Fr. de Harlay, Paris: Muguet, 1674. (pp26-28)",http://gallica.bnf.fr/ark:/12148/bpt6k6251679t,https://books.google.com/books?id=Qz9AAAAAcAAJ,"Paris, BnF B-5590, B-20473; Bib Sainte-Genevieve, C 8' 571 INV 161",,,,,"GoogleBooks
WebDownload",,,Reviewed ,
1137,1428,1428,10,21,,,Paris,Paris,Sens,France,,48.24754,3.287659,D456,,,,,,Diocesan,,Jacques du Chastelier,,1427,1438,,Latin,,,,"Synodicon ecclesie Parisiensis, ed. Fr. de Harlay, Paris: Muguet, 1674. (pp53-62)",,https://books.google.com/books?id=Qz9AAAAAcAAJ,,"Paris, BnF B-5590, B-20473; Bib Sainte-Genevieve, C 8' 571 INV 161",,,,,"GoogleBooks
WebDownload",,"Inc. Cum canonicae sanctiones prohibeant ne bigami
Exp. ...Eatis cum Domino et orate pro nobis. (32 articles)",Reviewed ,
1138,1441,1441,,,Yes,,Paris,Paris,Sens,France,,48.24754,3.287659,D456,,,,,,Diocesan,,Denis du Moulin,,1439,1447,,Latin,,,,"Synodicon ecclesie Parisiensis, ed. Fr. de Harlay, Paris: Muguet, 1674. (pp64-66)",,https://books.google.com/books?id=Qz9AAAAAcAAJ,,"Paris, BnF B-5590, B-20473; Bib Sainte-Genevieve, C 8' 571 INV 161",,,,,"GoogleBooks
WebDownload",,,Reviewed ,
1140,1365,1363x1370,,,Yes,,Poitiers,Poitiers,Bordeaux,France,,46.581945,0.336112,D371,,,,,,Diocesan,,Aimeri de Mons,,1363,1370,,Latin,,"Vatican, Regin. lat. 1065, fol. 44rb-44vb",,"Favreau, Saints, clercs, 124-133",,https://digi.vatlib.it/view/MSS_Reg.lat.1065,,,"CoSyn transcription from Favreau edition, cross-checked against initial transcription from MS by Deborah Shulevitz, Jeffrey Wayno, et al.",,,Yes,"Digital MS
Hard Copy Scan",,"Included as part of later compilation; initial sections clearly omitted in editing process, but impossible to determine to what extent",Reviewed ,
1141,1377,1377,5,26,,,Poitiers,Poitiers,Bordeaux,France,,46.581945,0.336112,D371,,,,,,Diocesan,,Bertrand de Maumont,,1376,1385,,Latin,,"Vatican, Regin. lat. 1065, fol. 44vb-45rb",,"Favreau, Saints, clercs, 134-141",,https://digi.vatlib.it/view/MSS_Reg.lat.1065,,"MS was produced shortly after 1377, and contains numerous earlier provincial and diocesan statutes; additional booklets were added to the end, with the statutes of Gerard de Montaigu (1403x1409) as the latest additions","CoSyn transcription from Favreau edition, cross-checked against initial transcription from MS by Deborah Shulevitz, Jeffrey Wayno, et al.",,,,"Digital MS
Hard Copy Scan",,,Reviewed ,
1142,1387,1387,5,8,,,Poitiers,Poitiers,Bordeaux,France,,46.581945,0.336112,D371,,,,,,Diocesan,,Simon de Cramaud,,1385,1391,,Latin,,"Vatican, Regin. lat. 1065, fol. 46-48",,"Favreau, Saints, clercs, 142-159",,https://digi.vatlib.it/view/MSS_Reg.lat.1065,,,"CoSyn transcription from Favreau edition, cross-checked against initial transcription from MS by Deborah Shulevitz, Jeffrey Wayno, et al.",,,,"Digital MS
Hard Copy Scan",,"Archpriests and deans to receive copies, and to provide to the rectors of their jurisdiction
(40) Item, precipimus vobis omnibus archipresbiteris et decanis quod copiam predictarum constitucionum accipiatis a prelatis, rectoribusque vestrorum archipresbiteratuum et decanatuum traddatis, si petierint, in quantum ipsos tangit, ne aliquis valeat excusacionem pretendere super predictis pretextu ignorantie.
",Reviewed ,
1143,1396,1396,5,11,,,Poitiers,Poitiers,Bordeaux,France,,46.581945,0.336112,D371,,,,,,Diocesan,,Ithier de Martreuil,,1395,1403,,Latin,,"Vatican, Regin. lat. 1065, fol. 48v-49r",,"Favreau, Saints, clercs, 160-165",,https://digi.vatlib.it/view/MSS_Reg.lat.1065,,,"CoSyn transcription from Favreau edition, cross-checked against initial transcription from MS by Deborah Shulevitz, Jeffrey Wayno, et al.",,,,"Digital MS
Hard Copy Scan",,,Reviewed ,
1144,1396,1396,10,19,,,Poitiers,Poitiers,Bordeaux,France,,46.581945,0.336112,D371,,,,,,Diocesan,,Ithier de Martreuil,,1395,1403,,Latin,,"Vatican, Regin. lat. 1065, fol. 49",,"Favreau, Saints, clercs, 166-167",,https://digi.vatlib.it/view/MSS_Reg.lat.1065,,,"CoSyn transcription from Favreau edition, cross-checked against initial transcription from MS by Deborah Shulevitz, Jeffrey Wayno, et al.",,,,Digital MS,,,Reviewed ,
1145,1405,1403x1409,,,Yes,,Poitiers,Poitiers,Bordeaux,France,,46.581945,0.336112,D371,,,,,,Diocesan,,Gérard de Montaigu,,1403,1409,,Latin,,"Vatican, Regin. lat. 1065, fol. 50-51v",,"Favreau, Saints, clercs, 168-173",,https://digi.vatlib.it/view/MSS_Reg.lat.1065,,,"CoSyn transcription from Favreau edition, cross-checked against initial transcription from MS by Deborah Shulevitz, Jeffrey Wayno, et al.",,,,"Digital MS
Hard Copy Scan",,,Reviewed ,
1146,1406,1406,5,13,,,Poitiers,Poitiers,Bordeaux,France,,46.581945,0.336112,D371,,,,,,Diocesan,,Gérard de Montaigu,,1403,1409,,Latin,,"Vatican, Regin. lat. 1065, fol. 52-53",,"Favreau, Saints, clercs, 174-177",,https://digi.vatlib.it/view/MSS_Reg.lat.1065,,,"CoSyn transcription from Favreau edition, cross-checked against initial transcription from MS by Deborah Shulevitz, Jeffrey Wayno, et al.",,,,"Digital MS
Hard Copy Scan",,,Reviewed ,
1147,1413,1413,10,,Yes,Possibly issued in one of the following years,Poitiers,Poitiers,Bordeaux,France,,46.581945,0.336112,D371,,,,,,Diocesan,,,,,,,Latin,,,,"Favreau, Saints, clercs, 178-181","Martene, Thes., IV, col. 1076-78",,https://books.google.com/books?id=bjSeGwAACAAJ,Survives only in Martene-Durand edition.,,,,,"GoogleBooks
Hard Copy Scan",,,Reviewed ,
1150,1380,1357x1383,,,Yes,"dated 1384 in Pontal repertoire, but that postdates death of issuing bishop",Quimper,Quimper,Tours,France,aka diocese of Cornouaille,47.9967,-4.0964,D445,,,,,,Diocesan,,Geoffroy Le Marhec,,1357,1383,,Latin,,"Paris, BnF 1547, fol. 1-33r",,,,http://gallica.bnf.fr/ark:/12148/btv1b100334701,,[R 25031] [downloaded from BnF],,,,,Digital MS,,"survives in compilation made post-1499; large parts appear in Saint-Brieuc 1421: https://books.google.com/books?id=5HBNAAAAMAAJ (pp. 20ff), which was used in places to restore readings where Quimper MS was damaged",Reviewed ,
1152,1397,1397,5,2,,,Reims,Reims,Reims,France,,49.26278,4.03472,D421,,,,,,Diocesan,"Statutes in the form of a ""lettre-circulaire"", but clearly issued in a synod.",Guy de Roye,,1390,1409,,Latin,,"Paris, BnF lat. 1598, fol 59-61v","Vatican, BAV, Vat Lat 9868, f. 534v-535v",,,,,18th-c transcription in Vatican MS,"Transcribed V. Beaulande-Barraud, 24/04/2018",,,,Digital MS,,"Inc. Universis presentes...
Expl. ...una cum sigillo nostro appenso. [Vacat subscriptio dicti notarii]",Reviewed ,
1153,1450,1449x1473,,,Yes,dated incorrectly to 1397 in Pontal ed.; correct dating from Veronique Beaulande-Barraud (who notes on f. 64r a reference to 'domino Johanni archiepiscopo '),Reims,Reims,Reims,France,,49.26278,4.03472,D421,,,,,,Diocesan,,Jean Jouvenel des Ursins,,1449,1473,Yes,Latin,,"Paris, BnF lat. 1598, fols 62r-65r",,,,,,"VBB: ""Les statuts sont incomplets du début, à moins que le copiste n’ait fait le choix de les intégrer sous cette forme au manuscrit pour créer une unité fictive avec les précédents : dans le manuscrit, les statuts postérieurs à ceux de Guillaume de Trie sont numérotés dans la continuité de ceux-ci. L’extrait transcrit ici ne porte en revanche pas de numéro ; il est copié postérieurement à l’ensemble, d’une autre main et avec moins de soin."" 
",Transcribed by Veronique Beaulande-Barraud,,,Yes,Digital MS,,,Reviewed ,
1160,1311,1311,,,,Autumn,Rouen,Rouen,Rouen,France,,49.443889,1.103333,D433,,,,,,Diocesan,issued by vicar J. de Cropio,Gilles Ascelin,Gilles Aycelin de Montaigu,1311,1318,Yes,Latin,,"Rouen, BM, 1181 (Y 223A), fol 32v-33v",,"Bessin, Concilia, II, 84",,https://books.google.com/books?id=0SGIk69vxS0C,,,CoSyn transcription from Bessin edition,,,,"GoogleBooks
WebDownload",,"Title; Precepta sinodalia facta sacerdotibus per magistrum J. de Cropeio vicarium reverendi.

",Reviewed ,
1161,1415,1415,,,,Summer,Rouen,Rouen,Rouen,France,,49.443889,1.103333,D433,,,,,,Diocesan,"Presented by Master Hugo de Calencone, cantor of Clermont and doctor utriusque",Louis I d'Harcourt,,1409,1422,Yes,Latin,,,,"Bessin, Concilia Rothomagensis, II, 92-93",,https://books.google.com/books?id=0SGIk69vxS0C,,,,,,,"GoogleBooks
WebDownload",,List of reserved cases,Reviewed ,
1162,1476,1476,11,4,,Synod held 4-5 November,Rouen,Rouen,Rouen,France,,49.443889,1.103333,D433,,,,,,Diocesan,,Guillaume VII d'Estouteville,,1453,1483,Yes,Latin,,,,"Bessin, Concilia Rothomagensis, II, 102-103",,https://books.google.com/books?id=0SGIk69vxS0C,,"
",,,,,"GoogleBooks
WebDownload",,,Reviewed ,
1187,1448,1448,,,,,Saint-Malo,Saint-Malo,Tours,France,,48.648056,-2.0075,D448,,,,,,Diocesan,,Pierre Piedru,,,,,Latin,,"Nantes, BM, 36, fol. 424v [Travers, Concilia, III]",,"Pérennès, Statuts synodaux, 241
",,,,Brief extracts only,Transcribed from Nantes MS (IRHT microfilm) by RWD - 18-7-2016.,,,,Microfilm,,"Omnibus et singulis rectoribus et eorum capellanis curatis nostrae dioecesis districte praecipientes mandamus quatinus nomina omnium et singulorum suorum parochianorum excommunicatorum et interdictorum, in pronis Missarum Parochialium Singulis diebus dominicis  praecipuisque festivitatibus publice legant, ipsos excommunicatos nuncient et ab eorum Ecclesiis pellant, ut huiusmodi rubore confusi ad gremium sanctae matris Ecclesiae redeant, et eius mandatis et juri pareant ac intendant cum effectu. Et illorum qui ultra annum excommunicationis sententiam sustinuerint, Promotoribus causarum officii curiarum nostrarum nomina reportent.",Reviewed ,
1193,1304,1304,,,,Easter,Saintes,Saintes,Bordeaux,France,,45.7464,-0.6333,D374,,,,,,Diocesan,,Guy de Neufville,,1296,1312,,Latin,,,,"Avril, Statuts V, 79-80","Constitutiones synodales Xantonensis ecclesie, Pictavii: ex officina Marnesiorum fratrum sub Pelicano, 1541 [fols. 75-76v]",,,,,,,,Hard Copy Scan,Yes,"Constitutiones synodales Guydonis episcopi [Guy de Neufville], promulgate in synodo Paschali...

Inc. Statuimus quod quicumque clericos seu ecclesiasticas personas...
Expl. ...excommunicationis sententie volumus subiacere quam ipso facto se noverint incursuros. (5 articles)",Reviewed ,
1195,1347,1347,11,22,,,Sion,Sion,Tarentaise,Switzerland,aka Sitten,46.227778,7.358611,D462,,,,,,Diocesan,,Guichard Tavelli,,1342,1375,,Latin,,,,"Gremaud, Documents, 32, 471-4 [n. 1925]",,https://books.google.com/books?id=CScA2bVa2X4C,,,,,,,"GoogleBooks
Data Capture",,,Reviewed ,
1196,1370,1370,,,,,Sion,Sion,Tarentaise,Switzerland,aka Sitten,46.227778,7.358611,D462,,,,,,Diocesan,,Guichard Tavel,,1342,1375,,Latin,,,,"Gremaud, Documents, 33, 370-74 [n. 2145]",,https://books.google.com/books?id=CScA2bVa2X4C,,,,,,,"GoogleBooks
Data Capture",,,Reviewed ,
1198,1403,1403,5,30,,,Soissons,Soissons,Reims,France,,49.381667,3.323611,D427,,,,,,Diocesan,,Simon de Bucy,,1362,1404,,Latin,,,,"Gousset, APER II, 624-26",,https://books.google.com/books?id=L9U-AAAAcAAJ,,,,,,,WebDownload,,,Reviewed ,
1199,1251,1251,2,25,,,Strasbourg,Strasbourg,Mainz,France,,48.58476,7.750576,D558,,,,,,Diocesan,,Henri III de Stahleck,Heinrich III. von Stahleck,1245,1260,,Latin,,"Strasbourg, Arch dep., G 57 (charter)",,"Mone, Kirchenverordnungen, 142-150",,,,,CoSyn Transcription from Mone edition,,,,"GoogleBooks
Library Scan
WebDownload",Yes,,Reviewed ,"For fallout, see Woytt, Administration episcopale, 189"
1209,1452,1452,,,,Easter,Toulouse,Toulouse,Toulouse,France,,43.6045,1.444,D412,,,,,,Diocesan,,,,,,,Latin,,,,"Peyronet, Ius sacrum, I, 1-164",,http://documents.univ-toulouse.fr/150NDG/PPN075576414.pdf,,Online scan (from microfilm) is poor;*BnF copy was too fragile to be copied,,,,,"Other
Data Capture",,Contains statutes issued by earlier bishops,Reviewed ,"see J. Guyader, Les bonnes moeurs de clerge au XVe siecle (Les bonnes moeurs, Paris 1994, pp81-104)"
1210,1481,1481,,,,,Toulouse,Toulouse,Toulouse,France,,43.6045,1.444,D412,,,,,,Diocesan,,,,,,,Latin,,,,"Peyronet, Ius sacrum, II, 607-14",,http://documents.univ-toulouse.fr/150NDG/PPN129811386.pdf,,Online scan (from microfilm) is poor; these pages missing from RWD's personal copy,,,,,Microfilm,,,Reviewed ,
1211,1369,1369,,,,"Statutes (according to text) were ""confirmed and renewed by his successors"", including Philippe d'Aussay and Louis de la Tremouille. Some of the statutes (e.g. chs. 79-80) date to 1376/77.",Tournai,Tournai,Reims,Belgium,,50.6,3.383333,D432,,,,,,Diocesan,Chs. 64-83 seem to be statutes for the deanery of Seclin (some of which were published in 1376/77),Philippe d'Arbois,,1351,1377,,Latin,,"Paris, BnF Picardie 236, fol. 7-17",,,,https://gallica.bnf.fr/ark:/12148/btv1b10034097t,,"
","Transcribed by Véronique Beaulande-Barraud (August 2019); ""Le manuscrit est très fautif et la transcription est plus difficile que la simple paléographie ne le laisse penser ; les erreurs les plus grossières sont indiquées en note, tout comme les lectures. Lorsqu’il s’agit juste de graphies atypiques, elles sont indiquées par (sic) après le mot.""",,,,Digital MS,,"Statuta sinodalia facta in synodo per Reverendum...dominum Derbois Philippum
Expl. ...contractus nullum sit ipso facto et dictos fructus predictum tempus perdat.
(92 articles)

VBB: ""Ces statuts sont publiés à l'occasion de la création du doyenné de Seclin, découpé de celui de Lille ; ils visent notamment à régler des questions très pratiques posées par cette évolution institutionnelle""",Reviewed ,"Tabbagh, ""Les statuts synodaux de Tournai,"" 24 (https://popups.uliege.be/1370-2262/index.php?id=1003)"
1218,1481,1481,10,4,,Le Groux suggests that Ferry de Clugny renewed the earlier statutes of 1416 and 144,Bruges,Tournai,Reims,Belgium,held in church of St-Saviour,51.216667,3.233333,D432,,,,,,Diocesan,,Ferry de Clugny,,,,,Latin,,,,"Hartzheim, Concilia, V, 525-540","Gousset APER II 749-71; Le Groux, Summa statutorum, 81-117",https://books.google.com/books?id=5omrmKa4k-IC,https://books.google.com/books?id=L9U-AAAAcAAJ,,,,,,"Library Scan
GoogleBooks
Data Capture",,Clugny was an experienced canon lawyer.,Reviewed ,
1219,1396,Bef. 1396,,,Yes,"Bulk of the statutes predate 1396, though it is possible that they were first promulgated in that year",Tours,Tours,Tours,France,,47.393611,0.689167,D440,,,,,,Compilation (Diocesan),LIber synodalis,,,,,,Latin,,,,"Fougeron, Statuts synodaux, 56-115",,,,With French translation on facing page,,,,,"Library Scan
WebDownload",Yes,"Almost identical to the ""Synodal de l'Ouest"" (i.e. Angers 1216x1219)",Reviewed ,
1220,1396,1396,10,19,,,Tours,Tours,Tours,France,,47.393611,0.689167,D440,,,,,,Diocesan,,Ameil Dubreuil,,,,,Old French,,"Paris, BnF lat. 1237, fol. 51v-80v",,"Fougeron, Statuts synodaux du diocese de Tours, p116-122",,https://gallica.bnf.fr/ark:/12148/btv1b10073865m,,,CoSyn transcription from Fougeron edition,,,,"Digital MS
Library Scan",,"Inc. Cy sont les statuz synodaulx faitz et publiez le jeudi apres la feste de S. Luc l'an mil CCC IIIIxx et seze en L'Eglise de Tours de Monseigneur Ameil... Comme le senne soit establi...
Expl. ....Que chacun d'eux ait et preigne et rapporte la vraye coppie de ces presens nos statuts et ordonnances.
(23 articles in French, followed by 'petitions du Pater, articles de Foi, fetes annuelles')",Reviewed ,
1221,1423,1423,10,20,,,Tréguier,Tréguier,Tours,France,,48.785833,-3.231111,D450,,,,,,Diocesan,,Jean III de Bruc,,1422,1430,,Latin,,,,"Martene, Thes, IV, 1129-30",,https://books.google.com/books?id=bjSeGwAACAAJ,,,"Martene edition is only partial, with references to reissued texts already printed above",,,,"GoogleBooks
Data Capture",,,Reviewed ,
1222,1426,1426,10,23,,,Tréguier,Tréguier,Tours,France,,48.785833,-3.231111,D450,,,,,,Diocesan,,Jean III de Bruc,,1422,1430,,Latin,,,,"Martene, Thes, IV, 1131-33",,https://books.google.com/books?id=bjSeGwAACAAJ,,,,,,,"GoogleBooks
Data Capture",,,Reviewed ,
1223,1431,1431,10,24,,,Tréguier,Tréguier,Tours,France,,48.785833,-3.231111,D450,,,,,,Diocesan,issued by Vicars general,Pierre IV Piédru,Pierre IV Predou,1430,1435,Yes,Latin,,,,"Martene, Thes, IV, 1133-37",,https://books.google.com/books?id=bjSeGwAACAAJ,,,,,,,"GoogleBooks
Data Capture",,,Reviewed ,
1224,1435,1435,,,,,Tréguier,Tréguier,Tours,France,,48.785833,-3.231111,D450,,,,,,Diocesan,,Raoul Rolland,,1435,1441,,Latin,,,,"Martene, Thes, IV, 1137-41",,https://books.google.com/books?id=bjSeGwAACAAJ,,,,,,,"GoogleBooks
Data Capture",,,Reviewed ,
1225,1436,1436,5,31,,,Tréguier,Tréguier,Tours,France,,48.785833,-3.231111,D450,,,,,,Diocesan,,Raoul Rolland,,1435,1441,,Latin,,,,"Martene, Thes, IV, 1141-42",,https://books.google.com/books?id=bjSeGwAACAAJ,,,,,,,"GoogleBooks
Data Capture",,,Reviewed ,
1226,1436,1436,10,24,,,Tréguier,Tréguier,Tours,France,,48.785833,-3.231111,D450,,,,,,Diocesan,,Raoul Rolland,,1435,1441,,Latin,,,,"Martene, Thes, IV, 1143-45",,https://books.google.com/books?id=bjSeGwAACAAJ,,,,,,,"GoogleBooks
Data Capture",,,Reviewed ,
1227,1437,1437,5,23,,,Tréguier,Tréguier,Tours,France,,48.785833,-3.231111,D450,,,,,,Diocesan,,Raoul Rolland,,1435,1441,,Latin,,,,"Martene, Thes, IV, 1145-47",,https://books.google.com/books?id=bjSeGwAACAAJ,,,,,,,"GoogleBooks
Data Capture",,,Reviewed ,
1228,1439,1439,5,28,,,Tréguier,Tréguier,Tours,France,,48.785833,-3.231111,D450,,,,,,Diocesan,,Raoul Rolland,,1435,1441,,Latin,,,,"Martene, Thes, IV, 1147-49",,https://books.google.com/books?id=bjSeGwAACAAJ,,,,,,,"GoogleBooks
Data Capture",,,Reviewed ,
1229,1440,1440,10,19,,,Tréguier,Tréguier,Tours,France,,48.785833,-3.231111,D450,,,,,,Diocesan,,Raoul Rolland,,1435,1441,,Latin,,,,"Martene, Thes, IV, 1149-52",,https://books.google.com/books?id=bjSeGwAACAAJ,,,,,,,"GoogleBooks
Data Capture",,,Reviewed ,
1230,1450,1450,,,,,Tréguier,Tréguier,Tours,France,,48.785833,-3.231111,D450,,,,,,Diocesan,,Jean de Ploeuc,,1442,1453,,Latin,,,,"Martene, Thes IV, 1152-54",,https://books.google.com/books?id=bjSeGwAACAAJ,,,,,,,"GoogleBooks
Data Capture",,,Reviewed ,
1231,1455,1455,,,,,Tréguier,Tréguier,Tours,France,,48.785833,-3.231111,D450,,,,,,Diocesan,,Jean de Coëtquis,,1454,1464,,Latin,,,,"Martene, Thesaurus, IV, 1154-56",,https://books.google.com/books?id=bjSeGwAACAAJ,,,,,,,"GoogleBooks
Data Capture",,,Reviewed ,
1232,1456,1456,,,,,Tréguier,Tréguier,Tours,France,,48.785833,-3.231111,D450,,,,,,Diocesan,,Jean de Coëtquis,,1454,1464,,Latin,,,,"Martene, Thesaurus, IV, 1157-60",,https://books.google.com/books?id=bjSeGwAACAAJ,,,,,,,"GoogleBooks
Data Capture",,,Reviewed ,
1233,1457,1457,,,,,Tréguier,Tréguier,Tours,France,,48.785833,-3.231111,D450,,,,,,Diocesan,,Jean de Coëtquis,,1454,1464,,Latin,,,,"Martene, Thesaurus, IV, 1160-63",,https://books.google.com/books?id=bjSeGwAACAAJ,,,,,,,"GoogleBooks
Data Capture",,,Reviewed ,
1234,1459,1459,,,,,Tréguier,Tréguier,Tours,France,,48.785833,-3.231111,D450,,,,,,Diocesan,,Jean de Coëtquis,,1454,1464,,Latin,,,,"Martene, Thesaurus, IV, 1163-65",,https://books.google.com/books?id=bjSeGwAACAAJ,,,,,,,"GoogleBooks
Data Capture",,,Reviewed ,
1235,1462,1462,,,,,Tréguier,Tréguier,Tours,France,,48.785833,-3.231111,D450,,,,,,Diocesan,,Jean de Coëtquis,,1454,1464,,Latin,,,,"Martene, Thesaurus, IV, 1165-67",,https://books.google.com/books?id=bjSeGwAACAAJ,,,,,,,GoogleBooks,,,Reviewed ,
1236,1467,1467,,,,,Tréguier,Tréguier,Tours,France,,48.785833,-3.231111,D450,,,,,,Diocesan,,Christophe du Chastel,,1466,1479,,Latin,,,,"Martene, Thesaurus, IV, 1167",,https://books.google.com/books?id=bjSeGwAACAAJ,,,,,,,GoogleBooks,,,Reviewed ,
1237,1469,1469,,,,,Tréguier,Tréguier,Tours,France,,48.785833,-3.231111,D450,,,,,,Diocesan,,Christophe du Chastel,,1466,1479,,Latin,,,,"Martene, Thesaurus, IV, 1167-71",,https://books.google.com/books?id=bjSeGwAACAAJ,,,,,,,GoogleBooks,,,Reviewed ,
1238,1485,1485,,,,,Tréguier,Tréguier,Tours,France,,48.785833,-3.231111,D450,,,,,,Diocesan,,Robert Guibé,,1483,1502,,Latin,,,,"Martene, Thesaurus, IV, 1171-73",,https://books.google.com/books?id=bjSeGwAACAAJ,,,,,,,"GoogleBooks
Data Capture",,,Reviewed ,
1239,1493,1493,,,,,Tréguier,Tréguier,Tours,France,,48.785833,-3.231111,D450,,,,,,Diocesan,,Robert Guibé,,1483,1502,,Latin,,,,"Martene, Thesaurus, IV, 1173-75",,https://books.google.com/books?id=bjSeGwAACAAJ,,,,,,,"GoogleBooks
Data Capture",,,Reviewed ,
1240,1494,1494,,,,,Tréguier,Tréguier,Tours,France,,48.785833,-3.231111,D450,,,,,,Diocesan,,Robert Guibé,,1483,1502,,Latin,,,,"Martene, Thesaurus, IV, 1175-76",,https://books.google.com/books?id=bjSeGwAACAAJ,,,,,,,GoogleBooks,,,Reviewed ,
1241,1495,1495,,,,,Tréguier,Tréguier,Tours,France,,48.785833,-3.231111,D450,,,,,,Diocesan,,Robert Guibé,,1483,1502,,Latin,,,,"Martene, Thesaurus, IV, 1176-78",,https://books.google.com/books?id=bjSeGwAACAAJ,,,,,,,GoogleBooks,,,Reviewed ,
1242,1495,1495,,,,,Trier,Trier,Trier,Germany,,49.7596,6.6439,D573,,,,,,Diocesan,,,,,,,Latin,,,,"Hartzheim, Concilia, V, 662-63",,https://books.google.com/books?id=pd9KAAAAcAAJ,,,,,,,"GoogleBooks
Data Capture",,,Reviewed ,
1251,1238,1238,,,,,Cognac,Angoulème,Bordeaux,France,"Diocesan affiliation unclear (it is now in diocese of Angouleme, but I'm not sure about the 13th-c)",45.7,-0.33,P014,,,,,,Provincial,,Géraud de Malemort,,1227,1261,,Latin,,"Paris, BnF lat 1590, f 16r-20v",,"Mansi 23, cols 485-496","Avril, Statuts, V 14-15",https://gallica.bnf.fr/ark:/12148/btv1b8427238x/f39.image,https://books.google.com/books?id=CSdPAAAAYAAJ,"Consists entirely of extracts from earlier texts, notably the Synodal de l'Ouest and  Bordeaux 1234 (CoSyn ID 0047)
","Avril edition gives only incipits and cross-references to sources, so Mansi edition was used for CoSyn transcription",,,,Hard Copy Scan,Yes,,Reviewed ,
1252,1260,1260,,,,"Said to be issued by Pierre, AB Bordeaux, but he took office in 1262. ",Cognac,Angoulème,Bordeaux,France,,45.7,-0.33,P014,,,,,,Provincial,,,,,,,Latin,,,,"Mansi 23, cols 1031-1038","Avril, Statuts, V 17-18",https://books.google.com/books?id=CSdPAAAAYAAJ,,,"Avril edition gives only incipits and cross-references to sources, so Mansi edition was used for CoSyn transcription",,,,Hard Copy Scan,Yes,All except for c. 10 end up in the 1263 Bordeaux synodal statutes,Reviewed ,
1253,1280,1280,,,,Winter,Saintes,Saintes,Bordeaux,France,,45.7464,-0.6333,D374,,,,,,Diocesan,,Geoffroy de Saint-Briçon,,1277,1284,,Latin,,,,"Avril, Statuts, V, 69-73","Constitutiones synodales Xantonensis ecclesie, Pictavii: ex officina Marnesiorum fratrum sub Pelicano, 1541 (ff.28-32)",,,,,,,,"Hard Copy Scan
Digital MS",Yes,"
",Reviewed ,
1254,1282,1282,,,,Easter,Saintes,Saintes,Bordeaux,France,,45.7464,-0.6333,D374,,,,,,Diocesan,,Geoffroy de Saint-Briçon,,1277,1284,,Latin,,,,"Avril, Statuts, V, 74-76","Constitutiones synodales Xantonensis ecclesie, Pictavii: ex officina Marnesiorum fratrum sub Pelicano, 1541 (ff. 32v-35)",,,,,,,,"Hard Copy Scan
Digital MS",Yes,"
",Reviewed ,
1255,1231,1231/1232,,,,1231 or or early 1232,Rouen,Rouen,Rouen,France,,49.443889,1.103333,P065,,,,,,Provincial,,Maurice,,1231,1237,,Latin,,,,"Bessin, Concilia, I, pp134-38",,https://books.google.com/books?id=0SGIk69vxS0C,,,,,,,"GoogleBooks
Data Capture",,"49 canons
c. 49 (the last) gives ""Iudei omnes propter qualitatem habitus a Christianis disiungantur..."" (instead of 'distinguantur', per Lat IV c.68), probably a scribal slip but one that strengthens the sense of separation rather than mere differentiation",Reviewed ,
1256,1256,1256 (ca.),,,Yes,,Wrocław,Wrocław,Gniezno,Poland,,51.116667,17.033333,D537,,,,,,Diocesan,,Thomas of Wrocław,,1232,1268,,Latin,,,,"Sawicki X, 327-28",,,,,,,,Yes,"Library Scan
Hard Copy Scan",Yes,,Reviewed ,
1257,1257,1257,10,14,,"KDM lists these statutes as uncertain place/year, but suggests these might have been issued at the synod of Łęczyca in 1244; Abraham and Sawicki date these to 1257 (generally accepted)",Łęczyca,Wrocław,Gniezno,Poland,place uncertain,52.05,19.2,P032,,,,,,Provincial,,Fulk,Pełka,,,,Latin,,,,"Sawicki X, 328-29","Kodeks Dyplomatyczny Wielkopolski, t. 1,  (Poznan, 1877), no. 361",,http://www.wbc.poznan.pl/Content/20061/kw_01.html,,,,,Yes,"Library Scan
Hard Copy Scan",Yes,"Fragment; gathering of all Polish bishops and the metropolitan
1st redaction of the statute Crescente cottidie...; a second redaction perhaps dates from 1287 (see Krafl, Polske provincialni synodi, 140-142)",Reviewed ,
1258,1305,1305,11,19,,,Wrocław,Wrocław,Gniezno,Poland,,51.116667,17.033333,D537,,,,,,Diocesan,,Henry,Henryk z Wierzbnej,1302,1319,,Latin,,,,"Sawicki X, 339-344",,,,Two very different versions survive; ,Sawicki gives different versions in parallel columns; transcription uses left column as base version and adds alternate version in Notes ,,,,"Library Scan
Hard Copy Scan",Yes,,Reviewed ,
1259,1326,1326,2,19,,,Uniejów,Wrocław,Gniezno,Poland,,51.97,18.8,P032,,,,,,Provincial,,Janisław I,,1317,1341,,Latin,,,,"Sawicki X, 345-50","Kodeks dyplomatyczny Wielkopolski II, no 1061",,http://www.wbc.poznan.pl/Content/20067/kw_02.html,,,,,Yes,"Library Scan
Hard Copy Scan",Yes,"Fragment; gathering of all Polish bishops and the metropolitan
",Reviewed ,"Gromnicki, Synody prowincyonalne, 253-63; Krafl, Polske provincialni synodi, 55-63"
1260,1330,1327x1331,,,Yes,,Wrocław,Wrocław,Gniezno,Poland,,51.116667,17.033333,D537,,,,,,Diocesan,,Nanker Kolda,,1326,1341,,Latin,,,,"Sawicki X, 350-54",,,,,,,,,"Library Scan
Hard Copy Scan",Yes,,Reviewed ,
1261,1331,1331,,,,,Wrocław,Wrocław,Gniezno,Poland,,51.116667,17.033333,D537,,,,,,Diocesan,,Nanker Kolda,,1326,1341,,Latin,,,,"Sawicki X, 354-58",,,,,,,,,"Library Scan
Hard Copy Scan",Yes,,Reviewed ,
1268,1185,1181x1191,,,Yes,,Cambrai,Cambrai,Reims,France,,50.175579,3.2345,D430,,,,,,Diocesan,,Roger de Wavrin,,1179,1191,,Latin,,,,"Avril, ""Les Precepta synodalia de Roger de Cambrai"", 10-11",,,,,,,,,Hard Copy Scan,Yes,,Reviewed ,
1269,1350,1323x1353,,,Yes,"compiled during or after bishopric of Foulque de Mathefelon (r. 1323-53), since title makes reference to him",Angers,Angers,Tours,France,,47.473612,-0.554167,D441,,,,,,Abstract/Abbreviation,,,,,,,Latin,,"Paris, BnF lat. 11030, fol. 29v-33v",,"Avril, Statuts, III, 258-66",,https://gallica.bnf.fr/ark:/12148/bpt6k6264436k,,,CoSyn Transcription from Avril edition,,,,Hard Copy Scan,Yes,"Abbreviation of the second Synodal quire (with statutes of Nicholas Gellent and Guillaume le Maire). As Avril notes (p. 258, n1) none of the obligations concerning prelates and monks are listed; only those concerning 'les devoires des cures' are included. ""Il est significatif de noter que les pretres en restaient a cet enseignement simplifie"".",Reviewed ,
1270,1291,1291,10,16,,,Arras,Arras,Reims,France,,50.289722,2.780833,D431,,,,,,Diocesan,,Guillaume d'Issy,,,,,Latin,,,,"Avril, Statuts, IV, 214-16",,https://gallica.bnf.fr/ark:/12148/bpt6k62644355,,,,,,,Hard Copy Scan,Yes,,Reviewed ,
1271,1292,1292,10,14,,,Arras,Arras,Reims,France,,50.289722,2.780833,D431,,,,,,Diocesan,,Guillaume d'Issy,,,,,Latin,,,,"Avril, Statuts, IV, 216-17",,https://gallica.bnf.fr/ark:/12148/bpt6k62644355,,,,,,,Hard Copy Scan,Yes,,Reviewed ,
1272,1296,1296,10,16,,,Arras,Arras,Reims,France,,50.289722,2.780833,D431,,,,,,Diocesan,,Gerard Pigalotti,,,,,Latin,,,,"Avril, Statuts, IV, 217-22",,https://gallica.bnf.fr/ark:/12148/bpt6k62644355,,,,,,,Hard Copy Scan,Yes,,Reviewed ,
1273,1298,bef. 1298,,,Yes,"Before 1298 (or at least before local knowledge of Boniface VIII's constitution 'Gloriosus' which introduced feasts of Saints Gregory, Augustine, Ambrose, and Jerome)",Arras,Arras,Reims,France,,50.289722,2.780833,D431,,,,,,Other,,,,,,,Latin,,,,"Avril, Statuts, IV, 225-27",,https://gallica.bnf.fr/ark:/12148/bpt6k62644355,,,,,,,Hard Copy Scan,Yes,Decree concerning fasting and feast days,Reviewed ,
1274,1285,1285,10,2,,,Noyon,Noyon,Reims,France,,49.581667,2.999722,D428,,,,,,Diocesan,,Guy II des Prés,,1272,1297,,Latin,,,,"Avril, Statuts, IV, 260-67",,https://gallica.bnf.fr/ark:/12148/bpt6k62644355,,,,,,,Hard Copy Scan,Yes,,Reviewed ,
1275,1291,1291,10,4,,,Noyon,Noyon,Reims,France,,49.581667,2.999722,D428,,,,,,Diocesan,,Guy II des Prés,,1272,1297,,Latin,,,,"Avril, Statuts, IV, 267-69",,https://gallica.bnf.fr/ark:/12148/bpt6k62644355,,,,,,,Hard Copy Scan,Yes,,Reviewed ,
1276,1295,1295,10,4,,,Noyon,Noyon,Reims,France,,49.581667,2.999722,D428,,,,,,Diocesan,,Guy II des Prés,,1272,1297,,Latin,,,,"Avril, Statuts, IV, 269-70",,https://gallica.bnf.fr/ark:/12148/bpt6k62644355,,,,,,,Hard Copy Scan,Yes,,Reviewed ,
1277,1231,1231 (ca.),,,Yes,,Rouen,Rouen,Rouen,France,,49.443889,1.103333,D433,,,,,,Diocesan,,Maurice,,1231,1235,,Latin,,,,"Pontal, Statuts, II, 116-25",,https://gallica.bnf.fr/ark:/12148/bpt6k62444168,,,Facing page French translation,,,,WebDownload,Yes,Additiones to Synodal de l'Ouest; the same additiones are also found in Mans and Angers,Reviewed ,
1278,1240,1238x1244,,,Yes,,Rouen,Rouen,Rouen,France,,49.443889,1.103333,D433,,,,,,Diocesan,,Pierre de Colmieu,,1237,1245,,Latin,,,,"Pontal, Statuts, II, 130-137",,https://gallica.bnf.fr/ark:/12148/bpt6k62444168,,,Facing page French translation,,,,"GoogleBooks
WebDownload",Yes,Additiones to Synodal de l'Ouest,Reviewed ,
1279,1229,1229 (ca.),,,Yes,,Le Mans,Le Mans,Tours,France,,48.0077,0.1984,D442,,,,,,Compilation (Diocesan),,,,,,,Latin,,,,"Pontal, Statuts, II, 116-25","Avril, Naissance, 212-215",https://gallica.bnf.fr/ark:/12148/bpt6k62444168,,,"Facing page French translation in Pontal
This text is to be removed once ID 2026 is completed
",,,,"GoogleBooks
WebDownload",Yes,Additiones to Synodal de l'Ouest; the same additiones are also found in Rouen  and Angers,Reviewed ,
1283,1245,1245,,,,Winter,Rouen,Rouen,Rouen,France,,49.443889,1.103333,D433,,,,,,Other,,Eudes Clement,,1245,1247,,Latin,,,,"Pontal, Statuts, II, 478-80",,https://gallica.bnf.fr/ark:/12148/bpt6k62444168,,,,,,,"GoogleBooks
WebDownload",Yes,"given by AB to deans following winter synod
(Hec sunt precepta facta decanis post synodum hiemale...et data eis in scriptis)",Reviewed ,
1284,1205,1200x1208,,,Yes,,Paris,Paris,Sens,France,,48.24754,3.287659,D456,,,,,,Diocesan,,Eudes de Sully,Odo of Sully,1197,1208,,Latin,,,,"Pontal, Statuts, I, 52-93",,https://gallica.bnf.fr/ark:/12148/bpt6k6251679t,,,Facing page translation into French,,,,"GoogleBooks
WebDownload",Yes,Statutes of Eudes de Sully (very complicated transmission history),Reviewed ,
1285,1205,1200x1208,,,Yes,"likely issued following Innocent III's 1205 letter to the bishop of Paris concerning Jews (see Pontal, SS, I, 41-43)",Paris,Paris,Sens,France,,48.24754,3.287659,D456,,,,,,Diocesan,,Eudes de Sully,,1197,1208,,Latin,,,,"Pontal, Statuts, I, 94-95",,https://gallica.bnf.fr/ark:/12148/bpt6k6251679t,,,,,,,"GoogleBooks
WebDownload",Yes,Additions to Statutes of Eudes de Sully (very complicated transmission history; these appear in three MSS); may have been omitted due to secular pressure (since they contain a strong condemnation of Jewish usury),Reviewed ,
1286,1209,1208/1209,,,,"Pontal gives 1208; Vincent (Letters and Charters of Cardinal Guala Bicchieri, 151-53) gives 1209",Paris,Paris,Sens,France,,48.24754,3.287659,D456,,,,,,Legatine,"Most of the surviving texts appear alongside statutes of Paris, but Guala's intended reach was broader (and constitutions were later promulgated in Normandy)",Guala Bicchieri,Galon,,,,Latin,,,,"Pontal, Statuts, I, 98-99",,https://gallica.bnf.fr/ark:/12148/bpt6k6251679t,,,,,,,"GoogleBooks
WebDownload",Yes,,Reviewed ,"Fonseca, A proposito della ""Constitutio Gale"" del 1208, ""Studia Gratiana"", XIII (1967), pp. 47-55"
1288,1253,1253,,,,,Kromĕříž,Olomouc,Mainz,Czech Republic,,49.298889,17.393056,D563,,,,,,Diocesan,promulgated after the synod (rather than at it),Bruno of Schaumberg,,,,,Latin,,,,"Krafl, Synody, 247-49",,,,,,,,,Hard Copy Scan,,,Reviewed ,
1289,1318,1318,,,,,Kromĕříž,Olomouc,Mainz,Czech Republic,,49.2989,17.393,D563,,,,,,Diocesan,,Conrad I,,1316,1326,,Latin,,,,"Krafl, Synody, 254-76 [A3]",,,,,,,,,Hard Copy Scan,Yes,,Reviewed ,
1290,1349,1349,,,,,Kromĕříž,Olomouc,Prague,Czech Republic,Exact location of synod unknown,49.298889,17.393056,D563,,,,,,Diocesan,,John VII Volek,,,,,Latin,,,,"Krafl, Synody, 277-313 [A4]",,,,,,,,,Hard Copy Scan,Yes,,Reviewed ,
1291,1380,1380,,,,,Kromĕříž,Olomouc,Prague,Czech Republic,,49.2989,17.393,D563,,,,,,Diocesan,,John IX of Sroda Slaska,Johannes Noviforensis,,,,Latin,,,,"Krafl, Synody, 314-5 [A5]",,,,,,,,,"Library Scan
Hard Copy Scan",Yes,,Reviewed ,
1293,1240,1240,,,,,Narbonne,Narbonne,Narbonne,France,,43.1836,3.0042,D400,,,,,,Compilation (Diocesan),LIber synodalis,Pierre Ameil,,1226,1245,,Latin,,"Ginestas, Arch. mun. GG 1",,"Avril, Statuts 6, 375-382",,,,"text incomplete, with beginning missing; MS contains private cluster of synodal documents together with Admonitio synodalis; notice by V. Chomel (with transcription) at AD Aude, 2J 101",CoSyn Transcription from Avril edition,,,Yes,Hard Copy Scan,Yes,"missing incipit
influenced by statutes of Eudes de Sully, as well as Lat IV and other sources",Reviewed ,
1294,1201,1201,12,17,,,Tours,Tours,Tours,France,,47.393611,0.689167,P081,,,,,,Provincial,,Barthélemy de Vendôme,,1174,1206,,Latin,,,,"Avril, Tours, 104-6",,,,,,,,,Hard Copy Scan,Yes,,Reviewed ,
1295,1207,1207,,,,,Laval,,Tours,France,,48.0733,-0.7689,P081,,,,,,Provincial,,Géoffroy de la Lande,,1207,1208,,Latin,,,,"Avril, Tours, 108-9",,,,,,,,,Hard Copy Scan,Yes,,Reviewed ,
1296,1273,1273,,,,,Rennes,Rennes,Tours,France,,48.1147,-1.6794,P081,,,,,,Provincial,,Jean de Montsoreau,,1271,1284,,Latin,,,,"Avril, Tours, 244-49",,,,,,,,,Hard Copy Scan,Yes,,Reviewed ,
1297,1216,1216/1217,,,Yes,after 1215; probably 1216/1217,Tours,Tours,Tours,France,,47.393611,0.689167,P081,,,,,,Provincial,,Jean de la Faye,,1208,1228,,Latin,,,,"Avril, Tours, 119-25",,,,,p. 124: two versions (give shorter as alternate),,,,Hard Copy Scan,Yes,,Reviewed ,
1298,1227,1227,,,,,Tours (?),,Tours,France,Location unknown,47.393611,0.689167,P081,,,,,,Provincial,,Jean de la Faye,,1208,1228,,Latin,,,,"Avril, Tours, 127",,,,,,,,,Hard Copy Scan,Yes,Avril reconstructs the two articles from other references,Reviewed ,
1299,1228,1227x1230,,,Yes,,Tours (?),,Tours,France,Originating location unclear,47.393611,0.689167,P081,,,,,,Other,,,,,,,Latin,,,,"Avril, Tours, 130-36",,,,,,,,,Hard Copy Scan,Yes,Articles sent to Archbishop of Tours in preparation for a provincial council,Reviewed ,
1300,1239,1239,,,,,Tours,Tours,Tours,France,,47.393611,0.689167,P081,,,,,,Provincial,,Juhel de Mathefelon,Juhellus,1229,1245,,Latin,,,,"Avril, Tours, 170-76",,,,,,,,,Hard Copy Scan,Yes,,Reviewed ,
1301,1242,1242,,,,,Laval,,Tours,France,Valle Guidonis,48.0733,-0.7689,P081,,,,,,Provincial,,Juhel de Mathefelon,,1229,1241,,Latin,,,,"Avril, Tours, 180-85",,,,,,,,,Hard Copy Scan,Yes,,Reviewed ,
1302,1253,1253,,,,,Château-Gontier ,Tours,Tours,France,,47.828611,-0.702778,P081,,,,,,Provincial,,Pierre de Lamballe,,1251,1256,,Latin,,,,"Avril, Tours, 187-88",,,,,,,,,Hard Copy Scan,Yes,,Reviewed ,
1303,1253,1253,12,2,,,Saumur,,Tours,France,,47.26,-0.076944,P081,,,,,,Provincial,,Pierre de Lamballe,,1251,1256,,Latin,,,,"Avril, Tours, 193-208",,,,,,,,,Hard Copy Scan,Yes,,Reviewed ,
1304,1264,1264,7,1,,,Nantes,Nantes,Tours,France,,47.21806,-1.55278,P081,,,,,,Provincial,,Vincent de Pirmil,,1257,1270,,Latin,,,,"Avril, Tours, 226-31","Mansi 23, cols. 1117-1122",,https://books.google.com/books?id=CSdPAAAAYAAJ,,,,,,Hard Copy Scan,Yes,,Reviewed ,
1305,1268,1268,,,,,Château-Gontier ,Tours,Tours,France,,47.828611,-0.702778,P081,,,,,,Provincial,,Vincent de Pirmil,,1257,1270,,Latin,,,,"Avril, Tours, 234-38",,,,,,,,,Hard Copy Scan,Yes,,Reviewed ,
1306,1269,1269,7,9,,,Angers,Angers,Tours,France,,47.473612,-0.554167,P081,,,,,,Provincial,,Vincent de Pirmil,,1257,1270,,Latin,,,,"Avril, Tours, 239-41",,,,"
",,,,,Hard Copy Scan,Yes,,Reviewed ,
1308,1320,1320 (ca.),,,Yes,"Avril follows Travers in dating this to c. 1320; Peltier, Dictionnaire universel, 808-809, follows Maan in suggesting incorrectly that these were originally issued at Saumur in 1300",Château-Gontier,Tours,Tours,France,,47.8286,-0.7028,P081,,,,,,Provincial,,,,,,,Latin,,,,"Avril, Tours, 334-47",,,,,,,,,Hard Copy Scan,Yes,Often joined together with 1336 canons in earlier editions,Reviewed ,
1315,1261,1261,3,12,,,Cologne,Cologne,Cologne,Germany,,50.94257,6.958976,D538,,,,,,Diocesan,These were evidently extended to the entire province of Cologne at a provincial council held in May 1261,Konrad von Hochstaden,,1238,1261,,Latin,,"Cologne, HAStK Domstift, U. 283 (Original)",,"Wolter, Synodalstatuten, 73-88, no. 2","Hartzheim III, 588-93; Mansi 23, cols 1011-30",https://books.google.com/books?id=-d5KAAAAcAAJ,https://books.google.com/books?id=CSdPAAAAYAAJ,,,,,,"GoogleBooks
Data Capture",,"synod issued two sets of legislation, the second concerning  ""De monachis et eorum conversatione et vita""",Reviewed ,
1316,1266,1266,3,,,before March 17; reissued in 1322 and declared valid for entire ecclesiastical province,Cologne,Cologne,Cologne,Germany,,50.94257,6.958976,D538,,,,,,Diocesan,,Engelbert II,,1261,1274,,Latin,,,,"Wolter, Synodalstatuten, 95-120,  no. 4","Hartzheim, III, 617-31; Mansi 23, cols 1131-1156",https://books.google.com/books?id=-d5KAAAAcAAJ,https://books.google.com/books?id=CSdPAAAAYAAJ,Later redactions for dioceses of Minden and Utrecht also survive,,,,,"GoogleBooks
Data Capture",,,Reviewed ,
1317,1308,1308,3,4,,"misdated 1307 in Hartzheim; correct dating given in Unger, 244 (followed by Wolter)",Cologne,Cologne,Cologne,Germany,,50.94257,6.958976,D538,,,,,,Diocesan,,Heinrich von Virneburg,,1306,1332,,Latin,,,,"Wolter, Synodalstatuten, 187-205, no. 8","Hartzheim, IV, 106-13",https://books.google.com/books?id=kbNumdYKdrkC,,,,,,,"GoogleBooks
Data Capture",,,Reviewed ,
1319,1317,1317,10,2,,,Brühl,Cologne,Cologne,Germany,,50.833333,6.9,D538,,,,,,Diocesan,,Heinrich von Virneburg,,1306,1332,,Latin,,,,"Wolter, Synodalstatuten, 243-245, no. 15","Janssen, Unbekannte, 120 (partial)",,,,,,,,"Hard Copy Scan
Digital MS",Yes,,Reviewed ,
1319,1358,1358,10,2,,,Cologne,Cologne,Cologne,Germany,,50.94257,6.958976,D538,,,,,,Diocesan,,Wilhelm von Gennep,,1349,1362,,Latin,,"Aachen, Stadtarchiv, Hs. K Regulierherren Nr. 9 (olim Hs. 66), fols 39v-40v","Dusseldorf UB, Hs. E 8a, f. 83a","Wolter, Synodalstatuten, 528-529, no. 105","REK VI, nr. 1123 (p316) (summary)",,,,,,,,Digital MS,,Reissued with minor changes in 1364 (Wolter no. 115),Reviewed ,"Lepper, Unbekannte, 339-56."
1323,1229,1229,5,1,,Council concluded on March 29,Lleida,,Tarragona,Spain,,41.115697,1.249594,P077,,,,,,Legatine,"celebrated by cardinal legate (cardinal bishop of Sabina), for province of Tarragona",Jean Halgrin d'Abbeville OSBClun,,,,,Latin,,,,"Pons Guri, Constitucions conciliars, Repr. II,  pp236-251","Noguer & Pons Guri, Constitucions sinodals, 13-35 [Repr. vol. 2, pp94-114]",,,,,,,,"Library Scan
Hard Copy Scan",Yes,"-Puchades, Als ulls, 93, notes that none of the general councils of the Tarraconense celebrated between 1274 and 1330 contain constitutions against usury",Reviewed ,
1324,1429,1429,,,,,Mondoñedo,Mondoñedo,Santiago,Spain,,43.428056,-7.362778,D620,,,,,,Diocesan,"Issued by diocesan administrator, sede vacante",,,,,Yes,Latin,Castilian,,,"Synodicon Hispanum, 1, 26-28",,,,Survives in Latin original and Castilian translation,,,,,"Library Scan
Hard Copy Scan",Yes,,Reviewed ,
1341,1284,1284 (ca.),,,Yes,,Prague,Prague,Mainz,Czech Republic,,50.087136,14.420672,D562,,,,,,Diocesan,,Tobias of Benešov,Tobiáš z Benešova,1279,1296,,Latin,,,,"Polc, Prazske Synody,  95",,,,,,,,,Hard Copy Scan,Yes,,Reviewed ,
1342,1285,1279x1288,,,Yes,,Prague,Prague,Mainz,Czech Republic,,50.087136,14.420672,D562,,,,,,Diocesan,,Tobias of Benešov,Tobiáš z Benešova,1279,1296,,Latin,,,,"Polc, Prazske Synody,  95",,,,,,,,Yes,Hard Copy Scan,Yes,,Reviewed ,
1343,1308,1308,7,20,,,Prague,Prague,Mainz,Czech Republic,,50.087136,14.420672,D562,,,,,,Diocesan,,John IV of Dražice,Jan IV z Dražic,1301,1343,,Latin,,,,"Polc, Prazske Synody,  96-99",,,,,,,,,Hard Copy Scan,Yes,,Reviewed ,
1344,1312,1312,,,,,Prague,Prague,Mainz,Czech Republic,,50.087136,14.420672,D562,,,,,,Diocesan,,John IV of Dražice,Jan IV z Dražic,1301,1343,,Latin,,,,"Polc, Prazske Synody, 99-102",,,,,,,,Yes,Hard Copy Scan,Yes,,Reviewed ,
1345,1315,1312x1318,,,Yes,,Prague,Prague,Mainz,Czech Republic,,50.087136,14.420672,D562,,,,,,Diocesan,,John IV of Dražice,Jan IV z Dražic,1301,1343,,Latin,,,,"Polc, Prazske Synody, 102",,,,,,,,,Hard Copy Scan,Yes,,Reviewed ,
1346,1318,1318 (ca.),,,Yes,Before 1 April 1318,Prague,Prague,Mainz,Czech Republic,,50.087136,14.420672,D562,,,,,,Diocesan,,John IV of Dražice,Jan IV z Dražic,1301,1343,,Latin,,,,"Polc, Prazske Synody, 102",,,,,,,,Yes,Hard Copy Scan,Yes,,Reviewed ,
1347,1330,1329x1332,,,Yes,,Prague,Prague,Mainz,Czech Republic,,50.087136,14.420672,D562,,,,,,Diocesan,,John IV of Dražice,Jan IV z Dražic,1301,1343,,Latin,,,,"Polc, Prazske Synody, 102-4",,,,,,,,Yes,Hard Copy Scan,Yes,,Reviewed ,
1350,1334,1334,6,18,,,Prague,Prague,Mainz,Czech Republic,,50.087136,14.420672,D562,,,,,,Diocesan,,John IV of Dražice,Jan IV z Dražic,1301,1343,,Latin,,,,"Polc, Prazske Synody, 107-8",,,,,,,,Yes,Hard Copy Scan,Yes,,Reviewed ,
1351,1340,1334x1342,,,Yes,,Prague,Prague,Mainz,Czech Republic,,50.087136,14.420672,D562,,,,,,Diocesan,,John IV of Dražice,Jan IV z Dražic,1301,1343,,Latin,,,,"Polc, Prazske Synody, 108",,,,,,,,Yes,Hard Copy Scan,Yes,,Reviewed ,
1352,1361,1361,10,18,,,Prague,Prague,Prague,Czech Republic,,50.087136,14.420672,P057,,,,,,Provincial,,Ernest of Pardubice,Arnošt z Pardubic,1343,1364,,Latin,,,,"Polc, Prazske Synody, 177-180",,,,,,,,,Hard Copy Scan,Yes,,Reviewed ,
1353,1365,1365,10,17,,,Prague,Prague,Prague,Czech Republic,,50.087136,14.420672,D562,,,,,,Diocesan,,Jan Očko of Vlašim,,1364,1379,,Latin,,,,"Polc, Prazske Synody, 189-93",,,,Two distinct redactions survive; these are placed in parallel columns,,,,,Hard Copy Scan,Yes,,Reviewed ,
1354,1368,1368,6,16,,,Prague,Prague,Prague,Czech Republic,,50.087136,14.420672,D562,,,,,,Diocesan,,Jan Očko of Vlašim,,1364,1379,,Latin,,,,"Polc, Prazske Synody, 195-200",,,,,,,,,Hard Copy Scan,Yes,In two parts,Reviewed ,
1355,1368,1368 (ca.),,,Yes,after 16 June 1368,Prague,Prague,Prague,Czech Republic,,50.087136,14.420672,D562,,,,,,Diocesan,,Jan Očko of Vlašim,,1364,1379,,Latin,,,,"Polc, Prazske Synody, 200",,,,,,,,,Hard Copy Scan,Yes,,Reviewed ,
1356,1374,1374,,,,,Prague,Prague,Prague,Czech Republic,,50.087136,14.420672,D562,,,,,,Diocesan,,Jan Očko of Vlašim,,1364,1379,,Latin,,,,"Polc, Prazske Synody, 200-6",,,,Two slightly differing redactions,,,,,Hard Copy Scan,Yes,In two parts,Reviewed ,
1357,1376,1376,,,,,Prague,Prague,Prague,Czech Republic,,50.087136,14.420672,D562,,,,,,Diocesan,,Jan Očko of Vlašim,,1364,1379,,Latin,,,,"Polc, Prazske Synody, 208",,,,,,,,,Hard Copy Scan,Yes,,Reviewed ,
1358,1380,1380,,,,,Prague,Prague,Prague,Czech Republic,,50.087136,14.420672,D562,,,,,,Diocesan,,Johann II. von Jenstein,Jan z Jenštejna,1379,1396,,Latin,,,,"Polc, Prazske Synody, 210-212",,,,,,,,,Hard Copy Scan,Yes,Unclear whether these are in fact synodal statutes,Reviewed ,
1359,1380,1380,10,18,,,Prague,Prague,Prague,Czech Republic,,50.087136,14.420672,D562,,,,,,Diocesan,,Johann II. von Jenstein,Jan z Jenštejna,1379,1396,,Latin,,,,"Polc, Prazske Synody, 212-13",,,,,,,,,Hard Copy Scan,Yes,,Reviewed ,
1360,1384,1384 (ca.),10,18,Yes,year uncertain,Prague,Prague,Prague,Czech Republic,,50.087136,14.420672,D562,,,,,,Diocesan,,Johann II. von Jenstein,Jan z Jenštejna,1379,1396,,Latin,,,,"Polc, Prazske Synody, 228",,,,,,,,Yes,Hard Copy Scan,Yes,,Reviewed ,
1361,1385,1385,10,18,,,Prague,Prague,Prague,Czech Republic,,50.087136,14.420672,P057,,,,,,Provincial,,Johann II. von Jenstein,Jan z Jenštejna,1379,1396,,Latin,,,,"Polc, Prazske Synody, 229-31",,,,,,,,,Hard Copy Scan,Yes,Two parts,Reviewed ,
1362,1386,1386,6,16,,,Prague,Prague,Prague,Czech Republic,,50.087136,14.420672,D562,,,,,,Diocesan,,Johann II. von Jenstein,Jan z Jenštejna,1379,1396,,Latin,,,,"Polc, Prazske Synody, 231-34",,,,,,,,,Hard Copy Scan,Yes,,Reviewed ,
1363,1386,1386,10,18,,,Prague,Prague,Prague,Czech Republic,,50.087136,14.420672,P057,,,,,,Provincial,,Johann II. von Jenstein,Jan z Jenštejna,1379,1396,,Latin,,,,"Polc, Prazske Synody, 237-38",,,,,,,,,Hard Copy Scan,Yes,,Reviewed ,
1364,1390,1390,10,18,,,Prague,Prague,Prague,Czech Republic,,50.087136,14.420672,D562,,,,,,Diocesan,,Johann II. von Jenstein,Jan z Jenštejna,1379,1396,,Latin,,,,"Polc, Prazske Synody, 249-54",,,,Two slightly different redactions printed alongside each other,,,,,Hard Copy Scan,Yes,,Reviewed ,
1365,1391,1391,6,16,,,Prague,Prague,Prague,Czech Republic,,50.087136,14.420672,D562,,,,,,Diocesan,,Johann II. von Jenstein,Jan z Jenštejna,1379,1396,,Latin,,,,"Polc, Prazske Synody, 254-55",,,,,,,,,Hard Copy Scan,Yes,,Reviewed ,
1366,1392,1392,6,17,,,Prague,Prague,Prague,Czech Republic,,50.087136,14.420672,D562,,,,,,Legatine,Also served as provincial council for archbishopric of Prague.,Johann II. von Jenstein,Jan z Jenštejna,1379,1396,,Latin,,,,"Polc, Prazske Synody, 255-60",,,,Two slightly different redactions printed alongside each other,,,,,Hard Copy Scan,Yes,,Reviewed ,
1367,1392,1392,10,18,,,Prague,Prague,Prague,Czech Republic,,50.087136,14.420672,D562,,,,,,Diocesan,,Johann II. von Jenstein,Jan z Jenštejna,1379,1396,,Latin,,,,"Polc, Prazske Synody, 260-61",,,,Two somewhat different redactions printed alongside each other,,,,,Hard Copy Scan,Yes,,Reviewed ,
1368,1393,1393 (ca.),,,Yes,,Prague,Prague,Prague,Czech Republic,,50.087136,14.420672,D562,,,,,,Diocesan,,Johann II. von Jenstein,Jan z Jenštejna,1379,1396,,Latin,,,,"Polc, Prazske Synody, 262",,,,,,,,,Hard Copy Scan,Yes,,Reviewed ,
1369,1393,1393/1394,,,Yes,,Prague,Prague,Prague,Czech Republic,,50.087136,14.420672,D562,,,,,,Diocesan,,Johann II. von Jenstein,Jan z Jenštejna,1379,1396,,Latin,,,,"Polc, Prazske Synody, 262",,,,,,,,,Hard Copy Scan,Yes,,Reviewed ,
1370,1395,bef. 1396,,,Yes,,Prague,Prague,Prague,Czech Republic,,50.087136,14.420672,D562,,,,,,Diocesan,,Johann II. von Jenstein,Jan z Jenštejna,1379,1396,,Latin,,,,"Polc, Prazske Synody, 263-64",,,,,,,,,Hard Copy Scan,Yes,,Reviewed ,
1371,1398,1398,10,18,,,Prague,Prague,Prague,Czech Republic,,50.087136,14.420672,D562,,,,,,Diocesan,,Olbram von Škvorec,Olbram ze Škvorce,1396,1402,,Latin,,,,"Polc, Prazske Synody, 264-65",,,,,,,,,Hard Copy Scan,Yes,,Reviewed ,
1372,1399,1399,10,18,,,Prague,Prague,Prague,Czech Republic,,50.087136,14.420672,D562,,,,,,Diocesan,,Olbram von Škvorec,Olbram ze Škvorce,1396,1402,,Latin,,,,"Polc, Prazske Synody, 265",,,,,,,,,Hard Copy Scan,Yes,,Reviewed ,
1373,1400,1400,6,15,,,Prague,Prague,Prague,Czech Republic,,50.087136,14.420672,D562,,,,,,Diocesan,,Olbram von Škvorec,Olbram ze Škvorce,1396,1402,,Latin,,,,"Polc, Prazske Synody, 265",,,,,,,,,Hard Copy Scan,Yes,,Reviewed ,
1374,1401,1401 (ca.),10,18,Yes,Year uncertain,Prague,Prague,Prague,Czech Republic,,50.087136,14.420672,D562,,,,,,Diocesan,,Olbram von Škvorec,Olbram ze Škvorce,1396,1402,,Latin,,,,"Polc, Prazske Synody, 266",,,,,,,,,Hard Copy Scan,Yes,,Reviewed ,
1375,1403,1403 (ca.),,,Yes,before 18 October 1403,Prague,Prague,Prague,Czech Republic,,50.087136,14.420672,D562,,,,,,Diocesan,,Zbynek von Hasenburg,Zbyněk Zajíc z Hasenburka,1403,1411,,Latin,,,,"Polc, Prazske Synody, 267",,,,,,,,,Hard Copy Scan,Yes,,Reviewed ,
1376,1403,1403,10,18,,,Prague,Prague,Prague,Czech Republic,,50.087136,14.420672,D562,,,,,,Diocesan,,Zbynek von Hasenburg,Zbyněk Zajíc z Hasenburka,1403,1411,,Latin,,,,"Polc, Prazske Synody, 267-69",,,,,,,,,Hard Copy Scan,Yes,,Reviewed ,
1377,1404,1404,10,18,,,Prague,Prague,Prague,Czech Republic,,50.087136,14.420672,D562,,,,,,Diocesan,,Zbynek von Hasenburg,Zbyněk Zajíc z Hasenburka,1403,1411,,Latin,,,,"Polc, Prazske Synody, 273",,,,,,,,,Hard Copy Scan,Yes,,Reviewed ,
1378,1405,1405,6,15,,,Prague,Prague,Prague,Czech Republic,,50.087136,14.420672,D562,,,,,,Diocesan,,Zbynek von Hasenburg,Zbyněk Zajíc z Hasenburka,1403,1411,,Latin,,,,"Polc, Prazske Synody, 273-75",,,,Two somewhat different redactions printed alongside each other,,,,,Hard Copy Scan,Yes,,Reviewed ,
1379,1405,1405,10,18,,,Prague,Prague,Prague,Czech Republic,,50.087136,14.420672,D562,,,,,,Diocesan,,Zbynek von Hasenburg,Zbyněk Zajíc z Hasenburka,1403,1411,,Latin,,,,"Polc, Prazske Synody, 275-78",,,,,,,,,Hard Copy Scan,Yes,,Reviewed ,
1380,1407,1407,6,15,,,Prague,Prague,Prague,Czech Republic,,50.087136,14.420672,D562,,,,,,Diocesan,,Zbynek von Hasenburg,Zbyněk Zajíc z Hasenburka,1403,1411,,Latin,,,,"Polc, Prazske Synody, 282-84",,,,,,,,,Hard Copy Scan,Yes,,Reviewed ,
1381,1407,1407,10,18,,,Prague,Prague,Prague,Czech Republic,,50.087136,14.420672,D562,,,,,,Diocesan,,Zbynek von Hasenburg,Zbyněk Zajíc z Hasenburka,1403,1411,,Latin,,,,"Polc, Prazske Synody, 284-85",,,,,,,,,Hard Copy Scan,Yes,,Reviewed ,
1382,1408,1408,6,15,,,Prague,Prague,Prague,Czech Republic,,50.087136,14.420672,D562,,,,,,Diocesan,,Zbynek von Hasenburg,Zbyněk Zajíc z Hasenburka,1403,1411,,Latin,brief passage in Czech,,,"Polc, Prazske Synody, 285-87",,,,,,,,,Hard Copy Scan,Yes,,Reviewed ,
1383,1408,1408,10,18,,,Prague,Prague,Prague,Czech Republic,,50.087136,14.420672,D562,,,,,,Diocesan,,Zbynek von Hasenburg,Zbyněk Zajíc z Hasenburka,1403,1411,,Latin,,,,"Polc, Prazske Synody, 287-89",,,,,,,,,Hard Copy Scan,Yes,,Reviewed ,
1385,1410,1410,6,16,,,Prague,Prague,Prague,Czech Republic,,50.087136,14.420672,P057,,,,,,Provincial,,Zbynek von Hasenburg,Zbyněk Zajíc z Hasenburka,1403,1411,,Latin,,,,"Polc, Prazske Synody, 291-301",,,,Two somewhat different redactions printed alongside each othe,,,,,Hard Copy Scan,Yes,,Reviewed ,
1386,1413,1413,6,16,,,Prague,Prague,Prague,Czech Republic,,50.087136,14.420672,D562,,,,,,Diocesan,,Conrad of Vechta,Konrád z Vechty,1413,1421,,Latin,,,,"Polc, Prazske Synody, 301-2",,,,,,,,,Hard Copy Scan,Yes,,Reviewed ,
1387,1414,1414,6,16,,,Prague,Prague,Prague,Czech Republic,,50.087136,14.420672,D562,,,,,,Diocesan,,Conrad of Vechta,Konrád z Vechty,1413,1421,,Latin,,,,"Polc, Prazske Synody, 302",,,,,,,,,Hard Copy Scan,Yes,,Reviewed ,
1388,1414,1414,10,18,,final section issued 5 September 1415,Prague,Prague,Prague,Czech Republic,,50.087136,14.420672,P057,,,,,,Provincial,Unclear whether this was issued at a Provincial council or Diocesan synod,Conrad of Vechta,Konrád z Vechty,1413,1421,,Latin,,,,"Polc, Prazske Synody, 302-3",,,,,,,,Yes,Hard Copy Scan,Yes,,Reviewed ,
1389,1409,1409,6,15,,,Prague,Prague,Prague,Czech Republic,,50.087136,14.420672,D562,,,,,,Diocesan,,Zbynek von Hasenburg,Zbyněk Zajíc z Hasenburka,1403,1411,,Latin,,,,"Polc, Prazske Synody, 289",,,,,,,,,Hard Copy Scan,Yes,,Reviewed ,
1392,1307,1307,9,9,,,Coimbra,Coimbra,Braga,Portugal,,40.211111,-8.429167,D624,,,,,,Diocesan,,Estevao Anes Brochardo,,,,,Latin,,,,"Synodicon Hispanum II, 194-197",,,,,,,,,"Library Scan
Hard Copy Scan",Yes,,Reviewed ,
1393,1390,1375x1399,,,Yes,date uncertain; late 14th-c,Coimbra,Coimbra,Braga,Portugal,,40.211111,-8.429167,D624,,,,,,Diocesan,,,,,,,Old Portuguese,,,,"Synodicon Hispanum II, 197-99",,,,,,,,,"Library Scan
Hard Copy Scan",Yes,,Reviewed ,
1396,1403,1403,1,3,,,Lisbon,Lisbon,Braga,Portugal,,38.713811,-9.139386,D638,,,,,,Diocesan,,João Afonso Esteves de Azambuja,,1326,1341,,Old Portuguese,,,,"Synodicon Hispanum, 2, 317-39",,,,,,,,,"Library Scan
Hard Copy Scan",Yes,,Reviewed ,
1404,1347,1347,11,22,,,Sion,Sion,Tarentaise,Switzerland,aka Sitten,46.227778,7.358611,D462,,,,,,Other,Episcopal constitution,Guichard Tavelli,,1342,1375,,Latin,,,,"Gremaud, Documents, 32, 599-602 [n. 1976bis]",,https://books.google.com/books?id=CScA2bVa2X4C,,,,,,,"GoogleBooks
Data Capture",,,Reviewed ,
1406,1216,1216,,,,late September or early October,Salzburg,Salzburg,Salzburg,Austria,,47.8025,13.045833,P067,,,,,,Provincial,,Eberhard II,,1200,1246,,Latin,,"Munich BSB, Clm. 5822, fols. 179v-180r",,"Pixton, Watchmen, 227-31",,,,Text bound together with Gregory the Great's Moralia in Job and the Lateran IV decrees,"CoSyn transcription largely from Pixton edition, with preface & cc. 16 & 17 transcribed directly from MS",,,,"Library Scan
Digital MS",Yes,"Bp had briefly studied in Bologna, though he showed greater preference for Roman than canon law (Pixton, Watchmen, 215, citing Reg. Inn., I, ed. Hageneder, 209ff, nr. 144)",Reviewed ,"see Mierau, Vita Communis und Pfarrseelsorge; Pixton, Watchmen, 227-31; Johanek, Synodalia, I.51-52, 89"
1407,1304,1304,,,,,Salzburg,Salzburg,Salzburg,Austria,,47.8025,13.045833,P067,,,,,,Provincial,,Conrad IV of Breitenfurt ,,1291,1312,,Latin,,"Vorau, Stiftsarchiv, Ms. 34, f. 18vb",,,,,,,,,,,Digital MS,,"One canon, modifying c. 16 of 1274 Salzburg statutes (Sub vagorum...)",Reviewed ,"Johanek, Synodalia, III, 23"
1408,1231,1231,3,21,,"dated 17 March 1219 in Sudendorf; dated 17 March 1230 in most other works; for dating to 21 March 1231, see Kohn, Verketzerung, 75-78",Bremen,Bremen,Bremen,Germany,,53.075833,8.8075,P017,,,,,,Provincial,Sentence rather than statutes,Gerhard II,,,,,Latin,,,,"Sudendorf, Registrum, Bd 2, 156-58, nr. LXXI",,https://archive.org/stream/bub_gb_UF8AAAAAcAAJ#page/n167/mode/2up,,,,Yes,,,,,anti-heresy decree against the Stedinger,Reviewed ,"R. Kohn, Die Verketzerung der Stedinger durch die Bremer Fastensynode, Bremisches Jahrbuch 57 (1979), 15-86"
1409,1233,1233,7,25,,,Mainz,Mainz,Mainz,Germany,,49.98,8.2791,P043,,,,,,Provincial,,Siegfried III von Eppstein ,,1230,1249,,Latin,,,,"Mone, Kirchenverordnungen, 135-42",,,,,,,,,"Library Scan
WebDownload",Yes,"Johanek, Synodalia, I notes that it shows influence of Eudes de Sully's Parisian statutes

May, Exekutoren, 377: observes that these were borrowed in part from statutes of 1154 (now lost)",Reviewed ,
1411,1238,1238,9,21,,,Trier,Trier,Trier,Germany,,49.7596,6.6439,P083,,,,,,Provincial,,Theodoric II,,1212,1242,,Latin,,,,"Blattau, Statuta synodalia, I, 32-43","Hartzheim, Concilia III, 558-562; Martene, Vet Mon, VII, 126ff; Mansi, 23, cols. 477-86",http://books.google.com/books?id=dow-AAAAcAAJ,https://books.google.com/books?id=-d5KAAAAcAAJ,,,,,,"GoogleBooks
WebDownload",Yes,"Repeated earlier decrees, perhaps from (now-lost) 1216 provincial synod, or else possibly from 1221 synod",Reviewed ,
1418,1435,aft. 1435,,,Yes,"for dating, see Binz, Vie religieuse, 169",Geneva,Geneva,Vienne,Switzerland,,46.2,6.15,D465,,,,,,Diocesan,,,,,,,Latin,,"Geneva, AE, MS hist 47, f° 76-77v",,,,,,,,,,,Digital MS,,,Reviewed ,
1420,1492,1492,,,,,Gubbio,Gubbio,[Holy See],Italy,,43.35,12.56667,D111,,,,,,Diocesan,,Francesco della Rovere,,1492,1504,,Latin,,,,"Cenci, Costituzioni, 379",,,,,,,,,Hard Copy Scan,,Simply confirmation of earlier statutes,Reviewed ,
1421,1343,1343,9,15,,"Dated to 1333 in Favreau, Saints, clercs, fideles, 99",Angoulême,,Bordeaux,France,,45.65,0.16,P014,,,,,,Provincial,,Pierre de Luc,,1332,1345,,Latin,,"Paris, BnF lat. 1590, fol. 34rv","Vatican, BAV, Vat Lat 9868, fol. 436r-437r (18th-c transcription of Paris MS)",,,http://gallica.bnf.fr/ark:/12148/btv1b8427238x,,,Paris MS transcription corrected against Vatican MS,,,,Digital MS,,4 statutes issued; Casus reservati on ff. 34v-35r,Reviewed ,
1422,1365,1365,11,21,,17-21 November,Perigueux,,Bordeaux,France,,45.65,0.16,P014,,,,,,Provincial,,Hélie de Salignac,,1361,1378,,Latin,,"Paris, BnF lat. 1590, fol. 62r-67v","Vatican, BAV, Vat Lat 9868, fol. 474r-477v (18th-c transcription of Paris MS)",,,http://gallica.bnf.fr/ark:/12148/btv1b8427238x,,,Transcription of BnF MS corrected against Vatican MS,,,,Digital MS,,"see Leinweber, Provinzialsynoden, 42-43
-reissues two canons from 1276 Bourges
-also issues new statutes
-**concerns itself with the establishment of an authentic text of the provincial statutes",Reviewed ,
1427,1321,1321,,,,,Rouen,Rouen,Rouen,France,Location of issuing council unknown,49.443889,1.103333,P065,,,,,,Provincial,,Guillaume III de Durfort,,1319,1330,,Latin,,,,"Bessin, Concilia, I, 174-75","Mansi 25, coll 683-86",https://books.google.com/books?id=0SGIk69vxS0C,https://gallica.bnf.fr/ark:/12148/bpt6k516090/,,,,,,"GoogleBooks
Data Capture",,Only list of reserved cases survives,Reviewed ,
1428,1342,1342,12,14,,,Rouen,Rouen,Rouen,France,,49.443889,1.103333,P065,,,,,,Provincial,"Delegated to Jean, Bp of Avranches (due to ill health)",Aymery Guénaud,,1339,1343,Yes,Latin,,,,"Mansi 25, cols 1269-72",,https://gallica.bnf.fr/ark:/12148/bpt6k516090/,,,,,,,"GoogleBooks
Data Capture",,Single statute survives,Reviewed ,
1429,1445,1445,12,15,,,Rouen,Rouen,Rouen,France,,49.443889,1.103333,P065,,,,,,Provincial,,Raoul Roussel,,1444,1452,,Latin,,,,"Bessin, Concilia, II, 183-188","Mansi 32, cols 25-34",https://books.google.com/books?id=0SGIk69vxS0C,https://gallica.bnf.fr/ark:/12148/bpt6k51617m/,,,,,,"GoogleBooks
Data Capture",,,Reviewed ,
1430,1429,1429,4,23,,Palazzini gives March-April 1429,Paris,Paris,Sens,France,,48.24754,3.287659,P070,,,,,,Provincial,,Jean de Nanton,,,,,Latin,,"Auxerre, AD Yonne, G 29, n° 2",,"Mansi 28, coll 1095-1116",,https://books.google.com/books?id=LN9VAAAAcAAJ,,,CoSyn Transcription from Mansi edition,,,,GoogleBooks,,,Reviewed ,
1433,1229,1229/1230,,,Yes,25 March 1229 x 24 March 1230,Peel,Sodor,[Holy See],[Scotland],"diocese also known as ""The Isles'; see Cheney, Manx Synodal Statutes, pt 1
actually a Possession of the Crown; not part of either England, Scotland or the U",54.221,-4.691,D312,,,,,,Diocesan,,,,,,,Latin,,,,"Records of Convocation, vol. 1: Sodor and Man, 24-29",,,,,,,,,"Library Scan
Hard Copy Scan",,"contains numerous later 13th- and 14th-c interpolations (see p24, n28), incl. cc. 10, 11, 12",Reviewed ,"see Cheney, Manx Synodal Statutes, pt 1"
1435,1362,1362,,,,,Canterbury,Canterbury,Canterbury,England,,51.275,1.087,P020,,,,,,Provincial,,Simon Islip,,,,,Latin,,,,"Records of Convocation, vol. 3: Canterbury, pp295-96",,,,,,,,,"Library Scan
Hard Copy Scan",,Constitution about the stipends of priests,Reviewed ,
1436,1352,1352,,,,,Lambeth,Canterbury,Canterbury,England,,51.4903,-0.1193,P020,,,,,,Provincial,,Simon Islip,,,,,Latin,,,,"Records of Convocation, vol. 3: Canterbury, pp 258-59",,,,,,,,,"Library Scan
Hard Copy Scan",,,Reviewed ,
1437,1410,1410,,,,,London,Canterbury,Canterbury,England,,51.507222,-0.1275,P020,,,,,,Provincial,,Thomas Arundel,,1396,1414,,Latin,,,,"Records of Convocation, 4: 370-72",,,,,,,,,"Library Scan
Hard Copy Scan",,,Reviewed ,
1438,1413,1413,,,,convocation held in 1413; mandate reissued in September 1414,Lambeth,Canterbury,Canterbury,England,,51.4903,-0.1193,P020,,,,,,Provincial,,Thomas Arundel,,1396,1414,,Latin,,,,"Records of Convocation, 4: 415-16",,,,,,,,,"Library Scan
Hard Copy Scan",,,Reviewed ,
1440,1362,1361/1362,7,16,Yes,,Mayfield,Canterbury,Canterbury,England,,51.020068,0.259181,P020,,,,,,Provincial,,Simon Islip,,1349,1366,,Latin,,,,"Records of Convocation, vol. 3: Canterbury, pp292-295",,,,,,,,,"Library Scan
Hard Copy Scan",,,Reviewed ,
1441,1440,1440,8,17,,,York,York,York,England,,53.958333,-1.080278,P091,,,,,,Provincial,,John Kemp,,1426,1452,,Latin,,,,"Records of Convocation, vol. 13: York, 439-42",,,,,,,,,"Library Scan
Hard Copy Scan",,,Reviewed ,
1442,1470,1465x1476,,,Yes,,York,York,York,England,,53.958333,-1.080278,D298,,,,,,Other,,George Neville,,1465,1476,,Latin,,,,"Records of Convocation, vol. 13: York, 477-479",,,,,,,,,"Library Scan
Hard Copy Scan",,"List of reserved cases, attributed to AB George Neville",Reviewed ,
1443,1216,1216/1217,,,,,Newtown near Trim,Meath,Dublin,Ireland,,53.555252,-6.773247,D508,,,,,,Diocesan,,Simon Rochfort,,1192,1224,,Latin,,,,"Records of Convocation 16, pp. 111-12",,,,,,,,,"Library Scan
Hard Copy Scan",,,Reviewed ,
1444,1411,1411,,,,,Drogheda,Armagh,Armagh,Ireland,,53.713889,-6.350278,P007,,,,,,Provincial,,Nicholas Fleming,,1404,1416,,Latin,,,,"Records of Convocation 16, pp205-16",,,,,,,,,"Library Scan
Hard Copy Scan",,"contains numerous earlier canons, including eight from Richard Fitzralph (r. 1346-60), probably dating to 1352x1355, eight from Milo Sweteman (r. 1361-1380), and ten from John Colton (r. 1380-1390)",Reviewed ,
1445,1430,1418x1439 ,,,Yes,,Armagh,Armagh,Armagh,Ireland,,54.3499,-6.6546,P007,,,,,,Provincial,,John Swayne,,1418,1439,,Latin,,,,"Records of Convocation 16, pp250-51",,,,,,,,,"Library Scan
Hard Copy Scan",,,Reviewed ,
1446,1434,1434,4,24,,,Armagh,Armagh,Armagh,Ireland,,54.3499,-6.6546,P007,,,,,,Provincial,,John Swayne,,,,,Latin,,,,"Records of Convocation 16, pp245-48",,,,,,,,,"Library Scan
Hard Copy Scan",,,Reviewed ,
1447,1460,1460,6,14,,,Armagh,Armagh,Armagh,Ireland,,54.3499,-6.6546,P007,,,,,,Provincial,,John Bole,,1457,1471,,Latin,,,,"Records of Convocation 16, pp269-70",,,,,,,,,"Library Scan
Hard Copy Scan",,,Reviewed ,
1448,1479,1479,10,29,,,Armagh,Armagh,Armagh,Ireland,,54.3499,-6.6546,P007,,,,,,Provincial,,Ottaviano del Palatio,,1478,1513,,Latin,,,,"Records of Convocation 16, p287",,,,,,,,Yes,"Library Scan
Hard Copy Scan",,,Reviewed ,
1449,1453,1453,8,6,,,Limerick,Limerick,Cashel,Ireland,,52.6653,-8.6238,P022,,,,,,Provincial,,John Cantwell II,,1452,1482,,Latin,,,,"Records of Convocation 16, pp253-66",,,,,,,,,"Library Scan
Hard Copy Scan",,,Reviewed ,
1450,1430,1430,10,6,,,Clogher,Clogher,Armagh,Ireland (Northern),medieval diocese straddles modern border between Ireland and Northern Ireland; Clogher itself lies in Northern Ireland,54.416667,-7.2,D505,,,,,,Other,Chapter synod,Arthur of Clogher,,,,,Latin,,,,"Records of Convocation 16, pp. 241-44",,,,,,,,,"Library Scan
Hard Copy Scan",,,Reviewed ,
1451,1240,1240,9,9,,,Wexford,Ferns,Dublin,Ireland,,52.3342,-6.4575,D531,,,,,,Diocesan,,John St. John,,1223,1253,,Latin,,,,"Records of Convocation 16, pp. 113-15",,,,,,,,,"Library Scan
Hard Copy Scan",,,Reviewed ,
1452,1265,1262x1267,,,Yes,"previously ascribed to AB Luke, (r. 1230-55) and misdated c. 1240.",Dublin,Dublin,Dublin,Ireland,,53.347778,-6.259722,P026,,,,,,Provincial,,Fulk de Sandford,,1256,1271,,Latin,,,,"Records of Convocation 16, pp. 115-22",,,,,,,,,"Library Scan
Hard Copy Scan",,derived largely from York & Chichester canons issued 1241x1255 as well as Canterbury 1261,Reviewed ,
1453,1414,1414,,,,,Croydon,Canterbury,Canterbury,England,,51.3727,-0.1099,P020,,,,,,Provincial,,Henry Chichele,,1414,1443,,Latin,,,,"Records of Convocation 5, p. 9",,,,,,,,,"Library Scan
Hard Copy Scan",,Single constitution discussing bigamous and married clergy,Reviewed ,
1454,1416,1416,7,1,,,London,Canterbury,Canterbury,England,,51.507222,-0.1275,P020,,,,,,Provincial,,Henry Chichele,,1414,1443,,Latin,,,,"Records of Convocation 5, pp. 31-34",,,,,,,,,"Library Scan
Hard Copy Scan",,"Two constitutions, discussing testaments and heretics",Reviewed ,
1455,1417,1417,,,,,[London],Canterbury,Canterbury,England,place unknown; certainly province of Canterbury,51.507222,-0.1275,P020,,,,,,Provincial,,Henry Chichele,,1414,1443,,Latin,,,,"Records of Convocation 5, pp. 64-66",,,,,,,,,"Library Scan
Hard Copy Scan",,"Ordinance for the promotion of Oxbridge graduates

",Reviewed ,
1456,1421,1421,7,16,,,Westminster,Canterbury,Canterbury,England,,51.4995,-0.1333,P020,,,,,,Provincial,,Henry Chichele,,1414,1443,,Latin,,,,"Records of Convocation 5, pp. 102-6",,,,,,,,,"Library Scan
Hard Copy Scan",,Mitigation of Oxford statutes and Constitutions for promotion of Oxbridge graduates and on excessive stipends of chaplains (modifying statute of 1377),Reviewed ,
1457,1431,1431,,,,,London,Canterbury,Canterbury,England,[check place],51.507222,-0.1275,P020,,,,,,Provincial,,Henry Chichele,,1414,1443,,Latin,,,,"Records of Convocation 5, pp. 289-90",,,,,,,,,"Library Scan
Hard Copy Scan",,"Constitution abolishing so-called ""Auncell weight""
[delete from database?]",Reviewed ,
1458,1432,1432,,,,,London,Canterbury,Canterbury,England,[check place],51.507222,-0.1275,P020,,,,,,Provincial,,Henry Chichele,,1414,1443,,Latin,,,,"Records of Convocation 5, p. 300",,,,,,,,,"Library Scan
Hard Copy Scan",,"[Second] constitution abolishing so-called ""Auncell weight""
[delete from database?]",Reviewed ,
1459,1439,1439,,,,,London,Canterbury,Canterbury,England,[check place],51.507222,-0.1275,P020,,,,,,Provincial,,Henry Chichele,,1414,1443,,Latin,,,,"Records of Convocation 5, p. 408",,,,,,,,,"Library Scan
Hard Copy Scan",,Constitution for augmentation of poor vicarages,Reviewed ,
1460,1225,1219x1234,,,Yes, attribution to Hugh Foliot (and hence dating) not certain,Hereford,Hereford,Canterbury,England,,52.0565,-2.716,D303,,,,,,Diocesan,,Hugh Foliot,,1219,1234,,Latin,,,,"Powicke & Cheney I, 197-98",,,,,,,,,Data Capture,,,Reviewed ,
1461,1308,1308,10,2,,Day uncertain,Cologne,Cologne,Cologne,Germany,Place uncertain,50.94257,6.958976,D538,,,,,,Diocesan,"issued by Ernst von Rennenberg, dean of Cologne cathedral",Heinrich von Virneburg,,1306,1332,Yes,Latin,,"Münster, LAV NRW W St. Patrokli Soest, U. 89 ",,"Wolter, Synodalstatuten, 209-211, no. 10","Westfaelisches Urkundenbuch, Bd. 11, pt. 1, pp. 361-362 [nr. 627]; REK IV, pp79ff [nr. 392]",,,,,,,,"Library Scan
Hard Copy Scan",,,Reviewed ,"Unger, Rezeption, 252-56"
1462,1244,1244,5,30,,"dated 1246 in Mansi; 1243 dating in ""Fritzlar"" by S. Zollo in Dizionario dei Concili, ed. Palazzini, 89; 1244 in Finke, Konzilienstudien",Fritzlar,Mainz,Mainz,Germany,,51.133333,9.283333,D549,,,,,,Diocesan,"issued by AB of Mainz, for Hessian clergy",Siegfried III,,,,,Latin,,,,"Hartzheim III, 571-75","Mansi 23, 725-30",https://books.google.com/books?id=-d5KAAAAcAAJ,https://books.google.com/books?id=CSdPAAAAYAAJ,complete text does not survive; breaks off midway through c. 14,,,,Yes,"GoogleBooks
Data Capture",,"These were sent to Innocent IV for confirmation, which he granted. (cf. Leipzig UB MS 1062, fols 35v-36v; cited in Pixton, Watchmen, 432; text in Hartzheim III, 575-77)",Reviewed ,
1463,1389,1389/1390,4,,Yes,,Murcia,Cartagena,[Holy See],Spain,[dependant on Holy See until 1492],37.986111,-1.130278,D665,,,,,,Diocesan,,Fernando de Pedrosa,,1383,1402,,Old Spanish,"First article in Latin, as well as list of reserved cases",,,"Synodicon Hispanum, XI, pp192-97",,,,,,,,,"Library Scan
Hard Copy Scan",Yes,,Reviewed ,
1464,1391,1391,4,7,,,Murcia,Cartagena,[Holy See],Spain,[dependant on Holy See until 1492],37.986111,-1.130278,D665,,,,,,Diocesan,,Fernando de Pedrosa,,1383,1402,,Old Spanish,,,,"Synodicon Hispanum, XI, pp197-201",,,,,,,,,"Library Scan
Hard Copy Scan",Yes,,Reviewed ,
1465,1392,1392,4,27,,,Murcia,Cartagena,[Holy See],Spain,[dependant on Holy See until 1492],37.986111,-1.130278,D665,,,,,,Diocesan,,Fernando de Pedrosa,,1383,1402,,Old Spanish,,,,"Synodicon Hispanum, XI, pp201-202",,,,,,,,,"Library Scan
Hard Copy Scan",Yes,,Reviewed ,
1466,1395,1395,4,23,,,Murcia,Cartagena,[Holy See],Spain,[dependant on Holy See until 1492],37.986111,-1.130278,D665,,,,,,Diocesan,,Fernando de Pedrosa,,1383,1402,,Latin,"rubrics in Old Spanish, along with translation of art 1",,,"Synodicon Hispanum, XI, pp202-6",,,,,,,,,"Library Scan
Hard Copy Scan",Yes,,Reviewed ,
1474,1360,1360,10,2,,,Cologne,Cologne,Cologne,Germany,,50.94257,6.958976,D538,,,,,,Diocesan,,Wilhelm von Gennep,,1349,1362,,Latin,,"Aachen, Stadtarchiv, Hs. K Regulierherren Nr. 9 (olim Hs. 66), fol 41r-43r",,"Wolter, Synodalstatuten, 534-541, no. 108","Hartzheim IV, 490-94; REK VI, n. 1353 (Summary)",https://books.google.com/books?id=kbNumdYKdrkC,,,,,,,"Digital MS
Data Capture",,,Reviewed ,"Lepper, Unbekannte, 339-56."
1475,1371,1371,10,2,,,Cologne,Cologne,Cologne,Germany,,50.94257,6.958976,D538,,,,,,Diocesan,,Friedrich von Saarwerden,,1370,1414,,Latin,,,,"Wolter, Synodalstatuten, 593-615, no. 137","Hartzheim IV, 498-507",,https://books.google.com/books?id=kbNumdYKdrkC,,,,,,"Digital MS
Data Capture",,,Reviewed ,"Lepper, Unbekannte, 339-56; REK VIII, no. 255 (pp67-73)"
1476,1200,1194x1206,,,Yes,,Exeter,Exeter,Canterbury,England,,50.716667,-3.53333,D308,,,,,,Other,Mandate to archdeacons,Henry Marshal,,1194,1206,,Latin,,,,"Powicke & Cheney I, 3",,,,,,,,,Data Capture,,Episcopal mandate concerning pentecostal processions,Reviewed ,
1477,1213,1213/1214,7,,Yes,July 1213 or July 1214,Canterbury,Canterbury,Canterbury,England,,51.275,1.087,D295,,,,,,Diocesan,,Stephen Langton,,1207,1228,,Latin,,,,"Powicke & Cheney I, 23-36",,,,,,,,,Data Capture,,Earliest surviving statutes for any English diocese,Reviewed ,
1478,1210,1198x1215,2,,Yes,,Ely,Ely,Canterbury,England,,52.4,0.26,D310,,,,,,Diocesan,"MS ascribes it to Bp Eustace of Ely, but this is not certain",Eustace,,,,,Latin,,,,"Powicke & Cheney I, 41-42",,,,,,,,,Data Capture,,Concerning tithing of sheep,Reviewed ,
1479,1215,1215,7,11,,,Bath,Bath and Glastonbury,Canterbury,England,"Diocese renamed Diocese of Bath in 1219, then Bath & Wells from 1245",51.3815,-2.3587,D309,,,,,,Diocesan,,Jocelin of Wells,Jocelinus Thoteman,1206,1242,,Latin,,,,"Powicke & Cheney I, 44-46",,,,,,,,,Data Capture,,concerning sequestration of vacant churches,Reviewed ,
1480,1219,1219,,,,,Worcester,Worcester,Canterbury,England,,52.19123,-2.22231,D305,,,,,,Diocesan,,William de Blois,,1218,1236,,Latin,,,,"Powicke & Cheney I, 52-57",,,,,,,,,Data Capture,,,Reviewed ,
1481,1218,1217x1219,,,Yes,with additions 1219x1228; reissued for Durham 1228x1236 after Bp Poore was translated to that see,Salisbury,Salisbury,Canterbury,England,,51.074,-1.7936,D307,,,,,,Diocesan,,Richard Poore,,1217,1228,,Latin,,,,"Powicke & Cheney, I, 57-96",,,,"Edition is based on ""a copy for official use of the first version of the Salisbury statutes""",,,,,Data Capture,,,Reviewed ,
1482,1230,1228x1236,,,Yes,first issued for Salisbury 1217x1219; with additions 1219x1228 and reissued for Durham 1228x1236 after Bp Poore was translated to that see,Durham,Durham,York,England,,54.7761,-1.5733,D301,,,,,,Diocesan,,Richard Poore,,1228,1237,,Latin,,,,"Powicke & Cheney, I, 57-96",,,,,"Transcription adapted from 1481_Salisbury_1218c, with omission of c. 81 and cc. 102-14 (though this may well be the result of a defective manuscript rather than editorial changes; minor changes from app. crit. (based on MSS L & M) not made after c. 3 (except for additions at cc. 41, 46, 47, 53, 57, 69, 83, and omission at c. 96).",,,,Data Capture,,,Reviewed ,
1483,1222,1222,4,17,,,Oxford,,Canterbury,England,"Held at Osney Abbey, outside Oxford",51.749722,-1.27,P020,,,,,,Provincial,,Stephen Langton,,1207,1228,,Latin,,,,"Powicke & Cheney I, 100-125",,,,,,,,,Data Capture,,,Reviewed ,
1484,1224,1224 (ca.),,,Yes,,Winchester,Winchester,Canterbury,England,,51.0632,-1.308,D299,,,,,,Diocesan,,Peter des Roches,,,,,Latin,,,,"Powicke & Cheney I, 125-37",,,,,,,,,Data Capture,,,Reviewed ,
1485,1224,1222x1225,,,Yes,,England (unknown),England (unknown),Canterbury,England,Issued for an unknown English diocese; lat/long location marked as Canterbury,51.275,1.087,D295,,,,,,Diocesan,,,,,,,Latin,,,,"Powicke & Cheney I, 139-154",,,,,,,,,Data Capture,Yes,,Reviewed ,
1486,1225,1225,,,,,Canterbury,Canterbury,Canterbury,England,,51.275,1.087,P020,,,,,,Provincial,May not have been issued in a synod but simply sent in letter from AB to suffragans,Stephen Langton,,1207,1228,,Latin,,,,"Powicke & Cheney I, 154-55",,,,,,,,,Data Capture,,Decree against concubinary priests and beneficed clerks and their mistresses; ,Reviewed ,
1487,1225,1222x1228,,,Yes,,Canterbury,Canterbury,Canterbury,England,,51.275,1.087,D295,,,,,,Diocesan,,Stephen Langton,,1207,1228,,Latin,,,,"Powicke & Cheney I, 165-67",,,,,"Transcription adapted from 1481_Salisbury_1218c, with emendations as noted by editors",,,,Data Capture,,Heavily based on Salisbury statutes issued by Richard Poore 1217x1219,Reviewed ,
1488,1229,1229,,,,,Worcester,Worcester,Canterbury,England,,52.19123,-2.22231,D305,,,,,,Diocesan,,William de Blois,,1218,1236,,Latin,,,,"Powicke & Cheney I, 169-81",,,,,,,,,Data Capture,,,Reviewed ,
1489,1228,1225x1230,,,Yes,,Hereford (?),Hereford (?),Canterbury,England,Issued for an unknown English diocese (Cheney tentatively suggested Hereford as a possibility);,52.0565,-2.716,D303,,,,,,Diocesan,,,,,,,Latin,,,,"Powicke & Cheney I, 181-97",,,,"Given name ""Constitutiones cuiusdam episcopi"" in MS",,,,,Data Capture,,,Reviewed ,
1490,1235,1235/1236,,,Yes,,Lincoln,Lincoln,Canterbury,England,,53.23272,-0.537661,D304,,,,,,Other,Mandate to Archdeacons,Robert Grosseteste,,1235,1253,,Latin,,,,"Powicke & Cheney I, 201-203",,,,,,,,,Data Capture,,,Reviewed ,
1491,1236,1235/1236,,,Yes,,Lincoln,Lincoln,Canterbury,England,,53.23272,-0.537661,D304,,,,,,Other,Mandate to Archdeacons,Robert Grosseteste,,1235,1253,,Latin,,,,"Powicke & Cheney I, 203-5",,,,,,,,,Data Capture,,,Reviewed ,
1492,1230,1224x1237,,,Yes,,Coventry,Coventry and Lichfield,Canterbury,England,,52.4089,-1.5085,D300,,,,,,Diocesan,,Alexander of Stavensby,,1224,1238,,Latin,,,,"Powicke & Cheney I, 207-26",,,,,,,,,Data Capture,,Includes tract on Seven Deadly Sins and tract on Confession and Penance,Reviewed ,
1493,1230,1225x1237,,,Yes,,Exeter,Exeter,Canterbury,England,,50.716667,-3.53333,D308,,,,,,Diocesan,,William Briwere,,1224,1244,,Latin,,,,"Powicke & Cheney I, 227-37",,,,,,,,Yes,Data Capture,,,Reviewed ,
1494,1237,1237,11,20,,either 18-20 November or 19-21 November 1237,London,London,Canterbury,England,Held at St Paul's,51.507222,-0.1275,P020,P091,,,,,Legatine,,"Otto da Tonengo, cardinal deacon and legate a latere",,,,,Latin,,,,"Powicke & Cheney I, 245-59",,,,,,,,,Data Capture,,,Reviewed ,
1495,1238,1238,1,27,,,Pontefract,York,York,England,,53.691,-1.312,D298,,,,,,Diocesan,Either published by bishop in an unrecorded synod at Pontefract or else by archdeacon of York in archidiaconal synod/chapter,Walter Gray,,,,,Latin,,,,"Powicke & Cheney I, 259-60",,,,,,,,,Data Capture,,,Reviewed ,
1496,1239,1239 (ca.),,,Yes,"Wilkins (III, 59-60) erroneously prints these as 1364 constitutions of Simon Langham, Bishop of Ely (r. 1362-66)",Lincoln,Lincoln,Canterbury,England,,53.23272,-0.537661,D304,,,,,,Diocesan,,Robert Grosseteste,,1235,1253,,Latin,,,,"Powicke & Cheney I, 265-78",,,,,,,,,Data Capture,,,Reviewed ,
1497,1240,1240,7,26,,,Worcester,Worcester,Canterbury,England,,52.19123,-2.22231,D305,,,,,,Diocesan,,Walter de Cantilupe,,,,,Latin,,,,"Powicke & Cheney I, 294-325",,,,"includes (at pp. 321-25) a set of liturgical observances probably issued by William de Blois (r. 1218-36) but apparently ratified by Walter de Cantilupe (though this too is unclear, and it is possible that the statutes date as late as 1266)",,,,,Data Capture,,,Reviewed ,
1498,1235,1229x1241,,,Yes,issued between c. 1229x1241; revised 1241 x c.1270,London,London,Canterbury,England,,51.507222,-0.1275,D297,,,,,,Other,Statutes for archdeaconry of London; not issued in a synod,Roger Niger,,1228,1241,,Latin,,,,"Powicke & Cheney I, 329-37",,,,,,,,,Data Capture,,,Reviewed ,
1499,1242,1240x1243,,,Yes,with additions by Walter Suffield (r. 1244-57) and Simon Walton (1257-66); date of appendix is even more doubtful,Norwich,Norwich,Canterbury,England,,52.631944,1.3011111,D302,,,,,,Diocesan,,William Raleigh,William de Raley,1239,1244,,Latin,,,,"Powicke & Cheney I, 342-364",,,,"Rather messy textual transmission; ""no attempt is made here to bring order out of chaos"" (Cheney I, 343)","Where there are major variants, transcription here follows MS D, though in the sequence as laid out by Cheney.
",,,,Data Capture,,,Reviewed ,
1500,1240,1238x1244,,,Yes,,Salisbury,Salisbury,Canterbury,England,,51.074,-1.7936,D307,,,,,,Diocesan,,Robert Bingham,,,,,Latin,,,,"Powicke & Cheney, I, 364-87",,,,,,,,,Data Capture,,,Reviewed ,
1501,1247,1247x1249,,,Yes,probably issued autumn 1247; certainly issued before late 1249,Winchester,Winchester,Canterbury,England,,51.0632,-1.308,D299,,,,,,Diocesan,,William Raleigh,William de Raley,1242,1250,,Latin,,,,"Powicke & Cheney I, 403-16",,,,,,,,,Data Capture,,Borrow heavily from Grosseteste's statutes for Lincoln (Raleigh being a close friend of Grosseteste),Reviewed ,
1502,1247,1247,,,,,Chichester,Chichester,Canterbury,England,,50.83652,-0.77918,D306,,,,,,Diocesan,Episcopal mandate (not necessarily issued in synod),Richard de Wich,,1245,1252,,Latin,,,,"Powicke & Cheney I, 416-17",,,,,,,,,Data Capture,,concerning pentecostal processions,Reviewed ,
1503,1248,1248,,,,,Chichester,Chichester,Canterbury,England,,50.83652,-0.77918,D306,,,,,,Diocesan,Episcopal mandate (not necessarily issued in synod),Richard de Wich,,1244,1253,,Latin,,,,"Powicke & Cheney I, 418",,,,,,,,,Data Capture,,concerning pentecostal processions,Reviewed ,
1504,1245,1241x1249,,,Yes,,Durham,Durham,York,England,,54.7761,-1.5733,D301,,,,,,Diocesan,,NIcholas of Farnham,,1244,1249,,Latin,,,,"Powicke & Cheney, I, 421-35",,,,,,,,,Data Capture,,,Reviewed ,
1505,1245,1241x1249,,,Yes,,Durham,Durham,York,England,,54.7761,-1.5733,D301,,,,,,Other,Statutes for peculiars of church of Durham,NIcholas of Farnham,,1244,1249,,Latin,,,,"Powicke & Cheney, I, 435-45",,,,,"Text expanded from earlier Salisbury and Lincoln statutes as indicated in edition, but without incorporating the minor variants of the Durham LM tradition (to which this text largely adheres)",,,,Data Capture,,borrows heavily from earlier Salisbury/Durham statutes,Reviewed ,
1506,1250,1245x1252,,,Yes,,Chichester,Chichester,Canterbury,England,,50.83652,-0.77918,D306,,,,,,Diocesan,,Richard de Wich,,1244,1253,,Latin,,,,"Powicke & Cheney I, 451-67",,,,,,,,,Data Capture,,,Reviewed ,
1507,1245,1235x1253,,,Yes,,Lincoln,Lincoln,Canterbury,England,,53.23272,-0.537661,D304,,,,,,Other,Mandate to Archdeacons,Robert Grosseteste,,1235,1253,,Latin,,,,"Powicke & Cheney I, 479-80",,,,,,,,,Data Capture,,,Reviewed ,
1508,1250,1241x1255,,,Yes,with additions to 1306,York,York,York,England,,53.958333,-1.080278,D298,,,,,,Diocesan,,Walter de Gray,,1216,1255,,Latin,,,,"Powicke & Cheney I, 483-98",,,,Somewhat messy textual history,,,,,Data Capture,,,Reviewed ,
1509,1255,1255,10,4,,,Norwich,Norwich,Canterbury,England,,52.631944,1.3011111,D302,,,,,,Diocesan,,Walter Suffield,,,,,Latin,,,,"Powicke & Cheney I, 498-501",,,,,,,,,Data Capture,,,Reviewed ,
1510,1250,1239x1256,,,Yes,with additions 1256x1276,Ely,Ely,Canterbury,England,,52.4,0.26,D310,,,,,,Diocesan,,,,,,,Latin,,,,"Powicke & Cheney I, 515-23",,,,,,,,,Data Capture,,,Reviewed ,
1511,1257,1257 (ca.),,,Yes,with later additions,Salisbury,Salisbury,Canterbury,England,,51.074,-1.7936,D307,,,,,,Diocesan,,Giles of Bridport,,,,,Latin,,,,"Powicke & Cheney, I, 549-67",,,,,,,,,Data Capture,,,Reviewed ,
1512,1258,1257x1259,,,Yes,dating uncertain; clearly predate 1259 and seem to postdate 1257,Wells,Bath and Wells,Canterbury,England,"Diocese renamed Diocese of Bath in 1219, then Bath & Wells from 1245",51.2073,-2.6519,D309,,,,,,Diocesan,,William of Bitton,,1248,1264,,Latin,,,,"Powicke & Cheney I, 586-626",,,,,,,,,Data Capture,,,Reviewed ,
1513,1258,1258/1259,,,Yes,"14 April 1258x1 August 1259, with later additions (possibly as late as the early 14th century)",Carlisle,Carlisle,York,England,,54.891,-2.944,D311,,,,,,Diocesan,,Robert de Chaury,,,,,Latin,,,,"Powicke & Cheney I, 626-30",,,,"first 77 chapters identical to statutes issued for diocese of Bath and Wells c. 1258, save for omission of cc. 40-41",reconstruct full text once transcription of Bath&Wells c. 1258 is finished,,,,Data Capture,,,Reviewed ,"Cheney, Medieval Statutes of the Diocese of Carlisle, EHR 62 (1947), 52-57"
1514,1250,1245x1259,,,Yes,,London,London,Canterbury,England,,51.507222,-0.1275,D297,,,,,,Diocesan,,Fulk Basset,,1241,1259,,Latin,,,,"Powicke & Cheney I, 630-32",,,,,,,,,Data Capture,,,Reviewed ,
1515,1255,1245x1259,,,Yes,with later additions,London,London,Canterbury,England,,51.507222,-0.1275,D297,,,,,,Diocesan,,Fulk Basset,,1241,1259,,Latin,,,,"Powicke & Cheney I, 632-58",,,,,,,,,Data Capture,,,Reviewed ,
1516,1259,1259,,,,,York,York,York,England,,53.958333,-1.080278,D298,,,,,,Diocesan,,Godfrey of Ludham,,1258,,,Latin,,,,"Powicke & Cheney I, 658-659",,,,Near verbatim copy of Statutes of Bath & Wells (c. 1258) and Carlisle (1258x1259); omitting only cc. 40-41 of Wells statutes,,,,,Data Capture,,,Reviewed ,"Cheney, English Synodalia, 101-103"
1517,1261,1261,5,13,,,Lambeth,,Canterbury,England,,51.4903,-0.1193,P020,,,,,,Provincial,,Boniface,,,,,Latin,,,,"Powicke & Cheney I, 669-85",,,,,,,,,Data Capture,,,Reviewed ,
1518,1264,1262x1265,,,Yes,,Winchester,Winchester,Canterbury,England,,51.0632,-1.308,D299,,,,,,Diocesan,,John Gervais,,,,,Latin,,,,"Powicke & Cheney I, 700-23",,,,,,,,,Data Capture,Yes,,Reviewed ,
1519,1268,1268,4,23,,either 22-24 April or 23-25 April 1268,London,London,Canterbury,England,Held at St Paul's,51.507222,-0.1275,P020,P091,,,,,Legatine,,"Ottobuono de' Fieschi, cardinal legate",,,,,Latin,,,,"Powicke & Cheney II, 747-92",,,,,,,,,Data Capture,,"canons repeat and supplement those of legatine council of London 1237; acc. Cheney (p739), ""these became the most important single collection of local law for the English Church. They were much copied and some parts were constantly cited by bishops in the course of their administration. Their enforcement was required by a papal mandate obtained by the bishop of Norwich in 1272...""

Scottish bishops refused to accept the canons (see Watts, Church Councils, 93-95)",Reviewed ,
1520,1260,1257x1262,,,Yes,"1249x1269, probably 1257x1262
Mansi mistakenly dates it to 1300 (ca) and Wilkins to 1305",Merton,,Canterbury,England,,51.4102,-0.2024,P020,,,,,,Provincial,"Appears to be a general statute, but not issued in council or synod; may have been drafted to be approved in a great council or parliament",Boniface of Savoy,,1249,1269,,Latin,,,,"Powicke & Cheney II, 795-97","Wilkins II, 278-28; Mansi 25, col 5-12 & 13-16 (additiones)",,,"Survive in numerous MSS, two of them 13th-c",,,,,Data Capture,,,Reviewed ,"Cheney, English Synodalia, 97-109"
1521,1277,1277,8,2,,,Hereford,Hereford,Canterbury,England,,52.0565,-2.716,D303,,,,,,Other,Episcopal mandate,Thomas de Cantilupe,,,,,Latin,,,,"Powicke & Cheney II, 823-24",,,,,,,,,Data Capture,,,Reviewed ,
1522,1287,1287 (ca.),,,Yes,,Exeter,Exeter,Canterbury,England,,50.716667,-3.53333,D308,,,,,,Other,Summula for diocese,Peter Quinel,"Peter Quivel, Peter de Exonia",1280,1291,,Latin,,,,"Powicke & Cheney II, 1059-1077",,,,,,,,,Data Capture,,"Title: Summula sinodi Exoniensis diocesis
",Reviewed ,
1523,1291,1291,7,17,,,Wingham,Canterbury,Canterbury,England,,51.272,1.2171,D295,,,,,,Other,Episcopal mandate,John Peckham,John Pecham,1279,1292,,Latin,,,,"Powicke & Cheney II, 1096-97",,,,,,,,,Data Capture,,concerning observance of Sundays and fast-days,Reviewed ,
1524,1281,1281,10,10,,held 7-10 October,Lambeth,,Canterbury,England,,51.4903,-0.1193,P020,,,,,,Provincial,,John Peckham,John Pecham,1279,1292,,Latin,,,,"Powicke & Cheney II, 892-918","Mansi 24, 403-428, Wilkins II, 51-61",,https://books.google.com/books?id=lOJVAAAAcAAJ,,,,,,Data Capture,,,Reviewed ,
1525,1306,1306,9,30,,,Ripon,York,York,England,,54.13796,-1.52365,D298,,,,,,Diocesan,"Episcopal statutes, approved by chapter but seemingly not issued in synod",William Greenfield,,,,,Latin,,,,"Powicke & Cheney I, 496 (text); and II, 1231 (discussion)",,,,"printed as appendix to earlier statutes of diocese of York (vol. I, p. 496)",,,,,Data Capture,,concern care of cemeteries and repair of churches with sums charged for dilapidations,Reviewed ,
1526,1311,1311,8,8,,,Stepney,London,Canterbury,England,,51.5152,-0.0462,D297,,,,,,Diocesan,"Episcopal mandate, not issued in synod",Ralph Baldock,,1304,1313,,Latin,,,,"Powicke & Cheney II, 1349-50",,,,,,,,,Data Capture,,Mandate against sorcerors,Reviewed ,
1527,1305,1295x1313,,,Yes,,Lambeth,,Canterbury,England,or Merton?,51.4903,-0.1193,P020,,,,,,Other,Unpublished drafts or personal mandates,Robert Winchelsey,,1294,1313,,Latin,,,,"Powicke & Cheney II, 1382-1393",,,,"Some texts are known to predate Winchelsey's election as AB, but throughout later Middle Ages these were consistently ascribed to him",,,,,Data Capture,,,Reviewed ,"Cheney, ""So-called Statutes of John Pecham and Robert Winchelsey,"" "
1553,1301,1301,3,6,,,Pamplona,Pamplona,Tarragona,Spain,suffragan of Tarragona until 1317; thereafter suffragan of Zaragoza,42.818333,-1.644167,D649,,,,,,Diocesan,,Miguel Periz de Legaria,,1288,1304,,Latin,,,,"Synodicon Hispanum, VIII, pp373-74",,,,,"survives in 1499 compilation, as cc. 72, 253-54, 277-281",,,Yes,"Library Scan
Hard Copy Scan",Yes,"survives in 1499 compilation, as cc. 72, 253-54, 277-281",Reviewed ,
1554,1320,1320,12,7,,,Pamplona,Pamplona,Zaragoza,Spain,suffragan of Zaragoza as of 1318,42.818333,-1.644167,D649,,,,,,Diocesan,,Arnalt de Barbazán,,1318,1355,,Latin,,,,"Synodicon Hispanum, VIII, pp375-76",,,,,"partially survives via 1499 compilation, as cc. 30-33, 135-36",,,,"Library Scan
Hard Copy Scan",Yes,"partially survives via 1499 compilation, as cc. 30-33, 135-36",Reviewed ,
1555,1313,1313,5,1,,,Pamplona,Pamplona,Tarragona,Spain,suffragan of Tarragona until 1317; thereafter suffragan of Zaragoza,42.818333,-1.644167,D649,,,,,,Diocesan,one of the constitutions originally seems to have been capitular rather than diocesan,Arnalt de Puyana,,1310,1316,,Latin,,,,"Synodicon Hispanum, VIII, pp374",,,,,"partially survives via 1499 compilation, as cc. 24-26, 155-56, 158, 168-169, 171, 203-206",,,,"Library Scan
Hard Copy Scan",Yes,"partially survives via 1499 compilation, as cc. 24-26, 155-56, 158, 168-169, 171, 203-206",Reviewed ,
1556,1315,1315,10,29,,,Pamplona,Pamplona,Tarragona,Spain,suffragan of Tarragona until 1317; thereafter suffragan of Zaragoza,42.818333,-1.644167,D649,,,,,,Diocesan,,Arnalt de Puyana,,1310,1316,,Latin,,,,"Synodicon Hispanum, VIII, pp375",,,,,"partially survives via 1499 compilation, as cc. 27-29, 73-75, 141-44, 173, 187, 207-08",,,,"Library Scan
Hard Copy Scan",Yes,"partially survives via 1499 compilation, as cc. 27-29, 73-75, 141-44, 173, 187, 207-08",Reviewed ,
1557,1330,1330,9,23,,,Pamplona,Pamplona,Zaragoza,Spain,suffragan of Zaragoza as of 1318,42.818333,-1.644167,D649,,,,,,Diocesan,,Arnalt de Barbazán,,1318,1355,,Latin,,,,"Synodicon Hispanum, VIII, pp376-77",,,,,"partially survives via 1499 compilation, as cc. 112, 124-25, 178, 194-96, 282-84",,,,"Library Scan
Hard Copy Scan",Yes,"partially survives via 1499 compilation, as cc. 112, 124-25, 178, 194-96, 282-84",Reviewed ,
1558,1341,1341,7,31,,,Pamplona,Pamplona,Zaragoza,Spain,suffragan of Zaragoza as of 1318,42.818333,-1.644167,D649,,,,,,Other,"Episcopal mandate or decree, not synodal legislation",Arnalt de Barbazán,,1318,1355,,Latin,,,,"Synodicon Hispanum, VIII, pp377",,,,,"partially survives via 1499 compilation, as cc. 120-21",,,,"Library Scan
Hard Copy Scan",Yes,"partially survives via 1499 compilation, as cc. 120-21",Reviewed ,
1559,1357,1357,2,25,,,Cologne,Cologne,Cologne,Germany,,50.94257,6.958976,D538,,,,,,Diocesan,,Wilhelm von Gennep,,1349,1362,,Latin,,,,"Wolter, Synodalstatuten, 505-507, no. 91","Hartzheim IV, 482-83; REK VI, no. 932",https://books.google.com/books?id=kbNumdYKdrkC,,,,,,,"GoogleBooks
Data Capture",,,Reviewed ,
1560,1358,1358,10,2,,,Cologne,Cologne,Cologne,Germany,,50.94257,6.958976,D538,,,,,,Diocesan,,Wilhelm von Gennep,,1349,1362,,Latin,,"Aachen, Stadtarchiv,  Hs. K Regulierherren Nr. 9 (olim Hs. 66), fol 43r",,"Wolter, Synodalstatuten, 532-533, no. 107","Hartzheim IV, 489-490; REK VI, no. 1034 (Summary)",,https://books.google.com/books?id=kbNumdYKdrkC,,,,,,Digital MS,,,Reviewed ,"Lepper, Unbekannte, 339-56."
1561,1346,1346,5,14,,,Puente la Reina,Pamplona,Zaragoza,Spain,suffragan of Zaragoza as of 1318,42.672134,-1.81504,D649,,,,,,Diocesan,,Arnalt de Barbazán,,1318,1355,,Latin,,,,"Synodicon Hispanum, VIII, pp377",,,,,"partially survives via 1499 compilation, as cc. 34-47, 66, 137-38, 145, 174, 181, 197-199, 285",,,,"Library Scan
Hard Copy Scan",Yes,"partially survives via 1499 compilation, as cc. 34-47, 66, 137-38, 145, 174, 181, 197-199, 285",Reviewed ,
1562,1349,1349,6,14,,13-14 June,Pamplona,Pamplona,Zaragoza,Spain,"suffragan of Zaragoza as of 1318
held in church of San Pedro de Ribas, just outside of walls of Pamplona",42.818333,-1.644167,D649,,,,,,Diocesan,,Arnalt de Barbazán,,1318,1355,,Latin,,,,"Synodicon Hispanum, VIII, pp378",,,,,"partially survives via 1499 compilation, as cc. 48, 67, 76, 84, 89, 95-99, 146, 160, 161-66 (?), 255-56, 286-87",,,,"Library Scan
Hard Copy Scan",Yes,"partially survives via 1499 compilation, as cc. 48, 67, 76, 84, 89, 95-99, 146, 160, 161-66 (?), 255-56, 286-87",Reviewed ,
1563,1388,1388,3,12,,13-14 June,Pamplona,Pamplona,Zaragoza,Spain,suffragan of Zaragoza as of 1318,42.818333,-1.644167,D649,,,,,,Other,Capitular constitution,Martin de Zalba,,1377,1403,,Latin,,,,"Synodicon Hispanum, VIII, pp401-2",,,,,"survives in 1499 compilation, as cc. 289-90",,,,"Library Scan
Hard Copy Scan",Yes,survives in 1499 compilation,Reviewed ,
1590,1335,1335,1,20,,,León,León,Santiago,Spain,,42.605556,-5.57,D661,,,,,,Other,not issued at synod,Juan del Campo,,1332,1344,,Old Spanish,,,,"Synodicon Hispanum, III, pp292-93",,,,,,,,,"Library Scan
Hard Copy Scan",Yes,,Reviewed ,
1617,1253,1253,,,,,Lucca,Lucca,[Holy See],Italy,,43.85,10.5,D127,,,,,,Diocesan,,Guercio Tebalducci,Guerrigo,,,,Latin,,,,"Dinelli, Dei sinodi della diocesi di Lucca, 53-58","Mansi 23, coll 821-24",https://books.google.com/books?id=5lVfAAAAcAAJ,https://books.google.com/books?id=CSdPAAAAYAAJ,,,,,,WebDownload,Yes,,Reviewed ,
1618,1279,1279,11,20,,,Trent,Trent,Aquileia,Italy,,46.066667,11.116777,D240,,,,,,Other,Synodal acta rather than constitutiones (though some constitutions embedded in text),Enrico II,,1274,1289,,Latin,,,,"Mansi 24, coll 321-28",,,,,,,,,Data Capture,,,Reviewed ,
1621,1330,1330,8,1,,,Florence,Florence,[Holy See],Italy,,43.771667,11.253611,D096,,,,,,Diocesan,,Francesco di Silvestro da Cingoli,,1323,1341,,Latin,,,,"Guasti & Gherardi, I Capitoli del comune di Firenze II (Florence, 1893), pp47-49","San Luigi, Etruria Sacra, I, pp35-36",,https://books.google.com/books?id=L2a8xBZbTtsC,"
",,,,,"GoogleBooks
Hard Copy Scan",Yes,revocatio and modificatio of 1327 statutes,Reviewed ,
1623,1366,1366,,,,,Lucca,Lucca,[Holy See],Italy,,43.85,10.5,D127,,,,,,Diocesan,,Berengario Blaxini,,1349,1368,,Latin,,,,"Dinelli, Sinodi, 115-119",,"https://books.google.com/books?id=5lVfAAAAcAAJ
",,,,,,,"GoogleBooks
WebDownload",Yes,additions to 1351 synod,Reviewed ,
1624,1374,1374,11,13,,,Lucca,Lucca,[Holy See],Italy,,43.85,10.5,D127,,,,,,Diocesan,,Paolo Gabrielli,,1374,1380,,Latin,,,,"Dinelli, Sinodi, 121-23",,"https://books.google.com/books?id=5lVfAAAAcAAJ
",,,,,,,"GoogleBooks
WebDownload",Yes,,Reviewed ,
1625,1375,1375,,,,,Lucca,Lucca,[Holy See],Italy,,43.85,10.5,D127,,,,,,Diocesan,,Paolo Gabrielli,,1374,1380,,Latin,,,,"Dinelli, Sinodi, 123-25",,"https://books.google.com/books?id=5lVfAAAAcAAJ
",,,,,,,"GoogleBooks
WebDownload",Yes,addition to 1374 statutes,Reviewed ,
1627,1414,1414,9,16,,,Lucca,Lucca,[Holy See],Italy,,43.85,10.5,D127,,,,,,Diocesan,,Nicolo Guinigi,,,,,Latin,,,,"Dinelli, Sinodi, 127-31",,https://books.google.com/books?id=5lVfAAAAcAAJ,,"
",,,,,"GoogleBooks
WebDownload",Yes,,Reviewed ,
1650,1274,1274,10,19,,,St Asaph,St Asaph,Canterbury,Wales,,53.258,-3.442,D316,,,,,,Diocesan,Diocesan decree concerning liberties of the Diocese,Einion II,Anian de Schonau,1268,1293,,Latin,,,,"Councils and Ecclesiastical Documents, ed. Haddan & Stubbs, vol. 1, 502-3",,https://books.google.com/books?vid=HARVARD:32044057490674,,,,,,,"GoogleBooks
WebDownload",Yes,,Reviewed ,
1653,1398,1398/1423,,,,either 1398 or 1423,Płock,Płock,Gniezno,Poland,,52.55,19.7,D596,,,,,,Diocesan,,Jakub z Korzkwi,,1396,1425,,Latin,,,,"Sawicki, VI, 181-263",,,,Two different versions survive; this is the version given in the right-hand column of the Sawicki edition (see also ID 0113),,,,,Hard Copy Scan,,,Reviewed ,
1654,1260,1260,10,26,,"misdated to 1267 in all editions; see Kay, ""Hostiensis and some provincial councils of Embrun,""",Seyne,Embrun,Embrun,France,,44.3514,6.3569,P027,,,,,,Provincial,,Henry of Susa,Hostiensis,1250,1262,,Latin,,,,"Martene, Thes, IV, col. 185-88","Mansi 23, 1179-1182",https://books.google.com/books?id=bjSeGwAACAAJ,https://books.google.com/books?id=CSdPAAAAYAAJ,,,,,,"GoogleBooks
Data Capture",,,Reviewed ,"Kay, ""Hostiensis and some provincial councils of Embrun,"""
1659,1350,1300x1399,,,Yes,,St Andrews,St Andrews,[Holy See],Scotland,,56.3404,-2.7955,D329,,,,,,Diocesan,,,,,,,Latin,,,,"Concilia Scotiae, II, p73","Statutes of the Scottish Church, p76-77(translation)",https://books.google.com/books?id=4CBBAQAAIAAJ,,,[given as c. 164 in edition],,,Yes,"GoogleBooks
Data Capture",,Single canon,Reviewed ,
1660,1311,1311,7,18,,,Laneham,York,York,England,,53.28,-0.78,P091,,,,,,Provincial,,William Greenfield,,1304,1315,,Latin,,,,"Wilkins II, 409-13",,https://books.google.com/books?id=FRtUAAAAcAAJ,,"Wilkins attaches list of sentences of excommunication (pp414-415), though these must date to later (since they cite Extravagantes) and have been included separately in database",,,,,"GoogleBooks
Data Capture",,,Reviewed ,
1661,1334,1334,7,13,,,Nottingham,Lincoln,Canterbury,England,,52.95,-1.133333,D304,,,,,,Other,Statutes for consistory,Henry Burghersh,,1320,1340,,Latin,,,,"Wilkins, II, 571-74",,https://books.google.com/books?id=FRtUAAAAcAAJ,,,,,,,Data Capture,,,Reviewed ,
1662,1348,1348,,,,,Bath,Bath and Wells,Canterbury,England,,51.38,-2.36,D309,,,,,,Other,Episcopal Mandate,Ralph of Shrewsbury,,1329,1363,,Latin,,,,"Wilkins II, 745-46",,https://books.google.com/books?id=FRtUAAAAcAAJ,,,,,,,"GoogleBooks
Data Capture",,,Reviewed ,
1663,1349,1349,,,,,London,Canterbury,Canterbury,England,,51.507222,-0.1275,P020,,,,,,Other,Archiepiscopal mandate,Simon Islip,,1349,1366,,Latin,,,,"Wilkins, II, 752",,https://books.google.com/books?id=FRtUAAAAcAAJ,,,,,,,"GoogleBooks
Data Capture",,"Concerning processions ""pro liberatione a pestilentia""",Reviewed ,
1665,1377,1377,5,27,,Monday after Trinity (Bray erroneously gives June 1),Barnwell Priory,Ely,Canterbury,England,Held at Priory church of Austin canons of Barnwell (Bray erroneously gives Bradwell),52.047752,-0.794656,D310,,,,,,Diocesan,"Issued by Thomas de Dalby, special commissary deputed to celebrate synod",Thomas Arundel,,1374,1388,Yes,Latin,,"Cambridge, University Library, EDR, D/2/1, fols. 72rv",,"Register of the Official of the Bishop of Ely, eds. Stetz & Donahue, 95-97","Records of Convocation, III 350",https://amesfoundation.law.harvard.edu/ElyAB/ElyAB_AFinal-7.pdf,,,CoSyn transcription from Stetz/Donahue edition,,,,Hard Copy Scan,,"From Register ed.: The synod ""publishes the constitution of John Stratford Humana concupiscencia (1342). It prohibits the solemnization of prohibited or clandestine marriages which have been interdicted by the church, which are contracted while a marriage suit involving both or one of the couple is pending, and which are known to have or are suspected of having an impediment. Each chapter of the constitution along with its penalty is reviewed so that each cleric understands them. The constitution is then ordered published and explained in intelligible language, between masses at each parish church on Sundays and feast days, so that the pretense of ignorance, frequently used, cannot be made.""",Reviewed ,
1666,1378,1378,11,26,,reissued by William Courtenay in 1391,Lambeth,Canterbury,Canterbury,England,,51.4903,-0.1193,P020,,,,,,Provincial,,Simon Sudbury,,1375,1381,,Latin,,,,"Wilkins, III, 135-36",,https://books.google.com/books?id=hedBAQAAMAAJ,,,,,,,"GoogleBooks
Data Capture",,,Reviewed ,
1667,1428,1428,10,21,,,Lichfield,Coventry and Lichfield,Canterbury,England,,52.6835,-1.82653,D300,,,,,,Diocesan,,William Heyworth,,1419,1447,,Latin,,,,"Wilkins, Concilia, III, 504-507",,https://books.google.com/books?id=xqS9o6v1W-8C,,,,,,,"GoogleBooks
Data Capture",,,Reviewed ,
1668,1449,1449,7,1,,,London,Canterbury,Canterbury,England,[check place],51.507222,-0.1275,P020,,,,,,Provincial,,John Stafford,,1443,1452,,Latin,,,,"Wilkins, Concilia, III, 557",,https://books.google.com/books?id=xqS9o6v1W-8C,,,,,,,"GoogleBooks
Data Capture",,Constitutio pro quaestoribus et procuratoribus de Acon,Reviewed ,
1673,1393,1393,9,22,,Synod held in June; decrees published September 22,Cariñena,Zaragoza,Zaragoza,Spain,,41.333333,-1.216667,D648,,,,,,Diocesan,,García Fernández de Heredia,,1387,1411,,Latin,,"Zaragoza, Biblioteca General Universitaria de Zaragoza, MS 14, fol. 70r–73r",,"Synodicon Hispanum 14, 456-461","Federico Rafael Aznar Gil, unpublished dissertation, Universidad Pontifícia de
Salamanca (1980), pp449-56",,,"1500 ed (digital): http://bdh-rd.bne.es/viewer.vm?id=0000176344&page=1
Grohe, Church synods, 431, n34: ""In 1495, Archbishop Alonso de Aragón assembled a synod – his third diocesan synod – during which he ordered the printing of a Breviarium, a Missale and a collection of provincial constitutions. This last text was printed and circulated in 1498 by the archbishop and printed in 1500 as Constitutiones synodales Archiepiscopatus Caesaraugustani, per Alfonsum de Aragonia ordinatae. This edition was followed by another, Constitutionum synodalium omnium archiepiscopatus Cesaraugustani epilogus, which was printed in 1542 and also included the intervening synod. For more information see Aznar Gil 1982, pp. 33–35""",CoSyn transcription from SH edition,,,,Digital MS,,5 canons,Reviewed ,"Grohe, Church synods, 431-34"
1674,1395,1395,12,16,,,Zaragoza,Zaragoza,Zaragoza,Spain,,41.65,-0.883333,P093,,,,,,Provincial,,García Fernández de Heredia,,1387,1411,,Latin,,"Washington D.C., Library of Congress, no shelfmark (previously Les Enluminures, TM 799), f. 251r-257r",,"Federico Rafael Aznar Gil, unpublished dissertation, Universidad Pontifícia de
Salamanca (1980), pp457-91",,https://catalog.loc.gov/vwebv/holdingsInfo?bibId=21832763,http://summa.upsa.es/details.vm?q=id:0000007967&lang=es&view=main,,CoSyn transcription from Aznar Gil edition,,,,Library Scan,Yes,"preface + twelve constitutions

Given papal confirmation (see pp. 492-94)",Reviewed ,"Grohe, Church synods, 434-"
1676,1416,1416,8,25,,,Belchite,Zaragoza,Zaragoza,Spain,,41.3,0.75,D648,,,,,,Diocesan,,Francisco Clemente Perez Capera,Francisco Climent Sapera,1415,1419,,Latin,,,,"Synodicon Hispanum 14, 462-467","Federico Rafael Aznar Gil, unpublished dissertation, Universidad Pontifícia de
Salamanca (1980), pp448-509",http://summa.upsa.es/details.vm?q=id:0000007967&lang=es&view=main,,,,,,,Library Scan,,,Reviewed ,
1682,1224,1224,3,27,,"dated 1223 in Bessin, Mansi, and Hefele; but Normandy used Easter-style dating (as noted by Vincent Tabbagh, in Fasti Ecclesiae Gallicanae)",Rouen,Rouen,Rouen,France,,49.443889,1.103333,P065,,,,,,Provincial,,Thibaut of Amiens,,1222,1231,,Latin,,,,"Bessin, Concilia, I, pp130-132","Mansi 22, cols 1197-1200",https://books.google.com/books?id=0SGIk69vxS0C,https://gallica.bnf.fr/ark:/12148/bpt6k51606z/,,,,,,"GoogleBooks
WebDownload",,19 canons (all derived from Lat IV),Reviewed ,
1683,1295,1295,5,19,,,Besançon,Besançon,Besançon,France,,47.233611,6.030556,P013,,,,,,Provincial,,Eudes de Rougemont,,1269,1301,,Latin,,"Besancon, Arch Dioc, MS D 1","Besancon, Arch Dioc, MS D 5 (19th-c copy)","Concile provincial de Besancon, ed. de Vregille, 39",,,,,CoSyn transcription from de Vregille edition,,,,"Library Scan
Hard Copy Scan",,,Reviewed ,
1684,1296,1296,8,6,,,Besançon,Besançon,Besançon,France,,47.233611,6.030556,P013,,,,,,Provincial,,Eudes de Rougemont,,1269,1301,,Latin,,"Besancon, Arch Dioc, MS D 1","Besancon, Arch Dioc, MS D 5 (19th-c copy)","Concile provincial de Besancon, ed. de Vregille, 39-40",,,,,CoSyn transcription from de Vregille edition,,,,"Library Scan
Hard Copy Scan",,,Reviewed ,
1685,1299,1299,5,,,,Besançon,Besançon,Besançon,France,,47.233611,6.030556,P013,,,,,,Provincial,,Eudes de Rougemont,,1269,1301,,Latin,,"Besancon, Arch Dioc, MS D 1","Besancon, Arch Dioc, MS D 5 (19th-c copy)","Concile provincial de Besancon, ed. de Vregille, 40-41",,,,,CoSyn transcription from de Vregille edition,,,,"Library Scan
Hard Copy Scan",,,Reviewed ,
1686,1285,1281x1295,,,Yes,"for dating, see Moreau translation (Concile Provincial de Besancon, 53, n21)",Besançon,Besançon,Besançon,France,,47.233611,6.030556,P013,,,,,,Provincial,,Eudes de Rougemont,,1269,1301,,Latin,,"Besancon, Arch Dioc, MS D 1","Besancon, Arch Dioc, MS D 5 (19th-c copy)","Concile provincial de Besancon, ed. de Vregille, 41-42",,,,,CoSyn transcription from de Vregille edition,,,Yes,"Library Scan
Hard Copy Scan",,,Reviewed ,
1687,1314,1314,4,3,,,Lendinara,Adria,Ravenna,Italy,,45.085,11.60056,D004,,,,,,Diocesan,,Giovanni de Malaucellis (da Genova),,1305,1317,,Latin,,"Rovigo, Archivio storico diocesano, Transcription (1966) by Mons. Alberino Gabrielli",,,,,,survives in authenticated copy of 1505; transcript made in 1966 by Mons. Alberino Gabrielli in Rovigo,Gabrielli transcription needs checking against 1505 copy,,,,Other,,130 chapters across 31 titles,Reviewed ,
1688,1452,1452,6,28,,,Adria,Adria,Ravenna,Italy,,45.085,11.60056,D004,,,,,,Diocesan,,Biagio Novello,,1447,1465,,Latin,,"Rovigo, Archivio storico diocesano, Transcription (1966) by Mons. Alberino Gabrielli",,"Samaritani, Biagio Novelli, pp164-66",,,,survives in authenticated copy of 1505; transcript made in 1966 by Mons. Alberino Gabrielli in Rovigo,"CoSyn transcription from Gabrielli transcription, which needs checking against 1505 copy",,,,Other,,7 constitutions; numbering follows on 1314 statutes,Reviewed ,
1689,1378,1378,8,24,,,Benevento,Benevento,Benevento,Italy,,41.133333,14.783333,P012,,,,,,Provincial,,Ugone Guidardi,,1365,1378,,Latin,,,,"Synodicon Beneventanensis (1724), 245-259","Mansi 26, col 619-656",https://books.google.com/books?id=5F5hdV9EqMgC,http://gallica.bnf.fr/ark:/12148/bpt6k516090/f2.image,,,,,,"GoogleBooks
Data Capture",,,Reviewed ,
1690,1470,1470,8,24,,,Benevento,Benevento,Benevento,Italy,,41.133333,14.783333,P012,,,,,,Provincial,,Corrado Capece,,1467,1482,,Latin,,,,"Synodicon Beneventanensis (1724), 260-264","Synodicon Beneventanensis (1695), 293-298",https://books.google.com/books?id=5F5hdV9EqMgC,http://gallica.bnf.fr/ark:/12148/bpt6k51035w/f43.item.zoom,,,,,,"GoogleBooks
Data Capture",,,Reviewed ,
1698,1372,1372,,,,,Florence,Florence,[Holy See],Italy,,43.771667,11.253611,D096,,,,,,Diocesan,,Angelo Ricasoli,,1369,1382,,Latin,,,,"Trexler, Synodal Law, 297-305",,,,,,,,,Hard Copy Scan,Yes,adds three new constitutions,Reviewed ,
1699,1393,1393,,,,,Florence,Florence,[Holy See],Italy,,43.771667,11.253611,D096,,,,,,Diocesan,,Onofrio dello Steccuto,Onofrio Visdomini,1389,1400,,Latin,,,,"Trexler, Synodal Law, 307-39",,,,,,,,,Hard Copy Scan,Yes,,Reviewed ,
1702,1252,1252,,,,,Lamego,Lamego,Braga,Portugal,,41.100833,-7.81,D636,,,,,,Diocesan,,Egas Pais,,,,,Latin,,,,"Synodicon Hispanum II, 279-80",,,,,,,,,"Library Scan
Hard Copy Scan",Yes,two constitutions concerning tithes and parishes,Reviewed ,
1704,1310,1310,10,23,,21-29 October,Salamanca,Salamanca,Santiago,Spain,,40.961612,-5.667607,P069,,,,,,Provincial,,Rodrigo del Padron,,,,,Latin,,,,"Fita y Colome, Actas ineditas, 66-74","Rosa Pereira, Sinodos medievais, 242-45",https://books.google.com/books?id=H3mLY1R3agIC,http://summa.upsa.es/pdf.vm?id=0000007951&page=1,"Redaction of October 29 session in Portuguese MS, ed. Rosa Pereira: ",,,,,Library Scan,,Acts of the first session (on 21 October) since lost; these dealt mainly with Templars,Reviewed ,
1705,1333,1333,1,13,,,Alcalá de Henares ,Toledo,Toledo,Spain,,40.466667,-3.366667,P078,,,,,,Provincial,,Jimeno de Luna,,1328,1338,,Latin,,,,"Sanchez Herrero, Concilios y sinodos Toledanos, 195-96",,,,,,,,,"Library Scan
Hard Copy Scan",,,Reviewed ,
1706,1355,1355,10,1,,,Toledo,Toledo,Toledo,Spain,,39.856667,-4.024444,P078,,,,,,Provincial,,Blas Fernández de Toledo,,,,,Latin,,,,"Sanchez Herrero, Concilios y sinodos Toledanos, 220-21",,,,,,,,,"Library Scan
Hard Copy Scan",,,Reviewed ,
1710,1283,1283,5,9,,Palazzini gives date as April 1283,Benavente,Zamora,Santiago,Spain,,42.003056,-5.674167,P069,,,,,,Provincial,,,,,,,Latin,,,,"Fita y Colome, Actas ineditas, 21-25","Tejada, Coleccion de canones, 5, 668-70",,,,,,,,,,"driven by same concerns as Valladolid 1282 (mutual defense)
bishops of Zamora and Astorga signed the acts, along with three abbots",Reviewed ,
1712,1327,1327,,,,,Santiago,Santiago,Santiago,Spain,,42.880447,-8.546303,P069,,,,,,Provincial,,Berengario de Landora,,1317,1330,,Latin,,,,"Justo Fernandez, Concilios compostelanos, 356-60",,,,,,,,,Hard Copy Scan,Yes,,Reviewed ,
1713,1324,1324,,,,,Santiago,Santiago,Santiago,Spain,,42.880447,-8.546303,P069,,,,,,Provincial,,Berengario de Landora,,1317,1330,,Latin,,,,"Justo Fernandez, Concilios compostelanos, 344-355",,,,,,,,,Hard Copy Scan,Yes,,Reviewed ,
1714,1260,1260,,,,,Santiago,Santiago,Santiago,Spain,,42.880447,-8.546303,P069,,,,,,Provincial,,Juan Arias,,1238,1266,,Latin,,,,"Justo Fernandez, Concilios compostelanos medievales, 319-323",,,,Alternate version given at pp. 324-326,,,,,Hard Copy Scan,Yes,,Reviewed ,
1715,1375,1375,,,,"Synod was celebrated (or solemnized) in two distinct sessions, one in Santiago de Compostela on 1 May 1375; the other in Salamanca on 10 December 1377.",Santiago,Santiago,Santiago,Spain,,42.880447,-8.546303,P069,,,,,,Provincial,,Rodrigo de Moscoso,,1368,1382,,Latin,with addendum in Old Spanish,,,"Justo Fernandez, Concilios compostelanos, 384-404","Garcia y Garcia, ""El concilio provincial compostelano-salmantino,"" 313-27",,,almost identical to Salamanca 1335,,,,,Hard Copy Scan,Yes,,Reviewed ,
1717,1429,1429,9,19,,,Tortosa,Tortosa,Tarragona,Spain,,40.812778,0.523333,P077,,,,,,Legatine,"Attended by bishops of Aragon, Valencia, and Catalonia",Pedro de Fox,,,,,Latin,,"Barcelona, Arxiu Capitular, Cod. 26, ff. 60r-63v","Zaragoza, Biblioteca General Universitaria, MS 14, fols 85v-95r; and others","Grohe, Synode, 151-65","Aznar Gil, Concilios y Sinodos, 517-40; Villanuno, Summa conciliorum III, 213-34",,,,CoSyn transcription from Grohe edition,,,,"Library Scan
Hard Copy Scan",,,Reviewed ,
1718,1282,1282,5,4,,,Valladolid,Palencia,[Leon and Castile],Spain,,41.633333,-4.716667,D618,D635,D633,D620,D622,D626,Other,"summoned by the infante Sancho (so not really a provincial council); Bishops of Astorga, Zamora, Mondonedo, Tuy, Badajoz, and Coria; as well as 26 abbots and priors of religious orders",,,,,,Latin,,,,"Fita y Colome, Actas ineditas, 15-17",,,,,,,,,"GoogleBooks
Hard Copy Scan",,,Reviewed ,
1719,1310,1310,,,,,Toro,Zamora,Santiago,Spain,,41.525556,-5.391111,P069,D661,D662,D608,D626,,Other,"presiding AB: Rodrigo de Padron of Santiago; also present bishops of Leon, Oviedo, Palencia,Zamora, and Coria; less formal a provincial council than an assembly",Rodrigo de Padron,,,,,Latin,,,,"Fernandez, Concilios compostelanos, 327-330","Fitas y Colome, Actas ineditas, 47-53",,https://books.google.com/books?id=H3mLY1R3agIC,,,,,,"GoogleBooks
Hard Copy Scan",,,Reviewed ,
1729,1371,1371,10,14,,survives in post-1435 compilation,Sutri,Sutri,[Holy See],Italy,,42.233333,12.283333,D224,,,,,,Diocesan,,Angelo da Vetralla,,1364,1377,,Latin,,"Rome, Bib Casanatense, MS 109, ff. 19-60v",,,,,,MS was under restoration in 2012; then inadvertently taken off-site (and apparently lost) in 2014; MS dates to after 1435,,,,,Digital MS,,,Reviewed ,"Petrucci, Vescovi, 464-65"
1730,1250,1225x1275,,,Yes,"dating unclear, but would appear to be a combination of two or three mid-13th-c synods, argues Petrucci (p467); survives in post-1435 compilation",Nepi,Nepi,[Holy See],Italy,,42.243611,12.346389,D159,,,,,,Diocesan,,,,,,,Latin,,"Rome, Bib Casanatense, MS 109, ff. 1-18v",,,,,,MS was under restoration in 2012; then inadvertently taken off-site (and apparently lost) in 2014; CoSyn transcription from microfilm; MS dates to after 1435,,,,,Digital MS,,,Reviewed ,"Enzo Petrucci, ‘Vescovi e cura d'anime nel Lazio (sec. XIII-XV)’ in Vescovi e diocesi in Italia dal XIV alla metà del XVI secolo (1990), 1:429–546, at 464-65"
1732,1368,1368 (ca.),,,Yes,,Södertälje,Strängnäs,Uppsala,Sweden,previously known as Tälje,59.183333,17.666663,P086,,,,,,Provincial,,Birger Gregersson,Birgerus,1367,1383,,Latin,,,,"Reuterdahl, Statuta, 53-56",,https://books.google.com/books?id=WaZBAAAAYAAJ,,,,,,,"GoogleBooks
WebDownload",Yes,"Title in Reuterdahl: ""Sequuntur articuli Telgensium Statutorum""",Reviewed ,
1735,1396,1396,3,12,,from 12-16 (?) March,Arboga,Strängnäs,Uppsala,Sweden,,59.393889,15.838611,P086,,,,,,Provincial,,Henrik Karlsson,,1383,1408,,Latin,,,,"Reuterdahl, SS, 92-99",SDHK nos 14564-14569,https://books.google.com/books?id=WaZBAAAAYAAJ,https://sok.riksarkivet.se/sdhk,"Gummerus, Synodalstatuter, pp. 27-29, gives summary of the decisions, with unknown dating, intended for Skara Diocese. ",,,,,WebDownload,Yes,"Attended by bishops of Linkoping, Strangnas, Vasteras, and Vaxjo as well as representatives of cathedrals",Reviewed ,
1737,1215,1202x1223,,,Yes,dating from Diplomatarium Danicum,Roskilde,Roskilde,Lund,Denmark,"place unclear; according to the first redaction, it took place on the island of Zealand",55.642778,12.08,P039,,,,,,Provincial,,Anders Sunesen,,1201,1223,,Latin,,,,"Diplomatarium danicum, 1:4, no. 65",,,,,"survives in three redactions (two of which are complete, the third fragmentary); transcribed the first",,,,"Library Scan
Hard Copy Scan",,,Reviewed ,
1739,1290,1290,8,29,,,Nidaros,Nidaros,Nidaros,Norway,now Trondheim,63.429722,10.393333,P052,,,,,,Provincial,,Jörund,Jørund,1288,1309,,Old Norse,,,,"Norges gamle love III, pp241-43",,https://books.google.com/books?id=f6lFAAAAcAAJ,,,,,,,"GoogleBooks
WebDownload",,,Reviewed ,
1740,1320,1320,,,,,Bergen,Bergen,Nidaros,Norway,,60.389444,5.33,P052,,,,,,Provincial,,Eiliv,Eilif,1311,1332,,Old Norse,,,,"Norges gamle love III, pp246-48",,https://books.google.com/books?id=f6lFAAAAcAAJ,,,,,,,"GoogleBooks
WebDownload",,,Reviewed ,
1741,1306,1306,7,6,,"June 26-July 7 (dating from Bertil Nilsson, email 22 March 2017)",Oslo,Oslo,Nidaros,Norway,,59.95,10.75,P052,,,,,,Provincial,,Jörund,Jørund,1288,1309,,Latin,,,,"Norges gamle love III, pp243-45",,https://books.google.com/books?id=f6lFAAAAcAAJ,,,,,,,"GoogleBooks
WebDownload",,also survives in Norse summary,Reviewed ,
1744,1351,1351,8,23,,,Nidaros,Nidaros,Nidaros,Norway,now Trondheim,63.429722,10.393333,P052,,,,,,Provincial,,Olav,,1350,1370,,Latin,,,,"Diplomatarium Norvegicum, 9, 154 [no 150]",,http://www.dokpro.uio.no/perl/middelalder/diplom_vise_tekst_2016.prl?b=8325&s=n&str=,,,,,,,Other,,,Reviewed ,
1746,1280,1280,7,,,,Bergen,Bergen,Nidaros,Norway,,60.389444,5.33,P052,,,,,,Provincial,,Jon,,1268,1282,,Old Norse,,,,"Norges gamle love III, pp229-37, 238-41",,https://books.google.com/books?id=f6lFAAAAcAAJ,,,,,,,"GoogleBooks
WebDownload",,First redaction (of two),Reviewed ,
1747,1248,1248,3,1,,,Skänninge ,Linköping,Uppsala,Sweden,,58.4,15.083333,P086,,,,,,Legatine,"Provincial council, presided by cardinal legate",William of Sabina,,,,,Latin,,,,"SDHK, no. 613",Diplomatarium Suecanum no. 359,"https://sok.riksarkivet.se/sdhk?SDHK=613&postid=sdhk_613
",https://books.google.com/books?id=lp_dvHv4FTkC,"https://sok.riksarkivet.se/bildvisning/Sdhk_613.jpg [image]
Source is a letter from legate containing record of council decisions
","Donner, Kardinal Wilhelm von Sabina, 372-78 (summary in German)",,,,Digital MS,,"Archbishop Jarler of Uppsala, five suffragans (see of Abo then being vacant), and secular rulers in attendance.
Bertram (Kanonisten und ihre Texte, 125) notes that this is the only instance - at least that he found - of a synod discussing the 'Verbreitung' of the Liber Extra [AB and suffragans were to acquire a copy of the Liber Extra within one year, and possess it for the duration of their lives on pain of personal interdict - suggesting that nobody yet had a copy of the work]",Reviewed ,"Nilsson, Provincial Council of Skänninge"
1748,1377,1377,12,10,,"Synod was celebrated (or solemnized) in two distinct sessions, one in Santiago de Compostela on 1 May 1375; the other in Salamanca on 10 December 1377.",Salamanca,Salamanca,Santiago,Spain,also celebrated in Santiago de Compostela (two years earlier),40.961612,-5.667607,P069,,,,,,Provincial,,Rodrigo de Moscoso,,1368,1382,,Latin,,,,"Garcia y Garcia, Concilio provincial, 313-27",,,,,,,,,Hard Copy Scan,,Text is almost identical to 1335 provincial council of Compostela (but surviving MS of the 1375-77 council is much superior to defective MSS of 1335 council acta),Reviewed ,"Garcia y Garcia, ""Concilio provincial compostelano-salmantino"""
1749,1389,1389,7,26,,,Saint-Thibéry,Agde,Narbonne,France,Sant Tibèri in Occitan,43.3978,3.4175,P050,,,,,,Provincial,"Convened by vicar general of Narbonne, Jean Picorlati",Jean Roger,,,,Yes,Latin,,,,"Martene, Thes, IV, cols. 341-348",,https://books.google.com/books?id=bjSeGwAACAAJ,,,,,,,"GoogleBooks
Data Capture",,,Reviewed ,
1750,1494,1494,9,8,,,Vescovio,Sabina,Rome,Italy, fraz. Torri in Sabina; suburban diocese of Rome; in September 1495 diocesan seat was moved to Magliano Sabina,42.35,12.633333,D202,,,,,,Diocesan,,Oliviero Carafa,,1483,1503,,Latin,,,,"Antiquiores synodi ecclesiae Sabinensis, 296-98",,https://books.google.com/books?id=DDDAxsEZI2AC,,"Text appears as the appendix to Constitutiones synodales Sabinae (1737), pp219-98",,,,,"GoogleBooks
Data Capture",,,Reviewed ,"Petrucci, ""Vescovi e cura d'anime"", 459-63"
1751,1240,1200x1250,,,Yes,"Petrucci (Vescovi e cura d'anime, 468-72) dates these to first half of thirteenth century",Velletri,Velletri,[Holy See],Italy,,41.686667,12.7775,D172,,,,,,Diocesan,,,,,,,Latin,,"Velletri, Archivio capitolare, Antiquum breviarium manuscriptum, ff. 1r-4r",,,,,,,Transcription by Arnaud Fossier (March 2021),,,,Digital MS,,"Petrucci (Vescovi e cura d'anime, 471-72) suggests that these were issued over the course of several synods, with the compilation itself being produced sometime ca. 1240",Reviewed ,
1757,1235,1229x1241,,,Yes,,London,London,Canterbury,England,,51.507222,-0.1275,D297,,,,,,Other,Statutes for archdeaconry of London; not issued in a synod,Roger Niger,,1228,1241,,Latin,,,,"Powicke & Cheney I, 328",,,,,,,,,Data Capture,,,Reviewed ,
1765,1330,1330,,,Yes,,Naples,Naples,Naples,Italy,,40.845,14.258333,D156,,,,,,Diocesan,,Giovanni Orsini,,1327,1357,,Latin,,,,"Oliva, Rituum Archiepiscopalis et Metropolitanae Ecclesiae Neapolitanae (Venice 1542), f. 65r-79v","Constitutiones sinodales confirmatae per Alexandrum Carrafum... (Naples, 1489) - only known copy at Paris, BibSGen",https://books.google.com/books?id=me65xDlaOLEC,,No known MS copies,,,,,"GoogleBooks
WebDownload",,1542 edition (like 1489 edition before it) reflect constitutions as updated by Gaspare de Diano (r. 1438-1451) in 1440; cc. 65-66 added by Diano.,Reviewed ,"Dovere, Governo del clero, 349-60"
1772,1315,1315,10,18,,,Lleida,Lleida,Tarragona,Spain,,41.115697,1.249594,D646,,,,,,Diocesan,,Guillermo de Aranyó,,1314,1321,,Latin,,,,"Synodicon Hispanum 13, 354-55","Villanueva, Viage, XVII, 230",,,,,,,,"Library Scan
Hard Copy Scan",Yes,,Reviewed ,
1773,1318,1318,,,,,Lleida,Lleida,Tarragona,Spain,,41.115697,1.249594,D646,,,,,,Diocesan,,Guillermo de Aranyó,,1314,1321,,Latin,,,,"Synodicon Hispanum 13, 355-58","Villanueva, Viage, XVII, 231-33",,,,,,,,"Library Scan
Hard Copy Scan",Yes,,Reviewed ,
1774,1321,1321,4,21,,,Lleida,Lleida,Tarragona,Spain,,41.115697,1.249594,D646,,,,,,Diocesan,,Guillermo de Aranyó,,1314,1321,,Latin,,,,"Synodicon Hispanum 13, 358-362","Villanueva, Viage, XVII, 233-237",,,,,,,,"Library Scan
Hard Copy Scan",Yes,,Reviewed ,
1775,1323,1323,5,19,,,Lleida,Lleida,Tarragona,Spain,,41.115697,1.249594,D646,,,,,,Diocesan,,Ponce de Villamur,,1322,1324,,Latin,,,,"Synodicon Hispanum 13, 363-67","Villanueva, Viage, XVII, 237-242",,,,,,,,"Library Scan
Hard Copy Scan",Yes,,Reviewed ,
1776,1325,1325,5,31,,,Lleida,Lleida,Tarragona,Spain,,41.115697,1.249594,D646,,,,,,Diocesan,,Ramón de Avignó,,1324,1327,,Latin,,,,"Synodicon Hispanum 13, 368-75","Villanueva, Viage, XVII, 247-48",,,,,,,,"Library Scan
Hard Copy Scan",Yes,,Reviewed ,
1777,1225,1225,12,10,,,Mainz,Mainz,Mainz,Germany,was originally to be held at Cologne,49.98,8.2791,P017,P023,P042,P043,P083,,Legatine,"Conrad had legatine authority over Mainz, Cologne, Trier, Bremen, and Magdeburg",Conrad of Porto,,,,,Latin,,,,"Hartzheim, Concilia III, 520-25","Mansi 23, cols. 1-10",https://books.google.com/books?id=-d5KAAAAcAAJ,https://books.google.com/books?id=CSdPAAAAYAAJ,,,,,,"GoogleBooks
Data Capture",,"Hartzheim etc. divided it into two sessions (Concilium Germanicum and Concilium Moguntinum); in fact it was a single council that met in several sessions over the course of a week (see Pixton, Watchmen, 346; timing first established by Binterim, Concilien, IV, 465)",Reviewed ,
1783,1338,1338,8,31,,,Trier,Trier,Trier,Germany,,49.7596,6.6439,D573,,,,,,Other,Decretum commissariorum archiepiscopi & and archepiscopal decree,Baldwin of Luxembourg,,1307,1354,,Latin,,,,"Blattau, Statuta synodalia, I, 168-172",,https://books.google.com/books?id=dow-AAAAcAAJ,,,,,,,"GoogleBooks
WebDownload",Yes,statutes revising provincial canons of 1310 concerning excommunication,Reviewed ,
1784,1344,1344,10,10,,,Trier,Trier,Trier,Germany,,49.7596,6.6439,D573,,,,,,Other,Archepiscopal decree,Baldwin of Luxembourg,,1307,1354,,Latin,,,,"Blattau, Statuta synodalia, I, 193-94",,https://books.google.com/books?id=dow-AAAAcAAJ,,,,,,,"GoogleBooks
WebDownload",Yes,concerning exactions and dues for investiture,Reviewed ,
1785,1423,1423,4,26,,,Trier,Trier,Trier,Germany,,49.7596,6.6439,P083,,,,,,Provincial,,Otto von Ziegenheim,,1418,1430,,Latin,,,,"Blattau, Statuta synodalia, I, 222-34","Hartzheim, Concilia V, 222-227",https://books.google.com/books?id=dow-AAAAcAAJ,https://books.google.com/books?id=pd9KAAAAcAAJ,,,,,,"GoogleBooks
WebDownload",Yes,,Reviewed ,
1800,1258,1258,,,,,Pisa,Pisa,Pisa,Italy,,43.716667,10.4,P056,,,,,,Provincial,,Federico Visconti,,1254,1277,,Latin,,,,"Virgili, Sinodo dell'arcivescovo Federico Visconti, pp478-83","Les sermons et la visite pastorale, eds Bériou et al, Appendix ",,,"Bériou edition reprises Virgili edition, but with numbered sections",,,,,"Library Scan
Hard Copy Scan",,,Reviewed ,
1803,1307,1307,1,30,,,Aquileia,Aquileia,Aquileia,Italy,,45.766667,13.366667,P005,,,,,,Provincial,,Ottobono de Razzi di Piacenza,,1302,1315,,Latin,,"Verona, Bibl. capitolare, cod. 789, ff. 180r-184v",,,,,,,Transcription from Andrea Tilatti,,,,,,"Much overlap with Raimondo's 1282 constitutions, with several clauses simply reconfirming those without giving the full text.",Reviewed ,"Tilatti, Sinodi diocesane, 302 n115"
1812,1425,1425 (ca.),,,Yes,,Vescovio,Sabina,Rome,Italy, fraz. Torri in Sabina; suburban diocese of Rome,42.35,12.633333,D202,,,,,,Diocesan,,Francesco Lando,,1424,1427,,Latin,,,,"Antiquiores synodi ecclesiae Sabinensis, 293-95",,https://books.google.com/books?id=DDDAxsEZI2AC,,"Text appears as the appendix to Constitutiones synodales Sabinae (1737), pp219-98",,,,,"GoogleBooks
Data Capture",,,Reviewed ,"Petrucci, ""Vescovi e cura d'anime"", 459-63"
1817,1229,1229,,,,,Venice,Venice (Castello),Grado,Italy,,45.4375,12.335833,D255,,,,,,Other,no statutes; just fiscal decision,Marco Michiel,,1225,1235,,Latin,,,,"Cappelletti, Storia della chiesa, VI, 108-109",,https://books.google.com/books?id=9SVLAAAAcAAJ,,,,Yes,,,"GoogleBooks
WebDownload",,,Reviewed ,
1819,1290,1290,5,24,,,Ivrea,Ivrea,Milan,Italy,,45.466667,7.883333,D116,,,,,,Diocesan,,Alberto Gonzaga OFM,,1289,1321,,Latin,,"Ivrea, ASD, x/6, HM. 3240302",,"Alfonsi, RIcerche sulle costituzioni sinodali del vescovado di Ivrea (secoli XI-XV), tesi di laurea, Universita' di Torino, Facolta' di Giurisprudenza, 1982 (item 3, pp. 132-144)","Vignono, Visite pastorali, xxvi-xxviii (partial)",,,parchment badly damaged and eaten by mice; copied by notary Guale da Flore sometime before 1337; combined with 1324 synodal statutes,CoSyn Transcription from Alfonsi edition,,,,"Library Scan
Other",Yes,"Inc. ""Et ego Antonius rapicia notarius...""; Expl. ""in ecclesia iporiense.""",Reviewed ,"Andenna, Storia della Chiesa di Ivrea, 411-413"
1820,1210,1209x1211 & 1249x1268,,,Yes,These are interspersed with additions by Bp Sigebaldo (r. 1249-68),Novara,Novara,Milan,Italy,,45.45,8.61667,D166,,,,,,Diocesan,,Gerardo da Sesso,,1209,1211,,Latin,,,,"Salsotto, Per la storia della chiesa novarese, pp28-32",,,,"As noted by Olivieri, ""Note sulla tradizione sinodale,"" n. 26: The statutes attributed to Gerardo at pp. 32-33 of the Salsotto edition are in fact those issued by Goffredo card. S. Marco for Lodi in 1229.",,,,,Hard Copy Scan,,,Reviewed ,
1821,1257,1257,9,,,,Novara,Novara,Milan,Italy,,45.45,8.61667,D166,,,,,,Diocesan,,Sigebaldo,,1249,1268,,Latin,,,,"Salsotto, Per la storia della chiesa novarese, pp28-32",,,,,same as ID 1820,,,,"Library Scan
Hard Copy Scan",Yes,These are the statutes issued by Bp Gerardo (ca. 1210) with updates by Bp Sigebaldo,Reviewed ,"Olivieri, Note sulla tradizione sinodale, n. 26"
1823,1211,1211,,,,"for brief discussion of dating, see Maccarrone, Cura animarum, 277, n22; Franceschini, Storia di Milano, IV, pp166-69 dates it (surely incorrectly) to 1212",Milan,Milan,Milan,Italy,,45.4666,9.1666,D140,,,,,,Legatine,AB was papal legate; whether he was actually AB of Milan is somewhat shaky,Gerardo da Sesso,Gherardo Sessio,1211,1212,,Latin,,,,"Sormani, Gloria de' santi milanesi, [1761], pp214-222",,https://babel.hathitrust.org/cgi/pt?id=uiuc.7272477;view=1up;seq=217,,"Text digitized by kind request of Carol Symes
Printed in Sormani as single text along with ID2337",,,,,Data Capture,,#NAME?,Reviewed ,"Olivieri, Costituzioni di Gerardo da Sesso"
1824,1266,1266,11,13,,,Savona,Savona,Milan,Italy,,44.3,8.483333,P047,,,,,,Provincial,,Ottone VIsconti,,1262,1295,,Latin,,,,"Atti dell' arcivescovo...di Milano (Visconti), p. 8, doc. VII",,,,,,,,Yes,WebDownload,,only one chapter survives,Reviewed ,
1825,1298,1298,5,20,,,Vercelli,Vercelli,Milan,Italy,,45.316667,8.416667,D058,,,,,,Diocesan,,Aimone di Challant,,,,,Latin,,,,"Gabotto-Fisso, Carte dell'Archivio Capitolare...Casale Monferrato, II [=BSSS, vol. 41, 1908], pp189-91, n366",,https://books.google.com/books?vid=HARVARD:32044105196653,,,,,,,"GoogleBooks
WebDownload",,"Abbots, priors, and plebani to secure copies (within three months) of legatine constitutions of Otto (AB Milan), earlier statutes of Bp Martin, and the present statutes; parish priests and their chaplains are to have the 'libellum synodalem de septem ecclesiasticis sacramentis'",Reviewed ,
1826,1288,1288,11,10,,,Vercelli,Vercelli,Milan,Italy,,45.316667,8.416667,D058,,,,,,Diocesan,,Aimone di Challant,,1273,1303,,Latin,,,,"Olivieri, Inedito statuto sinodale, 506-14",,,,,,,,,"Library Scan
WebDownload",,clergy ordered to possess copy of Frederick II's anti-heresy legislation,Reviewed ,
1827,1328,1328,4,19,,,Ivrea,Ivrea,Milan,Italy,,45.466667,7.883333,D116,,,,,,Diocesan,,Palaino Avogadro di Casanova,,1326,1346,,Latin,,"Ivrea, ASD, x/6, HM. 3240302",,"Alfonsi, RIcerche sulle costituzioni sinodali del vescovado di Ivrea (secoli XI-XV), tesi di laurea, Universita' di Torino, Facolta' di Giurisprudenza, 1982. (Item 3, pp. 144-151)","Vignono, Visite pastorali, xxix-xxx (partial)",,,parchment badly damaged and eaten by mice; copied by notary Guale da Flore sometime before 1337,CoSyn Transcription from Alfonsi edition,,,,"Library Scan
Other",Yes,"12 decrees, of which 10 were new
Inc. ""In nomine Domini Amen. Anno nativitatis...""; Expl. ""nostro arbitrio auferenda.""",Reviewed ,
1829,1320,1320,4,5,,,Ivrea,Ivrea,Milan,Italy,,45.466667,7.883333,D116,,,,,,Compilation (Diocesan),,Alberto Gonzaga OFM,,1289,1321,,Latin,,"Ivrea, ASD, x/6, HM. 3140000",,"Alfonsi, Ricerche sulle costituzioni sinodali, pp. 120-23","Vignono, Visite pastorali, xxix (partial)",,,"Previously Arch. Capit. mazzo V, n. 287; notarized act dated 14 October 1325",CoSyn Transcription from Alfonsi edition,,,,"Library Scan
Other",Yes,"Reworks the 1311 Bergamo constitutions regarding usury, as well as some other provincial canons; see Andenna, Cura delle anime, 415-16

Inc. In nomine Domini amen. Anno eiusdem nativitatis Millio. CCCXX.; expl. libere et persolbant.",Reviewed ,
1830,1368,1368,4,17,,"dated incorrectly as 1358 in Andenna, Episcopato, 394",Ivrea,Ivrea,Milan,Italy,,45.466667,7.883333,D116,,,,,,Compilation (Diocesan),,Pietro de la Chambre,,1361,1373,,Latin,,"Ivrea, ASD, x/6, HM. 368/479, CC. 1r-18r",,"Alfonsi, Ricerche sulle costituzioni sinodali del vescovado di Ivrea (secoli XI-XV), tesi di laurea, Universita' di Torino, Facolta' di Giurisprudenza, 1982. (Doc. 4, pp. 152-187)",,,,,CoSyn Transcription from Alfonsi edition,,,,"Library Scan
Other",,"49 decrees
Inc. Constituciones episcopi Petri
Expl. cum eis contrahentibus succurratur.",Reviewed ,
1838,1189,1189,3,3,,,Verona,Verona,Aquileia,Italy,,45.433333,10.983333,D260,,,,,,Diocesan,,Adelardo II,,1188,1214,,Latin,,,,"Bellotti, RIcerche intorno alle costituzioni, 51",,,,,,,,,"Library Scan
Hard Copy Scan",,,Reviewed ,
1839,1192,1192,9,1,,,Verona,Verona,Aquileia,Italy,,45.433333,10.983333,D260,,,,,,Other,"Acta giving summary of diocesan statutes issued at synod, rather than statutes proper",Adelardo II,,1188,1214,,Latin,,,,"Bellotti, RIcerche intorno alle costituzioni, 51-52",,,,,,,,,"Library Scan
Hard Copy Scan",,,Reviewed ,
1840,1206,1206,,,,,Verona,Verona,Aquileia,Italy,,45.433333,10.983333,D260,,,,,,Diocesan,,Adelardo II,,1188,1214,,Latin,,,,"Bellotti, RIcerche intorno alle costituzioni, 52-53",,,,first lines illegible in MS,,,,,"Library Scan
Hard Copy Scan",,,Reviewed ,
1841,1219,1219,3,1,,,Verona,Verona,Aquileia,Italy,,45.433333,10.983333,D260,,,,,,Diocesan,,Norandino,,1214,1224,,Latin,,,,"Bellotti, RIcerche intorno alle costituzioni, 53-56",,,,,,,,,"Library Scan
Hard Copy Scan",,"includes the entirety of the 1206 legislation, and portions of 1189 and 1192 legislation",Reviewed ,
1842,1290,1290,,,,"between August and October (year not certain, but likely)",Padua,Padua,Aquileia,Italy,,45.416667,11.866667,D175,,,,,,Diocesan,,Bernardo di Agde,,1287,1295,,Latin,,,,"Ceccon, Sinodi diocesane, 181-186 [publ. 246-250]","Gaffuri, Tentativo di riforma, 467-72",,,,Replace with 2023 published version instead,,,,"GoogleBooks
WebDownload",Yes,,Reviewed ,
1845,1447,1447,,,,,Padua,Padua,Aquileia,Italy,,45.416667,11.866667,D175,,,,,,Diocesan,,Pietro Dona',,1428,1447,,Latin,,,,"Ceccon, Sinodi diocesane, pp239-241 [publ. 301-303]",,,,,Replace with 2023 published version instead,,,,"GoogleBooks
WebDownload",Yes,additions to earlier Liber Synodalis of 1433,Reviewed ,
1847,1433,1433,6,3,,,Padua,Padua,Aquileia,Italy,,45.416667,11.866667,D175,,,,,,Compilation (Diocesan),LIber synodalis,Pietro Donato,,1428,1447,,Latin,,,,"Ceccon, Sinodi diocesane, 225-35 [publ. 287-297]","Dondi dall'Orologio, Dissertazione nona sopra l'istoria ecclesiastica padovana, doc. XIII, pp32-43",,,,Replace with 2023 published version instead,,,,"GoogleBooks
WebDownload",Yes,,Reviewed ,
1848,1446,1446,6,8,,,Padua,Padua,Aquileia,Italy,,45.416667,11.866667,D175,,,,,,Diocesan,,Pietro Donato,,1428,1447,,Latin,,,,"Ceccon, Sinodi diocesane, pp236-239 [publ. 298-301]","Dondi dall'Orologio, Dissertazione nona sopra l'istoria ecclesiastica padovana, doc. XXIII, pp60-66",,,,Replace with 2023 published version instead,,,,"GoogleBooks
WebDownload",Yes,additions to earlier Liber Synodalis of 1433,Reviewed ,
1853,1265,1255x1271,,,Yes,,Venice,Venice (Castello),Grado,Italy,,45.4375,12.335833,D255,,,,,,Diocesan,,Angelo Maltraverso,,1255,1271,,Latin,,,,"Vianelli, Nuova serie de' vescovi di Malamocco, I, 318",,https://books.google.com/books?id=EKo-AAAAcAAJ,,,,,,Yes,"GoogleBooks
WebDownload",,"only fragment remains, concerning divine cult: 
""Statuit presens concilium ut super ordinatione, et conformatione divini offitii, quicquid per nos fuerit ordinatum, ab omnibus observetur.""",Reviewed ,"reference in Sambin, Piu antichi sinodi, 68-69"
1855,1338,1338,10,19,,,Aquileia,Aquileia,Aquileia,Italy,,45.766667,13.366667,D019,,,,,,Diocesan,,Bertrando di Saint-Geniès,,1334,1350,,Latin,,,,"Marcuzzi, Sinodi, 350-367 (discussed on pp157-174)",,,,,,,,,"Library Scan
Hard Copy Scan",Yes,"From Andrea Tilatti (email): In ogni caso, la redazione del 1338 presenta una stratificazione di almeno quattro patriarchi: Bertoldo di Andechs (1218-1251), Gregorio di Montelongo (1251-1269), Raimondo Della Torre (1273-1299) e Bertrando di Saint-Geniès (1334-1350): ciascuno di questi patriarchi (e forse altri) ha convocato sinodi diocesane e ha emanato statuti",Reviewed ,"Ceccon, Sinodi diocesane, 58-59"
1856,1181,1181,2,3,,,Aquileia,Aquileia,Aquileia,Italy,,45.766667,13.366667,D019,,,,,,Diocesan,Patriarch was also Apostolic Legate,Voldarico II,,,,,Latin,,,,"Mansi 22, cols 471-474",,https://gallica.bnf.fr/ark:/12148/bpt6k51606z/,,,,,,,"GoogleBooks
Data Capture",,"discussed in Ceccon, SInodi diocesane, 54",Reviewed ,
1859,1305,1305,3,12,,,Verona,Verona,Aquileia,Italy,,45.433333,10.983333,D260,,,,,,Diocesan,,Tebaldo III Fabri OSA,,1298,1331,,Latin,,,,"Rossi, Linee dell'episcopato di Tebaldo vescovo di Verona, Appendix (pp. 303-307)","Bellotti, Costituzioni, 62-64",,,,,,,,Other,Yes,,Reviewed ,
1861,1228,1228,5,19,,,Trent,Trent,Aquileia,Italy,,46.066667,11.116777,D240,,,,,,Diocesan,,Gerardo Oscasali,,1224,1232,,Latin,,,,"Voltelini, Beitrage zur Geschichte Tirols, I, pp164-65",,http://www.zobodat.at/pdf/VeroeffFerd_3_33_0001-0188.pdf,,,,,,,"GoogleBooks
WebDownload",,"one surviving constitution (survives only through later report), and traces of others appear in later statutes (see Curzel & Eccher studies)

Interdicimus ne clerici nostre diocesis eligant decanos, archipresbiteros, confratres sine voluntate domini episcopi, quod qui fecerint vel facere presumpserint, tanquam rebelles et contumaces et nostri iuris perversores excomunicamus et excomunicatos publice denunciamus, nisi infra quindecim dies coram nobis satisfacturi compareant, quia talis electio specialiter spectat ad nos.",Reviewed ,"Curzel, Secondo sinodo"
1888,1280,1280,1,12,,,Milan,Milan,Milan,Italy,,45.4666,9.1666,D140,,,,,,Other,Episcopal Mandate,Ottone Visconti,,1262,1295,,Latin,,,,"Baroni, Atti dell'arcivescovo...Visconti, doc. 135 (pp108-109)",,,,,,,,,"Library Scan
WebDownload",,concerning ecclesiastical benefices and residence requirements for clergy (citing Lyon II),Reviewed ,
1889,1265,1265,,,,or 1266,Acqui,Acqui,Milan,Italy,now Acqui Terme; diocese suffragan of Turin only as of 16th-c,44.676111,8.468611,D018,,,,,,Diocesan,"'capituli' issued jointly with Ottone Visconti, AB of Milan",Alberto,,1258,1270,,Latin,,,,"Baroni, Atti dell'arcivescovo...Visconti, doc 6, p7",,,,,,,,,"Library Scan
WebDownload",Yes,,Reviewed ,
1893,1200,1200,9,23,,19-23? September,Westminster,Canterbury,Canterbury,England,,51.4995,-0.1333,P020,,,,,,Provincial,,Hubert Walter,,1193,1205,,Latin,,,,"Councils & Synods I/2,1060-1070",,,,,,,,,"Library Scan
Hard Copy Scan",Yes,,Reviewed ,
1894,1209,1209,,,,,Avignon,Avignon,Arles,France,,43.95,4.817,P003,P006,P027,P050,P089,,Legatine,"convened by Legates Milo and Hugues, Bishop of Riez and Apostolic Legate (from 1208-1213); convened prelates included AB Vienne, Arles, Embrun, Aix, and bishops of dioceses surrounding Toulouse in the province of Narbonne",Hugues Raymond,,1202,1223,,Latin,,,,"Mansi 22, 783-794",,https://gallica.bnf.fr/ark:/12148/bpt6k51606z/,,,,,,,"GoogleBooks
Data Capture",,,Reviewed ,
1895,1213,1213,6,,,"month uncertain; for date, see Dickson, ""Le cardinal Robert de Courcon"" AHDLMA 9, 1934, pp90-91",Paris,Paris,Sens,France,,48.24754,3.287659,P070,,,,,,Legatine,"Seems to be directed to entire province, but scope is unclear (and there is no extant roster of participants)",Robert de Courcon,Robert Curzon; Robertus de Corceone,,,,Latin,,,,"Mansi 22, cols 817-844",,https://gallica.bnf.fr/ark:/12148/bpt6k51606z/,,,,,,,"GoogleBooks
Data Capture",,,Reviewed ,
1896,1214,1214,,,,"Probably held in February-March; see Dickson, Vie du Cardinal Robert de Courson, 96",Rouen,Rouen,Rouen,France,,49.443889,1.103333,P065,,,,,,Legatine,No extant roster of participants,Robert de Courcon,Robert Curzon,,,,Latin,,"Avranches, BM, ms 149, ff. 3v-6v",,"Bessin, Concilia Rotomagensis I, 110-126","Mansi 22, cols 897-924",https://www.unicaen.fr/bvmsm/ead.html?id=FR_UCBN_MSM_mss_av&c=FR_UCBN_MSM_mss_av_Avranches_BM_149_w6,https://books.google.com/books?id=0SGIk69vxS0C,,"Text taken from 1895_Paris_1213a, and lightly corrected against Bessin edition. Final thirteen canons missing from Paris version.
",,,,"GoogleBooks
WebDownload",,in three parts,Reviewed ,
1897,1214,1214,,,,,Bourges,Bourges,Bourges,France,,43.347615,3.218991,D375,,,,,,Other,Statutes for Bourges Cathedral Chapter,Girard de Cros,,1209,1218,,Latin,,,,"Mansi 22, cols 931-934",,https://gallica.bnf.fr/ark:/12148/bpt6k51606z/,,,,,,,"GoogleBooks
Data Capture",,,Reviewed ,
1898,1215,1215,1,8,,"council opened on Jan 8, 1215; it had been convened by Robert de Courson but was presided over by Peter of Benevento",Montpellier,Maguelone,Narbonne,France,"Included Archbishops of Narbonne, Auch, Aix, Arles, and Embrun, as well as 28 suffragan bishops",43.6119,3.8772,P003,P006,P008,P027,P050,,Legatine,legate a latere for France,Peter of Benevento,,,,,Latin,,,,"Mansi 22, 935-954","Baluze, Concilia Galliae Narbonensis, pp38-58",https://gallica.bnf.fr/ark:/12148/bpt6k51606z/,https://books.google.com/books?id=egxcAAAAQAAJ,,,,,,"GoogleBooks
Data Capture",,"46 canons, of which the first 31 (concerning clerical discipline) draw on Robert de Courcon's statutes issued in Paris",Reviewed ,"Pontal, Conciles, 391-94"
1899,1216,1216,,,,,Melun,Sens,Sens,France,,48.5406,2.66,P070,,,,,,Provincial,,Pierre de Corbeil,,1200,1222,,Latin,,,,"Mansi 22, cols 1087-1088",,https://gallica.bnf.fr/ark:/12148/bpt6k51606z/,,,,,,,"GoogleBooks
Data Capture",,,Reviewed ,
1901,1227,1227 (ca.),,,Yes,,Narbonne,Narbonne,Narbonne,France,,43.1836,3.0042,P050,,,,,,Provincial,,Pierre Amiel,,,,,Latin,,,,"Mansi 23, cols 20-26",,https://books.google.com/books?id=CSdPAAAAYAAJ,,,,,,,"GoogleBooks
Data Capture",,,Reviewed ,
1902,1229,1229,11,,,,Toulouse,Toulouse,"Narbonne, Bordeaux, Auch",France,"AB of Narbonne, Bordeaux, and Auch participated, along with many others",43.6045,1.444,P008,P014,P050,,,,Legatine,,Romano Bonaventura,Romain de Saint-Anges,,,,Latin,,,,"Mansi 23, cols. 191-204",,https://books.google.com/books?id=CSdPAAAAYAAJ,,,,,,,"GoogleBooks
Data Capture",,,Reviewed ,
1903,1229,1229,,,,,Minden,Minden,Cologne,Germany,,52.283333,8.916667,D540,,,,,,Other,"Statutes concerning the cathedral chapter, confirmed by the papal visitor",Conrad I of Rüdenberg,,1209,1236,,Latin,,,,"Hartzheim, Concilia Germaniae, IV, 657-58","Mansi 23, cols. 211-14",https://books.google.com/books?id=kbNumdYKdrkC,https://books.google.com/books?id=CSdPAAAAYAAJ,,,,,,"GoogleBooks
Data Capture",,,Reviewed ,
1904,1232,1232,3,13,,,Siena,Siena,[Holy See],Italy,Elevated to archdiocese in 1459,43.318611,11.330556,D216,,,,,,Diocesan,,Bonfiglio,,,,,Latin,,,,"Pellegrini, Chiesa e citta, Appendix B, p479",,,,,,,,,"Library Scan
Hard Copy Scan",Yes,,Reviewed ,
1905,1232,1232,4,,Yes,"Dated 1234 in Mansi and Palazzini; Cabie argued it was held before 26 April 1232; Dossat notes that it was probably held around April 11 (Easter) of that year, and rules out anything earlier than spring 1232",Béziers,Béziers,Narbonne,France,,43.347615,3.218991,P050,,,,,,Legatine,Bp of Tournai and apostolic legate; attendance at council uncertain,Gautier de Marvis,,,,,Latin,,,,"Mansi 23, cols 269-78",,https://books.google.com/books?id=CSdPAAAAYAAJ,,,,,,,"GoogleBooks
Data Capture",,,Reviewed ,"Dossat, Remarques sur la légation de l'évêque Gautier de Tournai dans le Midi de la France ; and Cabie, Date du concile de Béziers, 349-357"
1906,1234,1234,7,10,,,Arles,Arles,Arles,France,,43.6767,4.6278,P006,,,,,,Provincial,,Jean Baussan,,1233,1258,,Latin,,,,"Gallia christiana novissima, Arles, cols. 382-85, no. 988","Mansi 23, cols. 335-342",https://books.google.com/books?id=B4JPAAAAYAAJ,http://google.com/books?id=CSdPAAAAYAAJ,,,,,,"GoogleBooks
WebDownload",,"Note at end of MS: ""Precedentia statuta, excepto statuto de usuris judeorum, fuerunt renovata [a] predicto domino Johanne, in concilio Arelatensi, anno Domini M.CC.XXX.VI, scilicet iii. ydus novembris."" [i.e. all statutes reconfirmed in council of 1236 **except those concerning the Jews]",Reviewed ,
1907,1243,1243,,,,"dated 1233 in Mansi, but corrected to 1243 in Palazzini",Narbonne,Narbonne,"Narbonne, Aix, Arles",France,,43.1836,3.0042,P003,P006,P050,,,,Provincial,,,,,,,Latin,,,,"Mansi 23, cols 353-366",,https://books.google.com/books?id=CSdPAAAAYAAJ,,,,,,,"GoogleBooks
Data Capture",,,Reviewed ,
1908,1239,1239,,,,,Sens,Sens,Sens,France,,48.1975,3.2877,P070,,,,,,Provincial,,Gautier Cornut,,1222,1241,,Latin,,,,"Mansi 23, coll 509-12",,https://books.google.com/books?id=CSdPAAAAYAAJ,,,,,,,"GoogleBooks
Data Capture",,"Draws on provincial canons of Rouen from 1231, which in turn drew on canons from Sens 912",Reviewed ,
1909,1246,1246,,,,,Béziers,Béziers,Narbonne,France,,43.347615,3.218991,P050,,,,,,Provincial,Convened by AB Narbonne,Guillaume de la Broue,,1245,1257,,Latin,,,,"Mansi 23, cols 689-704",,https://books.google.com/books?id=CSdPAAAAYAAJ,,,,,,,"GoogleBooks
Data Capture",,"With Apparent additions at Mansi 23, col. 715-24",Reviewed ,
1911,1248,1248,,,,,Paris,Sens,Sens,France,,48.24754,3.287659,P070,,,,,,Provincial,,Gilles Cornu,,1241,1254,,Latin,,,,"Mansi 23, coll 765-768",,https://books.google.com/books?id=CSdPAAAAYAAJ,,,,,,,"GoogleBooks
Data Capture",,,Reviewed ,
1912,1248,1248,12,5,,,Montelimar,Valence,Vienne,France,"Provinces of Vienne, Narbonne, Arles, and Aix",44.5581,4.7508,P089,P050,P006,P003,,,Legatine,,,,,,,Latin,,,,"Mansi 23, cols. 769-78",,https://books.google.com/books?id=CSdPAAAAYAAJ,,,,,,,"GoogleBooks
Data Capture",,,Reviewed ,
1913,1251,1251,9,19,,,L'Isle-sur-Sorgue,Cavaillon,Arles,France,Latin Insula,43.9199,5.0549,P006,,,,,,Provincial,,Jean Baussan,,1233,1258,,Latin,,,,"Gallia christiana novissima, Arles, cols 443-444, no. 1158","Mansi 23, cols 795-798",https://books.google.com/books?id=B4JPAAAAYAAJ,https://books.google.com/books?id=CSdPAAAAYAAJ,,,,,,"GoogleBooks
WebDownload",Yes,,Reviewed ,
1914,1254,1254,,,,,Albi,Albi,"Bourges, Narbonne, Bordeaux",France,,43.928889,2.146389,P015,P050,P014,,,,Provincial,,,,,,,Latin,,,,"Mansi 23, cols. 829-852",,https://books.google.com/books?id=CSdPAAAAYAAJ,,,,,,,"GoogleBooks
Data Capture",,71 canons,Reviewed ,
1915,1258,1258,8,21,,,Ruffec,,Bordeaux,France,,46.0294,0.2,P014,,,,,,Provincial,,Géraud de Malemort,,1227,1261,,Latin,,,,"Mansi 23, cols. 983-988",,https://books.google.com/books?id=CSdPAAAAYAAJ,,,,,,,"GoogleBooks
Data Capture",,,Reviewed ,
1916,1258,1258,9,6,,,Montpellier,Maguelone,Narbonne,France,,43.6119,3.8772,P050,,,,,,Provincial,,Jacques,,1257,1259,,Latin,,,,"Mansi 23, cols 989-994",,https://books.google.com/books?id=CSdPAAAAYAAJ,,,,,,,"GoogleBooks
Data Capture",,,Reviewed ,
1917,1259,1259,,,,issued before September 1259 (when AB Gerhard died in Erfurt),Fritzlar,Mainz,Mainz,Germany,,51.133333,9.283333,P043,,,,,,Provincial,,Gerhard Wildgraf von Dhaun,,1251,1259,,Latin,,,,"Hartzheim IV, 576-579","Mansi 23, cols 997-1000",https://books.google.com/books?id=kbNumdYKdrkC,https://books.google.com/books?id=CSdPAAAAYAAJ,,,,,Yes,"GoogleBooks
Data Capture",,,Reviewed ,
1918,1261,1261,5,1,,,Mainz,Mainz,Mainz,Germany,,49.98,8.2791,P043,,,,,,Provincial,,Werner von Eppstein,,1259,1284,,Latin,,,,"Hartzheim III, cols 596-615","Mansi 23, cols 1079-1106",https://books.google.com/books?id=-d5KAAAAcAAJ,https://books.google.com/books?id=CSdPAAAAYAAJ,,,,,,"GoogleBooks
Data Capture",,"Reissues constitutions of Fritzlar of 1244, and issues new ones too",Reviewed ,
1919,1262,1262,,,,,Cognac,Angoulème,Bordeaux,France,,45.7,-0.33,P014,,,,,,Provincial,,Pierre de Roncevault,,1262,1270,,Latin,,,,"Mansi 23, cols 1105-1110","Labbe XI, coll. 820-22",https://books.google.com/books?id=CSdPAAAAYAAJ,,,,,,,"GoogleBooks
Data Capture",,,Reviewed ,
1920,1313,1313,,,,"For dating, see Johanek, Synodalia, ch. 3 [n. 70]",Magdeburg,Magdeburg,Magdeburg,Germany,,52.133333,11.616667,P042,,,,,,Provincial,,Burchard von Schraplau,,,,,Latin,,,,"Hartzheim III, 798-802","Mansi 23, cols 1161-1166",https://books.google.com/books?id=-d5KAAAAcAAJ,https://books.google.com/books?id=CSdPAAAAYAAJ,,,,,,"GoogleBooks
Data Capture",,,Reviewed ,
1921,1270,1270,5,19,,,Compiègne ,,Reims,France,,49.4149,2.823056,P061,,,,,,Provincial,,Jean de Courtenay,,,,,Latin,,,,"Mansi 24, cols 13-16",,,,,,,,,"GoogleBooks
Data Capture",,,Reviewed ,
1922,1260,1260 (ca.),7,15,Yes,,Avignon,Avignon,Arles,France,,43.95,4.817,P006,,,,,,Provincial,"issued by Bertrand, AB of Arles, with suffragans",Bertrand Malferrat,,,,,Latin,,,,"Gallia christiana novissima, III, 460-461, no. 1203","Mansi 24, cols 15-18",https://books.google.com/books?id=B4JPAAAAYAAJ,https://books.google.com/books?id=lOJVAAAAcAAJ,,,,,,"GoogleBooks
WebDownload",Yes,,Reviewed ,
1923,1271,1271,,,,,Saint-Quentin,Saint-Quentin,Reims,France,,49.8486,3.2864,P061,,,,,,Provincial,"Issued by Milo, Bp of Soissons, as Reims was sede vacante",sede vacante,,,,,Latin,,,,"Gousset, APER II, 411-13","Mansi 24, cols 17-20",https://books.google.com/books?id=L9U-AAAAcAAJ,https://books.google.com/books?id=lOJVAAAAcAAJ,,,,,,WebDownload,Yes,largely renewing canons of 1231 council,Reviewed ,
1924,1267,1267,,,,,Pont-Audemer ,Evreux,Rouen,France,,49.355,0.514722,P065,,,,,,Provincial,,Eudes Rigaud,,1247,1276,,Latin,,,,"Bessin, Concilia Rotomagensis provinciae, I, 146","Mansi, 23, 1165-1168",https://books.google.com/books?id=0SGIk69vxS0C,,page number printed erroneously as 150 in Bessin edition,,,,,"GoogleBooks
Data Capture",,Contra clericos mercatores,Reviewed ,"For a complete list of manuscripts and editions, see Kay (Richard), ""Mansi and Rouen: a critique of the conciliar collections"", The Catholic Historical Review, 52 (1966), p. 155-185, esp. p. 176-79 ; re-edited in Id., Councils and clerical culture in the medieval West, Aldershot, Variorum, 1997, art. IV."
1925,1231,1231,,,,,Saint-Quentin,Saint-Quentin,Reims,France,,49.8486,3.2864,P061,,,,,,Provincial,,Henri de Braine,,1227,1240,,Latin,,,,"Gousset, APER II, 357-362",,https://books.google.com/books?id=L9U-AAAAcAAJ,,,,,,,WebDownload,,,Reviewed ,
1926,1398,1398,,,,,Cambrai,Cambrai,Reims,France,,50.175579,3.2345,D430,,,,,,Diocesan,,Pierre d'Ailly,,1396,1411,,Latin,,,,"Gousset, APER II, 619-622",,https://books.google.com/books?id=L9U-AAAAcAAJ,,,,,,,WebDownload,,on fornicating priests,Reviewed ,
1929,1408,1408,,,,,Halberstadt,Halberstadt,Mainz,Germany,,51.895833,11.046667,D553,,,,,,Diocesan,,Heinrich von Warberg,,1407,1411,,Latin,,,,"Hartzheim, Concilia, V, 13-14",,https://books.google.com/books?id=pd9KAAAAcAAJ,,,,,,,"GoogleBooks
Data Capture",,,Reviewed ,
1931,1420,1420,,,,,Lübeck,Lübeck,Bremen,Germany,,53.869722,10.686389,D533,,,,,,Diocesan,,Johann Schele,,1420,1439,,Latin,,,,"Hartzheim, Concilia, V, 165-170",,https://books.google.com/books?id=pd9KAAAAcAAJ,,,,,,,"GoogleBooks
Data Capture",,,Reviewed ,
1932,1422,1422,,,,,Mainz,Mainz,Mainz,Germany,,49.98,8.2791,P043,,,,,,Provincial,,Konrad III. von Dhaun,,1419,1434,,Latin,,,,"Hartzheim, Concilia, V, 206-213",,https://books.google.com/books?id=pd9KAAAAcAAJ,,,,,,,Data Capture,,,Reviewed ,
1934,1440,1440,9,2,,,Freising,Freising,Salzburg,Germany,,48.402778,11.748889,D567,,,,,,Diocesan,,Nicodemus de Scala,,1422,1443,,Latin,,,,"Hartzheim, Concilia, V, 267-282","Meichelbeck, Historiae Frisingensis, II/1, 253-273 (no. 338)",https://books.google.com/books?id=pd9KAAAAcAAJ,https://books.google.com/books?id=i_oxt-nLVqUC,,,,,,GoogleBooks,,,Reviewed ,
1936,1463,1463,,,,,Constance,Constance,Mainz,Germany,,47.663333,9.175278,D555,,,,,,Diocesan,,Burkhardt von Randegg,,1463,1466,,Latin,,,,"Hartzheim, Concilia, V, 449-470",,https://books.google.com/books?id=pd9KAAAAcAAJ,,,,,,,GoogleBooks,,,Reviewed ,
1937,1465,1465,,,,,Eichstätt ,Eichstätt ,Salzburg,Germany,,48.891944,11.183889,D552,,,,,,Diocesan,,Wilhelm,,,,,Latin,,,,"Hartzheim, Concilia, V, 470-476","Falkenstein, Codex diplomaticus (1733), Appendix, 81ff",https://books.google.com/books?id=pd9KAAAAcAAJ,https://books.google.com/books?id=TElmAAAAcAAJ,,,,,,GoogleBooks,,,Reviewed ,
1940,1474,1474 (ca),,,Yes,"date given as approximately 1476 in Hartzheim, but Hermann's episcopate ended in 1474",Constance,Constance,Mainz,Germany,,47.663333,9.175278,D555,,,,,,Diocesan,,Hermann III. von Breitenlandenberg,,1466,1474,,Latin,,,,"Hartzheim, Concilia, V, 505-508",,https://books.google.com/books?id=pd9KAAAAcAAJ,,,,,,,"GoogleBooks
Data Capture",,,Reviewed ,
1944,1483,1483,,,,,Constance,Constance,Mainz,Germany,,47.663333,9.175278,D555,,,,,,Diocesan,,Otto von Sonnenberg,,1481,1491,,Latin,,,,"Hartzheim, Concilia, V, 545-567",,https://books.google.com/books?id=pd9KAAAAcAAJ,,,,,,,GoogleBooks,,,Reviewed ,
1945,1491,1491,5,17,,,Bamberg,Bamberg,[Holy See],Germany,,49.9,10.9,D577,,,,,,Diocesan,,Heinrich III,,1487,1501,,Latin,,,,"Hartzheim, Concilia, V, 597-639",,https://books.google.com/books?id=pd9KAAAAcAAJ,,,,,,,Data Capture,,,Reviewed ,
1948,1492,1492,,,,,Stargard,Kammin,[Holy See],Poland,,53.333333,15.05,D663,,,,,,Diocesan,,Benedikt von Waldstein,,,,,Latin,,,,"Hartzheim, Concilia, V, 661-662",,https://books.google.com/books?id=pd9KAAAAcAAJ,,,,,,,"GoogleBooks
Data Capture",,18 canons,Reviewed ,
1949,1497,1497,,,,,Olsztyn,Warmia ,Riga,Poland,,53.783333,20.483333,D586,,,,,,Diocesan,,Lucas Watzenrode,,,,,Latin,,,,"Hipler, Geschichte und Statuten, v. 27, 98-104","Hartzheim, Concilia V, 664-670",https://dlibra.bibliotekaelblaska.pl/dlibra/publication/33889/edition/31646/content,https://books.google.com/books?id=pd9KAAAAcAAJ,,First part of Hipler's text lays out synodal program; second part (included in CoSyn DB) gives constitutions,,,,,,"""Pro eruendis autem in clericali statu erroribus controversiisque dissolvendis ac decidendis, sacrorum canonum sanctionibus introducta est synodica conventio. ""

(30) Volumus eos praeterea habere summas sacramentales seu poenitentiales, utpote Pisani, vel Angeli, vel consimiles, ne errent in casibus.
",Reviewed ,
1957,1380,1374x1391 (?),,,Yes,dating and attribution uncertain,Skänninge ,Linköping,Uppsala,Sweden,,58.4,15.083333,D699,,,,,,Other,addressed to the provost of Skänninge ,Nils Hermansson,Nicolaus Hermannus,1374,1391,,Latin,,,,"Reuterdahl, Statuta synodalia, pp72-74",,https://books.google.com/books?id=WaZBAAAAYAAJ,,,check Diplomatium Fennicum for transcription,,,,"GoogleBooks
WebDownload",Yes,,Reviewed ,
1958,1380,1374x1391 (?),,,Yes, dating and attribution very uncertain; attribution to Nils Hermansson proposed by Reuterdahl,Linköping,Linköping,Uppsala,Sweden,,58.4,15.616667,D699,,,,,,Diocesan,,Nils Hermansson,Nicolaus Hermannus,1374,1391,,Latin,,,,"Reuterdahl, Statuta synodalia, pp74-82",,https://books.google.com/books?id=WaZBAAAAYAAJ,,,,,,,"GoogleBooks
WebDownload",Yes,,Reviewed ,
1959,1400,1350x1450 (?),,,Yes,date unknown,Linköping,Linköping,Uppsala,Sweden,,58.4,15.616667,D699,,,,,,Diocesan,,,,,,,Latin,,,,"Reuterdahl, Statuta synodalia, pp82-85",SDHK no. 12569,https://books.google.com/books?id=WaZBAAAAYAAJ,https://sok.riksarkivet.se/sdhk,,,,,,"GoogleBooks
WebDownload",Yes,,Reviewed ,
1963,1320,1320,,,,,Modena,Modena,Ravenna,Italy,,44.65,10.933333,D143,,,,,,Diocesan,,Guido Guizzi,Guido de' Guisi,1318,1334,,Latin,,"Modena, Arch. capit. O.V.32, ff 71r-99v",,"Al Kalak, Piu antico sinodo, 218-44",,,,,CoSyn Transcription from Al Kalak edition,,,,"Library Scan
Hard Copy Scan",Yes,"17 constitutions
",Reviewed ,
1966,1326,1326,6,25,,,Alcalá de Henares ,,Toledo,Spain,,40.466667,-3.366667,P078,,,,,,Provincial,,Juan de Aragón,,,,Yes,Latin,,,,"Sanchez Herrero, Concilios y sinodos Toledanos, 191-92",,,,,,,,,"Library Scan
Hard Copy Scan",,,Reviewed ,
1967,1205,1200x1215,,,Yes,,England (unknown),England (unknown),Canterbury,England,Issued for an unknown English diocese; lat/long location marked as Canterbury,51.275,1.087,D295,,,,,,Diocesan,,,,,,,Latin,,,,"Councils & Synods, I/2, pp. 1070-74",,,,,,,,,"Library Scan
Hard Copy Scan",Yes,"issued (it would seem, acc. editor's note) as a local appendix to the 1200 Council of Westminster",Reviewed ,
1968,1227,1227,8,27,,July 28-August 27,Siena,Siena,[Holy See],Italy,Elevated to archdiocese in 1459,43.318611,11.330556,D216,,,,,,Diocesan,,Bonfiglio,,,,,Latin,,,,"Pellegrini, Chiesa e citta, Appendix A, p474-478",,,,fragmentary toward end,,,,Yes,"Library Scan
Hard Copy Scan",,"Bonfiglio, bp of Siena, issues constitutions with assistance of the chapter and the Dominican master Riccardus, pursuant to Gregory IX's reform directive to the bishops of Tuscia",Reviewed ,
1969,1199,1199,,,,,Bar,Bar,Bar,Montenegro,,42.1,19.1,P095,,,,,,Legatine,for province of Antivari,John of Casamari,,,,,Latin,,,,"Theiner, Vet.mon.Slav. vol. 1, pp7-8",,https://babel.hathitrust.org/cgi/pt?id=mdp.39015035826935;view=1up;seq=55,,,,,,,"GoogleBooks
WebDownload",Yes,"12 articles

Ego Iohannes Diocliensis et Antibarensis Archiepiscopus subscripsi.
Ego Dominicus archipresbiter Arbanensis subscripsi.
Ego Petrus Scuarinensis episcopus subscripsi.
Ego Iohannes Polatinensis episcopus subscripsi.
Ego Petrus Aruastinensis episcopus subscripsi.
Ego Dominicus Soacinensis episcopus subscripsi.
Ego Natalis Dulcinensis episcopus subscripsi.
Ego Theodorus Sarcanensis episcopus subscripsi.",Reviewed ,
1970,1370,1370,3,6,,,Elgin,Moray,[Holy See],Scotland,,57.65,-3.315,D326,,,,,,Diocesan,"issued at ""general chapter""",,,,,,Latin,,,,"Registrum Episcopatus Moraviensis, 167-68 [nos. 151-52]",,https://archive.org/stream/registrumepisc5800morauoft#page/166/,,,,,,Yes,"GoogleBooks
Hard Copy Scan",,"Two statutes survive, concerning teinds payable by wood-carters and millers",Reviewed ,
1974,1350,1350 (ca.),,,Yes,copied 1368,Chartres,Chartres,Sens,France,,48.455847,1.484184,D457,,,,,,Diocesan,,,,,,,Latin,,,,"Martene, Vet Script, 7, coll 1367-69",,https://gallica.bnf.fr/ark:/12148/bpt6k68195x.image,,,,,,,"GoogleBooks
Data Capture",,Copy made in 1368 by J. Jacquelin,Reviewed ,
1975,1213,1213 (aft.),,,Yes,"Pontal (Conciles de la France capetienne, p397) notes that these postdate the 1213 legatine statutes, and come instead from later councils.",Paris,Paris,Sens,France,,48.24754,3.287659,P070,,,,,,Legatine,"Seems to be directed to entire province, but scope is unclear (and there is no extant roster of participants)",Robert de Courcon,Robert Curzon; Robertus de Corceone,,,,Latin,,,,"Mansi 22, cols 844-57",,https://gallica.bnf.fr/ark:/12148/bpt6k51606z/,,,,,,,"GoogleBooks
Data Capture",,"Additiones to preceding statutes of 1213 council, along with a set of later statutes",Reviewed ,
1976,1246,1246,4,19,,,Béziers,Béziers,Narbonne,France,,43.347615,3.218991,P050,,,,,,Provincial,,Guillaume de la Broue,,1245,1257,,Latin,,,,"Mansi 23, cols 715-24",,https://books.google.com/books?id=CSdPAAAAYAAJ,,,,,,,"GoogleBooks
Data Capture",,Apparent additiones to earlier text,Reviewed ,
1978,1226,1226,11,13,,,Santa Giusta,Santa Giusta,Oristano,Italy,,39.883333,8.616667,P053,P019,P079,D292,D283,,Legatine,"Gathering of all the bishops of Sardinia, under authority of legate Goffredo",Goffredo,,,,,Latin,,,,"Martini, Storia ecclesiastica di Sardegna, II, pp15-27",,https://books.google.com/books?vid=HARVARD:HNPUCD,,,,,,,"GoogleBooks
WebDownload",,,Reviewed ,
1979,1250,1250,,,,,Milan,Milan,Milan,Italy,,45.4666,9.1666,D140,,,,,,Diocesan,,Leone,,,,,Latin,,,,"Giulini, Memorie spettanti alla storia...di Milano, VIII, pp658-63",,https://books.google.com/books?id=vIlYAAAAcAAJ,,,,,,,"GoogleBooks
Data Capture",,,Reviewed ,
1981,1296,1296,,,,,Aosta,Aosta,Tarentaise,Italy,,45.733333,7.316667,D461,,,,,,Diocesan,,Niccolo' I Bersatori,Nicolas I Bersatoribus,1283,1301,,Latin,,,,"Amiet, Le pontifical d’Emeric de Quart, pp208-17",,,,,,,,,Hard Copy Scan,,,Reviewed ,"Avril, Premiers statuts parisiens"
1983,1385,1385,11,8,,,Linköping,Linköping,Uppsala,Sweden,,58.4,15.616667,D699,,,,,,Other,Episcopal mandate,Nils Hermansson,Nicolaus Hermannus,1374,1391,,Latin,,,,"Reuterdahl, Statuta synodalia, pp71-72",,https://books.google.com/books?id=WaZBAAAAYAAJ,,,,,,,"GoogleBooks
WebDownload",Yes,,Reviewed ,
1984,1324,1324,,,,,Orléans,Orléans,Sens,France,,47.9025,1.909,D459,,,,,,Diocesan,,Milon de Chailli,,,,,Latin,,"Paris, Arsenal 394 fol. 203rv",,"Martene, Vet Script, VII, coll 1285-89",,https://gallica.bnf.fr/ark:/12148/bpt6k68195x.image,,,CoSyn Transcription from Martene edition,,,,"GoogleBooks
Digital MS
Data Capture",,"Martene edition of Orleans 1314 includes Orleans 1324 (cc. 11-26) and as an addition, Paris 1323 (final four canons)",Reviewed ,
1987,1345,1345,4,22,,,Alcalá de Henares,Toledo,Toledo,Spain,,40.466667,-3.366667,P078,,,,,,Provincial,,Gil Álvarez de Albornoz,Egidio d'Albornoz,,,,Latin,,,,"Tejada y Ramiro, Coleccion, VI, 71-74",,https://books.google.com/books?id=MEM8YN-LR1kC,,,,,,,"GoogleBooks
Data Capture",,,Reviewed ,
1988,1347,1347,,,,,Alcalá de Henares,Toledo,Toledo,Spain,,40.466667,-3.366667,P078,,,,,,Provincial,,Gil Álvarez de Albornoz,Egidio d'Albornoz,,,,Latin,with Old Spanish translation in parallel column,,,"Tejada y Ramiro, Coleccion, III, pp591-94","Sanchez Herrero, Concilios y sinodos Toledanos, 211-13; Mansi 26, col 124-126 (missing one canon)",https://books.google.com/books?id=EPRWl_29PlsC,,,,,,,"GoogleBooks
Data Capture",,,Reviewed ,
1989,1399,1399,2,4,,,Alcalá de Henares,Toledo,Toledo,Spain,,40.466667,-3.366667,P078,,,,,,Provincial,,Pedro IV Tenorio,,1375,1399,,Old Spanish,,,,"Tejada y Ramiro, Coleccion, III, pp619-621",,https://books.google.com/books?id=EPRWl_29PlsC,,,,,,,"GoogleBooks
Data Capture",,,Reviewed ,
1991,1184,1184,9,29,,,Aquileia,Aquileia,Aquileia,Italy,,45.766667,13.366667,P005,,,,,,Provincial,,Goffredo,,1182,1194,,Latin,,,,"Mansi 22, cols 493-94",,https://gallica.bnf.fr/ark:/12148/bpt6k51606z/,,,,,,,"GoogleBooks
Data Capture",,,Reviewed ,
1993,1263,1263 (ca.),,,Yes,dating from Palazzini; Mansi gives 1260; Albanes does not give precise date; ,Arles,Arles,Arles,France,,43.6767,4.6278,P006,,,,,,Provincial,,Florent,,1262,1266,,Latin,,,,"Albanes, Gallia christiana novissima, III, coll 477-84 (n1233)","Mansi 23, cols 1001-12",http://gallica.bnf.fr/ark:/12148/bpt6k941738/f243.image,https://books.google.com/books?id=CSdPAAAAYAAJ,,,,,,WebDownload,Yes,12 canons,Reviewed ,"Palazzini, Dizionario, 90-91"
1997,1280,1280,7,,,,Bergen,Bergen,Nidaros,Norway,,60.389444,5.33,P052,,,,,,Provincial,,Jon,,1268,1282,,Old Norse,,,,"Norges gamle love III, pp229-37, 238-41",,https://books.google.com/books?id=f6lFAAAAcAAJ,,,,,,,"GoogleBooks
WebDownload",,Second redaction (of two),Reviewed ,
1998,1306,1306,7,6,,"June 26-July 7 (dating from Bertil Nilsson, email 22 March 2017)",Oslo,Oslo,Nidaros,Norway,,59.95,10.75,P052,,,,,,Provincial,,Jörund,Jørund,1288,1309,,Old Norse,,,,"Norges gamle love III, pp243-45",,https://books.google.com/books?id=f6lFAAAAcAAJ,,,,,,,"GoogleBooks
WebDownload",,also survives in Latin redaction ,Reviewed ,
1999,1381,1381,9,20,,,Valencia de Don Juan,Oviedo,[Holy See],Spain,diocese declared exempt from metropolitan jurisdiction in 1105; not made suffragan to Santiago until 1851,42.3,-5.516667,D662,,,,,,Other,Constitutions for Archdeaconate of Babia,Gutierre Gómez de Toledo,,1377,1389,,Old Spanish,,,,"Synodicon Hispanum, III, pp428-437",,,,,,,,,"Library Scan
Hard Copy Scan",Yes,,Reviewed ,
2000,1336,1336,,,,,Château-Gontier,Tours,Tours,France,,47.8286,-0.7028,P081,,,,,,Provincial,,Pierre Frétaud,,1336,1357,,Old French,,,,"Avril, Tours, 353-58",,,,,,,,,Hard Copy Scan,Yes,Vernacular translation of Latin version (Rennes),Reviewed ,
2001,1336,1336,,,,,Château-Gontier,Tours,Tours,France,,47.8286,-0.7028,P081,,,,,,Provincial,,Pierre Frétaud,,1336,1357,,Old French,,,,"Avril, Tours, 359-60",,,,,,,,,Hard Copy Scan,Yes,Vernacular translation of Latin version (Le Mans),Reviewed ,
2002,1336,1336,,,,Incunable edition mistakenly dates these to 1366,Château-Gontier,Tours,Tours,France,,47.8286,-0.7028,P081,,,,,,Provincial,,Pierre Frétaud,,1336,1357,,Old French,,,,"Avril, Tours, 361-63","Statuta syondalia [sic] secundum ritum…Macloviensis Paris [s.d.], fols. 32v-33v",,,,,,,,Hard Copy Scan,Yes,Vernacular translation of Latin version (Saint-Malo),Reviewed ,
2003,1336,1336,,,,,Château-Gontier,Tours,Tours,France,,47.8286,-0.7028,P081,,,,,,Provincial,,Pierre Frétaud,,1336,1357,,Old French,,,,"Avril, Tours, 364-66",,,,,,,,,Hard Copy Scan,Yes,"Vernacular translation of Latin version (Le Mans, 15th century)",Reviewed ,
2004,1366,1366,3,12,,Mansi incorrectly dates this to 1365 (along with other earlier editions),Angers,Angers,Tours,France,,47.473612,-0.554167,P081,,,,,,Provincial,,Simon de Renoul,,1363,1379,,Old French,Final two chapters in latin,,,"Avril, Tours, 397-402",,,,,,,,,Hard Copy Scan,Yes,Vernacular translation of Latin version,Reviewed ,
2006,1266,1266,11,23,,,Bremen,Bremen,Bremen,Germany,,53.075833,8.8075,P017,,,,,,Legatine,For Province of Bremen,Guido di S. Lorenzo in Lucina,,,,,Latin,,,,"Bremisches UB, I, 360-365, no. 323","Mansi 23, coll 1155-62; Monumenta inedita rerum Germanicarum, ed. Westphalen, II, cols. 2085-2092, no. 59",https://books.google.com/books?id=CSdPAAAAYAAJ,https://books.google.com/books?id=phc8jSEKiecC,,CoSyn Transcription from Mansi edition,,,,Data Capture,,,Reviewed ,"Mentioned in Pixton, Watchmen, 442"
2007,1248,1248,10,10,,"text survives in late legatine reissue, probably of 1264",Wrocław,Wrocław,Gniezno,Poland,Breslau,51.1,17.033333,P062,P032,P067,P057,,,Legatine,"presided by apostolic legate (the future Urban IV), with participation of AB of Gniezno and suffragans",Giacomo Pantaleon,,,,,Latin,,,,"Kodeks Dyplomatyczny Wielkopolski, t. 1, (Poznan, 1877), no. 274","Hube, Antiquissimae constitutiones...Gnesnensis, 1856, 14-50","http://www.wbc.poznan.pl/Content/20061/kw_01.html
",https://books.google.com/books?id=IyajDQAAQBAJ,,,,,,"GoogleBooks
WebDownload",,"original text does not survive, but in November 1262 Pope Urban sent ten of the articles to his legate, and in June 1263 he sent the further 26 articles, which the legate subsequently published in Wroclaw (1264?) for Riga, Gniezno, Salzburg, and Bohemia/Moravia",Reviewed ,"Vetulani, ""Einfuhrung der Offizialate in Polen""; Krafl, Polske provincialni synodi, 91-93; Krafl, Legatska statuta, 407-410"
2008,1267,1267,2,1,,,Wrocław,Wrocław,Gniezno,Poland,Breslau,51.1,17.033333,P032,,,,,,Legatine,presided by apostolic legate with participation of AB of Gniezno and suffragans,Guido di San Lorenzo in Lucina,,,,,Latin,,,,"Kodeks Dyplomatyczny Wielkopolski, t. 1, (Poznan, 1877), no. 423","Hube, Antiquissimae constitutiones...Gnesnensis, 1856, 56-71",http://www.wbc.poznan.pl/Content/20061/kw_01.html,https://books.google.com/books?id=IyajDQAAQBAJ,,,,,,"GoogleBooks
WebDownload",,deals at some length with Jewish-Christian relations,Reviewed ,"Silnicki, ""Kardynal legat Gwido, jego synod wroclawski w roku 1267 i statuty tego synodu"", 21-80; Krafl, Polske provincialni synodi, 94-96"
2009,1374,1374,,,,,Evora,Evora,Santiago,Portugal,suffragan of Braga from 1166-1274; to Santiago from 1274-1394; to Lisbon from 1394-1544,38.570833,-7.905556,D639,,,,,,Diocesan,,Martinho III Gil de Basto,,1368,1382,,Latin,,,,"Synodicon Hispanum, 2, 209-210",,,,,,,,,"Library Scan
Hard Copy Scan",Yes,Addition to Evora statutes of 1344,Reviewed ,
2010,1344,1344,,,,,Calbe,Magdeburg,Magdeburg,Germany,,51.903333,11.775833,P042,,,,,,Provincial,,Otto von Hessen,,,,,Latin,,,,"Mansi 26, 13-16","Hartzheim IV, 345-46",https://books.google.com/books?id=zuJVAAAAcAAJ,https://books.google.com/books?id=kbNumdYKdrkC,,,,,,Data Capture,,,Reviewed ,
2012,1400,1400,12,16,,,Cologne,Cologne,Cologne,Germany,,50.94257,6.958976,D538,,,,,,Diocesan,,Friedrich von Saarwerden,,1370,1414,,Latin,,,,"Wolter, Synodalstatuten, 678-715, no. 167","Hartzheim, Concilia, IV, 548-63",https://books.google.com/books?id=kbNumdYKdrkC,,,CoSyn transcription from Hartzheim,,,,"GoogleBooks
Data Capture",,,Reviewed ,
2016,1257,1257,,,,,Roskilde,Roskilde,Lund,Denmark,Exact location of council unknown,55.642778,12.08,P039,,,,,,Provincial,,Jakob Erlandsen,,1254,1274,,Latin,,,,"Mansi 23, 945-46",,https://books.google.com/books?id=CSdPAAAAYAAJ,,,,,,,Data Capture,,,Reviewed ,
2017,1214,1214,,,,,Dublin,Dublin,Dublin,Ireland,,53.347778,-6.259722,P026,,,,,,Provincial,,Henry de Loundres,Henry of London,1213,1228,,Latin,,,,"Mansi 22, coll 925-32",,https://gallica.bnf.fr/ark:/12148/bpt6k51606z/,,,,,,,"GoogleBooks
Data Capture",,,Reviewed ,
2018,1278,1278,,,,,Embrun,Embrun,Embrun,France,,44.5658,6.4961,P027,,,,,,Provincial,,Jacques II Sérène,,1275,1286,,Latin,,,,"Martene, Thesaurus, IV, 187-190",,https://books.google.com/books?id=bjSeGwAACAAJ,,,,,,,Data Capture,,,Reviewed ,
2019,1290,1290,9,14,,held in September (acc Palazzini) correcting KDW/Gromnicki (who said October),Gniezno ,Gniezno ,Gniezno,Poland,,52.533333,17.6,P032,,,,,,Provincial,,Jakob Swinka,Jacobus,1283,1314,,Latin,,,,"Kodeks dyplomatyczny Wielkopolski II, 35 (no. 654)",,http://www.wbc.poznan.pl/Content/20067/kw_02.html,,"only one fragment survives; second fragment in the edition has been subsequently dated to 1298 or unknown other synod

",,,,Yes,"GoogleBooks
WebDownload",Yes,,Reviewed ,"Gromnicki, Synody prowincyonalne, 215-16: https://books.google.com/books?id=tdLcnQAACAAJ
Korytkowski, Arcybiskupi gnieznienscy, I, 480-81: https://books.google.com/books?id=4rsaAAAAYAAJ
"
2020,1390,1390,9,16,,,Godesberg,Cologne,Cologne,Germany,"now Bad Godesberg, just outside of Bonn",50.683333,7.15,D538,,,,,,Diocesan,,Friedrich von Saarwerden,,1370,1414,,Latin,,,,"Wolter, SYnodalstatuten, 670-674, no. 163","Hartzheim, Concilia, IV, 535-37",https://books.google.com/books?id=kbNumdYKdrkC,,,CoSyn transcription from Hartzheim,,,,"GoogleBooks
Data Capture",,,Reviewed ,
2021,1335,1335,,,,"held in late 1335, acc. Palazzini; confirmed at Copenhagen council of 1425",Helsingborg,,Lund,Sweden,,56.05,12.716667,P039,,,,,,Provincial,,Peter Johannsen,Peder Jensen,1334,1355,,Latin,,,,"Pontoppidan, Annales Ecclesiae Danicae Diplomatici, II, p143-145",,https://books.google.com/books?id=kPQ-AAAAcAAJ,,"c. 10 missing from edition, and c. 11 erroneously given as c. 10",,,,,"GoogleBooks
WebDownload",,12 canons ,Reviewed ,
2022,1230,1230,,,,,Angers,Angers,Tours,France,,47.473612,-0.554167,D441,,,,,,Diocesan,,Guillaume II. de Beaumont,,1203,1240,,Latin,,"Paris, BnF lat 11030, f 25rv",,"Avril, Naissance et evolution, 211",,,,,CoSyn Transcription from Avril edition,,,,Hard Copy Scan,Yes,Found as additions to a later Liber synodalis of Angers,Reviewed ,
2023,1238,1236x1240,,,Yes,,Angers,Angers,Tours,France,,47.473612,-0.554167,D441,,,,,,Diocesan,,Guillaume II. de Beaumont,,1203,1240,,Latin,,"Paris, BnF lat 11029, f 38",,"Avril, Naissance et evolution, 211-12",,,,,CoSyn Transcription from Avril edition,,,,Hard Copy Scan,Yes,Found as additions to a later Liber synodalis of Angers,Reviewed ,
2025,1270,aft. 1268,,,Yes,second half of the 13th-c (and after 1268),Le Mans,Le Mans,Tours,France,,48.0077,0.1984,D442,,,,,,Compilation (Diocesan),Additions to Liber Synodalis,,,,,,Latin,,,,"Avril, Naissance et evolution, 247-49",,,,,,,,,Hard Copy Scan,Yes,,Reviewed ,
2027,1357,1357,1,8,,,Kalisz,,Gniezno,Poland,,51.766667,18.083333,P032,,,,,,Provincial,,Jaroslaw Bogorya Skotnicki,Iaroslaus ,1342,1374,,Latin,,,,"Kodeks dyplomatyczny Wielkopolski III, no 1349","Hube, Antiquissimae Constitutiones synodales, 205-218",http://www.wbc.poznan.pl/Content/20085/kw_03.html,https://books.google.com/books?id=SaYSmwEACAAJ,"
",,,,,WebDownload,Yes,"On January 8, archbishop publishes new provincial statutes; two days later, he issues a compilation containing a summary of existing provincial statutes along with some earlier legatine statutes (see Krafl, Legatska statuta, 406)",Reviewed ,"Gromnicki, Synody prowincyonalne, 286-94: https://books.google.com/books?id=tdLcnQAACAAJ
Korytkowski, Arcybiskupi gnieznienscy, I, 603-606: https://books.google.com/books?id=4rsaAAAAYAAJ"
2028,1233,1233,7,3,,3-6 July,Sieradz,,Gniezno,Poland,,51.6,18.75,P032,,,,,,Provincial,,Fulk,Pełka,,,,Latin,,,,"Kodeks Dyplomatyczny Wielkopolski, t. 1, (Poznan, 1877), no. 150","Hube, Antiquissimae constitutiones...Gnesnensis, 1856, 1-8",http://www.wbc.poznan.pl/Content/20061/kw_01.html,https://books.google.com/books?id=SaYSmwEACAAJ,"
",Numbering from Hube edition,,,,WebDownload,,,Reviewed ,
2029,1262,1262,9,17,,,Sieradz,,Gniezno,Poland,,51.6,18.75,P032,,,,,,Provincial,,Janusz Tarnowa,Janussius ,1258,1271,,Latin,,,,"Kodeks Dyplomatyczny Wielkopolski, t. 1, (Poznan, 1877), no. 402","Hube, Antiquissimae constitutiones...Gnesnensis, 1856, 50-53",http://www.wbc.poznan.pl/Content/20061/kw_01.html,https://books.google.com/books?id=SaYSmwEACAAJ,,,,,,WebDownload,,,Reviewed ,
2030,1217,1217,,,,"Dated 1271 in Helcel, but 1217 by Vetulani; see Krafl, Polske provincialni synodi, 139",Kamień,,Gniezno,Poland,,51.822222,18.230556,P032,,,,,,Provincial,,Jindrich Kietlicz,,,,,Latin,,,,"Vetulani, Statuty synodalny Henryka Kietlicza, 10-13","Helcel, Starodawnie prawa polskiego pomniki, I, 363-364",,https://archive.org/stream/starodawneprawa00polagoog#page/n646/mode/2up,,,,,,Hard Copy Scan,Yes, 7 canons,Reviewed ,
2031,1285,1285,1,6,,with later additions,Łęczyca,,Gniezno,Poland,,52.05,19.2,P032,,,,,,Provincial,,Jakub Swinka,Jacobus,1283,1314,,Latin,,,,"Kodeks Dyplomatyczny Wielkopolski, t. 1, (Poznan, 1877), no. 551","Hube, Antiquissimae constitutiones...Gnesnensis, 1856, 165-180",http://www.wbc.poznan.pl/Content/20061/kw_01.html,https://books.google.com/books?id=IyajDQAAQBAJ,,,,,,WebDownload,Yes,,Reviewed ,
2037,1349,1349,5,3,,,Palencia,Palencia,Toledo,Spain,,42.016667,-4.533333,D608,,,,,,Diocesan,,Blas Fernández de Toledo,,1343,1353,Yes,Latin,With additions in Old Spanish,,,"Synodicon Hispanum, VII, pp386-89","San Martin, Sinodos diocesanos, 166-168",,,,,,,,"Library Scan
Hard Copy Scan",Yes,,Reviewed ,
2045,1261,1261,5,8,,,Magdeburg,Magdeburg,Magdeburg,Germany,,52.133333,11.616667,P042,,,,,,Provincial,,Ruprecht,,,,,Latin,,,,"Hartzheim III, 805-808",,https://books.google.com/books?id=-d5KAAAAcAAJ,,,,,,,"GoogleBooks
WebDownload",,,Reviewed ,
2047,1195,1195,12,,,,Montpellier,Maguelone,Narbonne,France,,43.6119,3.8772,P050,,,,,,Legatine,"For province of Narbonne, convened by legate of Celestine III",Michele,,,,,Latin,,,,"Mansi 22, col. 668-72","Baluze, Concilia Galliae Narbonensis, pp28-38",https://gallica.bnf.fr/ark:/12148/bpt6k51606z/,https://books.google.com/books?id=egxcAAAAQAAJ,,,,,,"GoogleBooks
Data Capture",,"promulgates Lat3 canons, among others",Reviewed ,
2049,1245,1245,,,,,Odense,,Lund,Denmark,,55.395833,10.388611,P039,,,,,,Provincial,,Offo,,1230,1252,,Latin,,,,"Pontoppidan, Annales Ecclesiae Danicae Diplomatici, I, (Copenhagen 1744), 657-58","Mansi 23, col. 604",https://books.google.com/books?id=VfQ-AAAAcAAJ,http://google.com/books?id=CSdPAAAAYAAJ,,,,,,WebDownload,,,Reviewed ,
2053,1304,1304 (ca.),,,Yes,,Pinterville,,Rouen,France,,49.1919,1.1769,P065,,,,,,Provincial,,William II of Flavacourt,Guilaume de Flavacourt,1278,1306,,Latin,,,,"Bessin, Concilia, 1, 167-68",,https://books.google.com/books?id=0SGIk69vxS0C,,,,,,,Data Capture,,one canon known,Reviewed ,
2054,1251,1251,7,26,,,Provins,,Sens,France,,48.5604,3.299,P070,,,,,,Provincial,,Gilles Cornu,,1241,1254,,Latin,,,,"Mansi 23, col. 793-94","Martene, Vet Scrip, VII, 142-43",https://books.google.com/books?id=CSdPAAAAYAAJ,https://gallica.bnf.fr/ark:/12148/bpt6k68195x,,,,,,Data Capture,,,Reviewed ,
2055,1323,1323,,,,,Paris,Paris,Sens,France,,48.24754,3.287659,P070,,,,,,Provincial,,Guillaume de Melun,,,,,Latin,,,,"Martene Vet Script VII, cols. 1285-89",,https://gallica.bnf.fr/ark:/12148/bpt6k68195x.image,,,,,,,"GoogleBooks
Data Capture",,Appear in MSS as additions to Orleans 1314; check attribution and dating,Reviewed ,
2061,1261,1261,3,4,,Palazzini dates to 1261; others have dated to 1258/1259,Ravenna,Ravenna,Ravenna,Italy,,44.41667,12.2,D195,,,,,,Unclear,,Filippo Fontana,,,,,Latin,,,,"De claris Archigymnasii bononiensis, II, 215-16","Fantuzzi, Monumenti ravennati, V, 338-40",https://archive.org/details/declarisarchigy00malagoog,,,,,,,"GoogleBooks
WebDownload",Yes,,Reviewed ,
2062,1408,1408,,,,,Reims,Reims,Reims,France,text edited in Gousset concerns diocese of Cambrai,49.26278,4.03472,P061,,,,,,Other,"Archepiscopal ordinance governing parish visitations, attributed to Jean Gerson",,,,,,Latin,,,,"Gousset, APER II, 660-66",,https://books.google.com/books?id=L9U-AAAAcAAJ,,,"abbreviated sections expanded from corresponding articles in 0062_Cambrai_1307c and 0060_Cambrai_1287c, c. 22",,,,WebDownload,Yes,,Reviewed ,
2068,1354,1354,7,30,,,Skálholt,Skálholt,Nidaros,Iceland,,64.116667,-20.533333,D498,,,,,,Diocesan,,Gyrðir Ívarsson,,1349,1360,,Latin,,,,"Jónsson, Historia ecclesiastica Islandiae, II, 109-111",,https://books.google.be/books?id=AklAAAAAcAAJ,,,,,,,"GoogleBooks
WebDownload",,,Reviewed ,
2069,1359,1359,4,23,,,Skálholt,Skálholt,Nidaros,Iceland,,64.116667,-20.533333,D498,,,,,,Diocesan,,Gyrðir Ívarsson,,1349,1360,,Latin,,,,"Jónsson, Historia ecclesiastica Islandiae, II, 112-115",,https://books.google.be/books?id=AklAAAAAcAAJ,,,,,,,"GoogleBooks
WebDownload",,,Reviewed ,
2073,1234,1234,2,7,,,Tarragona,Tarragona,Tarragona,Spain,,41.115697,1.249594,P077,,,,,,Other,"Convened by King James I of Aragon, with bishops",,,,,,Latin,,,,"Mansi 23, 330-334",,https://books.google.com/books?id=CSdPAAAAYAAJ,,,,,,,Data Capture,,,Reviewed ,
2076,1243,1243,,,,,Tarragona,Tarragona,Tarragona,Spain,,41.115697,1.249594,P077,,,,,,Provincial,,Pere d'Albalat,,1237,1251,,Latin,,,,"Pons Guri, Constitucions conciliars, Repr. II, 271-274",,,,,,,,,"Library Scan
Hard Copy Scan",Yes,,Reviewed ,
2078,1246,1246,,,,,Tarragona,Tarragona,Tarragona,Spain,,41.115697,1.249594,P077,,,,,,Provincial,,Pere d'Albalat,,1237,1251,,Latin,,,,"Pons Guri, Constitucions conciliars, Repr. II, 279-81","Mansi 23, 723-24",,https://books.google.com/books?id=CSdPAAAAYAAJ,Mansi gives summary,,,,,"Library Scan
Hard Copy Scan",Yes,,Reviewed ,
2080,1253,1253,,,,Peltier & D'Aguirre erroneously date this to 1256,Tarragona,Tarragona,Tarragona,Spain,,41.115697,1.249594,P077,,,,,,Provincial,,Benet de Rocaberti,,1251,1268,,Latin,,,,"Pons Guri, Constitucions conciliars, Repr. II, 291-95","Mansi 23, 805-06",,https://books.google.com/books?id=CSdPAAAAYAAJ,Mansi gives summary of acts,,,,,"Library Scan
Hard Copy Scan",Yes,,Reviewed ,
2081,1266,1266,,,,,Tarragona,Tarragona,Tarragona,Spain,,41.115697,1.249594,P077,,,,,,Provincial,,Benet de Rocaberti,,1251,1268,,Latin,,,,"Pons Guri, Constitucions conciliars, Repr. II, 301-303","Mansi 23, 1129-30",,https://books.google.com/books?id=CSdPAAAAYAAJ,,,,,,"Library Scan
Hard Copy Scan",Yes,,Reviewed ,
2082,1274,1274,1,24,,,Tarragona,Tarragona,Tarragona,Spain,,41.115697,1.249594,P077,,,,,,Provincial,,Bernat d'Olivella,,,,,Latin,,,,"Pons Guri, Constitucions conciliars, Repr. II, 304-308",,,,,,,,,Hard Copy Scan,,,Reviewed ,
2083,1332,1332,1,31,,date given as 2. Kalend. Februarii anno D. 1331 in Villanuno ed.,Tarragona,Tarragona,Tarragona,Spain,,41.115697,1.249594,P077,,,,,,Provincial,,Juan de Aragón,Joan d'Arago,1327,1334,,Latin,,,,"Aguirre, Collectio maxima, t. 3, 582-83","Villanuno, Summa Conciliorum Hispaniae, 3, 160-164",https://books.google.com/books?id=NINEAAAAcAAJ,https://books.google.com/books?id=pPtAAAAAcAAJ,,,,,,Data Capture,,5 decrees,Reviewed ,"Peltier, Dictionnaire, II, 929"
2084,1336,1336,,,,,Tarragona,Tarragona,Tarragona,Spain,,41.115697,1.249594,P077,,,,,,Provincial,,Arnaldo Sescomes,,1334,1346,,Latin,,,,"Tejada y Ramiro, Coleccion, VI, 68-71","Mansi 25, coll 1078-1082",https://books.google.com/books?id=MEM8YN-LR1kC,https://gallica.bnf.fr/ark:/12148/bpt6k516090/,,,,,,Data Capture,,18 decrees,Reviewed ,
2086,1341,1341,12,9,,,Tarragona,Tarragona,Tarragona,Spain,,41.115697,1.249594,P077,,,,,,Provincial,,Arnaldo,,,,,Latin,with Old Spanish translation in parallel column,,,"Tejada y Ramiro, Coleccion, III, 558-63",,https://books.google.com/books?id=EPRWl_29PlsC,,,,,,,Data Capture,,3 decrees,Reviewed ,
2087,1353,1353,12,9,,,Tarragona,Tarragona,Tarragona,Spain,,41.115697,1.249594,P077,,,,,,Provincial,,Sancho López de Ayerbe,,1346,1357,,Latin,,,,"Tejada y Ramiro, Coleccion, VI, 75-76",,https://books.google.com/books?id=MEM8YN-LR1kC,,,,,,,Data Capture,,,Reviewed ,
2088,1357,1357,3,20,,,Tarragona,Tarragona,Tarragona,Spain,,41.115697,1.249594,P077,,,,,,Provincial,,Sancho López de Ayerbe,,1346,1357,,Latin,,,,"Tejada y Ramiro, Coleccion, VI, 76-82",,https://books.google.com/books?id=MEM8YN-LR1kC,,,,,,,Data Capture,,12 decrees (11 published in Agustin edition),Reviewed ,
2089,1369,1369,11,7,,,Tarragona,Tarragona,Tarragona,Spain,,41.115697,1.249594,P077,,,,,,Provincial,,Pere de Clasquerí,,1357,1380,,Latin,,,,"Tejada y Ramiro, Coleccion, VI, 86-89",,https://books.google.com/books?id=MEM8YN-LR1kC,,,,,,Yes,Data Capture,,10 decrees,Reviewed ,
2094,1233,1233,,,,,Saint-Brieuc,Saint-Brieuc,Tours,France,,48.5136,-2.7653,D447,,,,,,Diocesan,"Promulgated by AB of Tours, during episcopal visitation of diocese of St-B, with consent of Bp Guillaume Pinchon (r. 1220-1234)",Juhel de Mathefelon,Juhellus,1229,1244,,Latin,,,,"Mansi 22, coll 320-22",,https://gallica.bnf.fr/ark:/12148/bpt6k51606z/,,,,,,,"GoogleBooks
Data Capture",,14 decrees,Reviewed ,"Palazzini, Dizionario, sv Tours"
2095,1228,1228,6,7,,,Valladolid,,[Spain],Spain,"went on to hold councils at Salamanca and Lleida, and elsewhere",41.633333,-4.716667,P069,P078,D660,D661,D662,,Legatine,For prelates of Castile and Leon,"Juan de Alegrin, Bp of Sabina",,,,,Old Spanish,,,,"Tejada y Ramiro, Coleccion, III, 324-29",,https://books.google.com/books?id=EPRWl_29PlsC,,,,,,,"GoogleBooks
Data Capture",Yes,focused on implementation of Lateran IV,Reviewed ,
2100,1230,1230,,,,,Tarragona,Tarragona,Tarragona,Spain,,41.115697,1.249594,P077,,,,,,Provincial,,Asparec de la Barca,Aspargo Barca,1215,1233,,Latin,,,,"Pons Guri, Constitucions conciliars, Repr. II, 253-255",,,,,,,,,"Library Scan
Hard Copy Scan",Yes,,Reviewed ,
2101,1239,1239,4,18,,,Tarragona,Tarragona,Tarragona,Spain,,41.115697,1.249594,P077,,,,,,Provincial,,Pere d'Albalat,Pedro de Albalat,1237,1251,,Latin,,"Barcelona, ACA, MS Ripoll 204, fol 104rv",,"Brundage, Council of Tarragona, 25-27","Pons Guri, Constitucions, Repr. 258-61",,,,CoSyn transcription from Brundage edition,,,,"Library Scan
Hard Copy Scan",Yes,,Reviewed ,
2102,1240,1240,,,,,Tarragona,Tarragona,Tarragona,Spain,,41.115697,1.249594,P077,,,,,,Provincial,,Pere d'Albalat,,1237,1251,,Latin,,,,"Pons Guri, Constitucions conciliars, Repr. II, 262-64",,,,,,,,,"Library Scan
Hard Copy Scan",Yes,,Reviewed ,
2103,1244,1244,,,,,Tarragona,Tarragona,Tarragona,Spain,,41.115697,1.249594,P077,,,,,,Provincial,,Pere d'Albalat,,1237,1251,,Latin,,,,"Pons Guri, Constitucions conciliars, Repr. II, 276-78",,,,,,,,,"Library Scan
Hard Copy Scan",Yes,,Reviewed ,
2104,1247,1247,,,,,Tarragona,Tarragona,Tarragona,Spain,,41.115697,1.249594,P077,,,,,,Provincial,,Pere d'Albalat,,1237,1251,,Latin,,,,"Pons Guri, Constitucions conciliars, Repr. II, 283-85",,,,,,,,,"Library Scan
Hard Copy Scan",Yes,,Reviewed ,
2105,1250,1250,,,,,Tarragona,Tarragona,Tarragona,Spain,also held in part at Alcanyic,41.115697,1.249594,P077,,,,,,Provincial,,Pere d'Albalat,,1237,1251,,Latin,,,,"Pons Guri, Constitucions conciliars, Repr. II, 287-89",,,,,,,,,"Library Scan
Hard Copy Scan",Yes,,Reviewed ,
2106,1256,1256,,,,,Tarragona,Tarragona,Tarragona,Spain,,41.115697,1.249594,P077,,,,,,Provincial,,Benet de Rocaberti,,1251,1268,,Latin,,,,"Pons Guri, Constitucions conciliars, Repr. II, 295-96",,,,,,,,,"Library Scan
Hard Copy Scan",Yes,,Reviewed ,
2107,1246,1246,,,,,Nevers,Nevers,Sens,France,,46.9933,3.1572,D454,,,,,,Other,Fragmentum statutorum ecclesiae Nivernensis (for canons and clerics of the cathedral),Robert Le Cornu,,1240,1253,,Latin,,,,"Mansi 23, cols 731-734",,https://books.google.com/books?id=CSdPAAAAYAAJ,,,,,,Yes,WebDownload,Yes,,Reviewed ,
2108,1255,1255,4,13,,,Bordeaux,Bordeaux,Bordeaux,France,,44.837912,-0.579541,D365,,,,,,Provincial,"Unclear (acc. Avril, Statuts V, 9) whether this is diocesan or provincial legislation; he suggests that it was composed at the archbishop's initiative in order to be integrated into diocesan legislation (as following the example of Cognac 1238).",,,,,,Latin,,,,"Mansi 23, cols 857-66","Avril, Statuts, V, 15-17",https://books.google.com/books?id=CSdPAAAAYAAJ,,,"Avril edition gives only incipits and cross-references to sources, so Mansi edition was used for CoSyn transcription",,,,Hard Copy Scan,Yes,,Reviewed ,
2109,1345,1345,12,15,,,Palencia,Palencia,Toledo,Spain,,42.016667,-4.533333,D608,,,,,,Diocesan,,Blas Fernández de Toledo,,1343,1353,,Old Spanish,with Latin additions,,,"Synodicon Hispanum, VII, pp356-77","San Martin, Sinodos diocesanos",,,,,,,,"Library Scan
Hard Copy Scan",Yes,Corresponding text in Latin,Reviewed ,
2110,1294,1294,9,21,,,Coutances,Coutances,Rouen,France,,49.046111,-1.443889,D436,,,,,,Diocesan,,Robert d’Harcourt,,1291,1315,,Latin,,,,"Avril, Statuts, V, 223",,,,,,,,,Hard Copy Scan,Yes,,Reviewed ,
2111,1292,1292-1295,,,Yes,"first redaction in 1292-1293, with additions and corrections in 1294-1295 (see Avril, Bourges, 210)",Mende,Mende,Bourges,France,,44.51944,3.50139,D384,,,,,,Compilation (Diocesan),LIber synodalis; Constititutiones (second part of the text),William Durand,Guglielmus Durantis,1286,1296,,Latin,,,,"Avril, Bourges, 312-350","Instructions et constitutions de Guillaume Durand le Spéculateur publiées d’après le manuscrit de Cessenon. Eds. Jos. Berthelé and M. Valmary. Montpellier: Delord-Boehm et Martial, 1900. [=Mémoires de l’Académie des sciences et lettres de Montpellier, ser. 2, 3 (1905): 1-148.])",,,"It is possible that authorial corrections survive in Cessenon MS (now AD Herault 10 F 96), but Avril is doubtful",,,,,Hard Copy Scan,Yes,,Reviewed ,
2119,1300,1300,,,,Saint Luke synod,Angers,Angers,Tours,France,,47.473612,-0.554167,D441,,,,,,Diocesan,,Guillaume le Maire,Guillermus Major,1291,1317,,Latin,,,,"Avril, Statuts, III, 204-07",,https://gallica.bnf.fr/ark:/12148/bpt6k6264436k,,,,,,,Hard Copy Scan,Yes,,Reviewed ,
2120,1280,1275x1286,,,Yes,,Digne,Digne,Embrun,France,,44.093333,6.236389,D388,,,,,,Diocesan,,,,,,,Latin,,"Digne-les-Bains, Arch dép des Alpes-de-Haute-Provence, 1 G 1 [=G 1], fol. IIIv-IV","Digne-les-Bains, Arch dép des Alpes-de-Haute-Provence, 1 G 467, IIIv-IV","Mansi 23, 1181-84",,https://books.google.com/books?id=CSdPAAAAYAAJ,, [IRHT MF 07960]/ MF 07207,CoSyn Transcription from Mansi edition,,,,Digital MS,,"Extracted from statutes issued by Jacques de Serene, AB Embrun (r. 1275-1286); reissued as diocesan statutes for Digne, though not necessarily in synod",Reviewed ,"Kay, ""Hostiensis and some Provincial Councils of Embrun"", for discussion of MSS"
2121,1246,1246,,,,,Meaux,Meaux,Sens,France,,48.960278,2.888333,D458,,,,,,Other,Statutes for Cathedral Chapter,,,,,,Latin,,,,"Du Plessis, Histoire de l'Eglise de Meaux (1731), II, 477-78",,https://books.google.com/books?id=Gl9S_qgEcKgC,,,,,,,"GoogleBooks
Data Capture",,,Reviewed ,
2125,1334,1334,10,19,,,Cambrai,Cambrai,Reims,France,,50.175579,3.2345,D430,,,,,,Diocesan,,Gui III de Boulogne,,1324,1336,,Latin,,"Paris BnF Latin 1592, fols. 33va-34ra","Tilburg, Universiteitsbibliotheek (olim Bibliotheek Theologische Faculteit) HS 15, fol. 52rv","Caspers, Synodale Statuten, 307-308 (from Tilburg MS)",,,,,,,,,Digital MS,,,Reviewed ,
2126,1335,1335,10,1,,,Cambrai,Cambrai,Reims,France,,50.175579,3.2345,D430,,,,,,Diocesan,,Gui III de Boulogne,,1324,1336,,Latin,,"Paris BnF Latin 1592, fols. 34ra-34vb","Tilburg, Universiteitsbibliotheek (olim Bibliotheek Theologische Faculteit) HS 15, fol. 52v-53v","Caspers, Synodale Statuten, 308-310 (from Tilburg MS)",,,,,,,,,Digital MS,,,Reviewed ,
2127,1336,1336,10,1,,,Cambrai,Cambrai,Reims,France,,50.175579,3.2345,D430,,,,,,Diocesan,,sede vacante,,,,,Latin,,"Paris BnF Latin 1592, fols. 34vb-35ra","Tilburg, Universiteitsbibliotheek (olim Bibliotheek Theologische Faculteit), HS 15, fol. 53v","Caspers, Synodale Statuten, 310 (from Tilburg MS)",,,,,,,,,Digital MS,,,Reviewed ,
2145,1355,1355,5,13,,,Utrecht,Utrecht,Cologne,Netherlands,,52.083,5.1,D543,,,,,,Diocesan,,Jan van Arkel,,1342,1364,,Latin,,,,"Joosting, Bronnen, V, 136-37",,https://resolver.kb.nl/resolve?urn=MMKB02:100007906,,,,,,,Data Capture,,,Reviewed ,
2146,1355,1355,5,13,,,Utrecht,Utrecht,Cologne,Netherlands,,52.083,5.1,D543,,,,,,Diocesan,,Jan van Arkel,,1342,1364,,Latin,,,,"Joosting, Bronnen, V, 137-38",,https://resolver.kb.nl/resolve?urn=MMKB02:100007906,,,,,,,Data Capture,,,Reviewed ,
2147,1355,1355,5,5,,,Utrecht,Utrecht,Cologne,Netherlands,,52.083,5.1,D543,,,,,,Diocesan,,Jan van Arkel,,1342,1364,,Latin,,,,"Joosting, Bronnen, V, 138-40",,https://resolver.kb.nl/resolve?urn=MMKB02:100007906,,,,,,,Data Capture,,,Reviewed ,
2149,1363,1363,2,23,,,Reims,Reims,Reims,France,,49.26278,4.03472,D421,,,,,,Diocesan,,Jean III de Craon,,1355,1373,,Latin,,"Paris BnF lat 1598, fol. 56r-57r","Vatican, BAV, Vat Lat 9868, f. 533v-534r",,,,,"Maurist 18th-c transcription in Vatican MS. In the Paris MS, these statutes present themselves as a continuation of the synodal of Reims of Guillaume de Trie, of which they form the 7th precept of the 14th locus.",Transcription by Christine Barralis from Paris MS,,,,Digital MS,,"Inc. Septimum preceptum. Nos Johannes miseratione...
Expl. ordinamus ac iubemus.",Reviewed ,
2152,1343,1343,,,,,Cambrai,Cambrai,Reims,France,,50.175579,3.2345,D430,,,,,,Diocesan,per vicarios,Gui de Ventadour,,1342,1349,Yes,Latin,,,,"Reusens, Statuta, 103-105",,,,,,,,,"GoogleBooks
Library Scan
WebDownload",Yes,,Reviewed ,
2153,1345,1345,5,23,,,Cambrai,Cambrai,Reims,France,,50.175579,3.2345,D430,,,,,,Diocesan,,Gui de Ventadour,,1342,1349,,Latin,,,,"Reusens, Statuta, 105-6",,,,,,,,,"GoogleBooks
Library Scan
WebDownload",Yes,,Reviewed ,
2154,1349,1349,,,,,Cambrai,Cambrai,Reims,France,,50.175579,3.2345,D430,,,,,,Diocesan,,Pierre IV de Clermont,,1349,1368,,Latin,,,,"Reusens, Statuta, 106-8",,,,,,,,,"GoogleBooks
Library Scan
WebDownload",Yes,,Reviewed ,
2155,1350,1350,,,,,Cambrai,Cambrai,Reims,France,,50.175579,3.2345,D430,,,,,,Diocesan,,Pierre IV de Clermont,,1349,1368,,Latin,,,,"Reusens, Statuta, 110-12",,,,,,,,,"GoogleBooks
Library Scan
WebDownload",Yes,,Reviewed ,
2156,1356,1356,5,24,,Month uncertain,Cambrai,Cambrai,Reims,France,,50.175579,3.2345,D430,,,,,,Other,Episcopal mandate,Pierre IV de Clermont,,1349,1368,,Latin,,,,"Reusens, Statuta, 108-9",,,,,,,,,"GoogleBooks
Library Scan
WebDownload",Yes,,Reviewed ,
2157,1369,1369/1370,,,Yes,,Cambrai,Cambrai,Reims,France,,50.175579,3.2345,D430,,,,,,Diocesan,issued by vicars general,Robert de Genève,,1368,1371,Yes,Latin,,,,"Reusens, Statuta, 112",,,,,,,,,"GoogleBooks
Library Scan
WebDownload",Yes,,Reviewed ,
2158,1360,1360,1,14,,a.s. 1359,Cambrai,Cambrai,Reims,France,,50.175579,3.2345,D430,,,,,,Diocesan,,Pierre de Clermont,Petrus de Claromonte,1349,1368,,Latin,,"Paris BnF Latin 1592, f. 40r",,"Gousset, APER, III, 87","Acta et decreta synodi diocesanae Cameracensis...R. de Croy (Douai, 1550)(partial)",https://books.google.com/books?id=XNU-AAAAcAAJ,,"Paris MS includes dating clause at end: ""Datum cameraci sub sigillo nostro anno domini m' ccc' lix' xiiii' die mensis ianuarii vobis etiam singulis manifestandum per decanum [geralmontis?]""",,,,,WebDownload,,"Inc. percipimus quosdam...

Survives as tit. XXIX in 1550 compilation.",Reviewed ,
2160,1462,1462,,,,,Cambrai,Cambrai,Reims,France,,50.175579,3.2345,D430,,,,,,Diocesan,issued by vicars general,Jean VI de Bourgogne,,1439,1479,Yes,Latin,,,,"Reusens, Statuta, 113",,,,,,,,,"GoogleBooks
Library Scan
WebDownload",Yes,,Reviewed ,
2162,1290,1290,,,,feria tertia post octavas sanctissimae Trinitatis,Trier,Trier,Trier,Germany,,49.7596,6.6439,D573,,,,,,Diocesan,,Bohemond I von Warnesberg ,,1286,1299,,Latin,,,,"Blattau, Statuta synodalia, I, 60-62",,https://books.google.com/books?id=dow-AAAAcAAJ,,,,,,,"GoogleBooks
WebDownload",Yes,,Reviewed ,
2163,1338,1338,4,8,,,Trier,Trier,Trier,Germany,,49.7596,6.6439,P083,,,,,,Provincial,,Baldwin of Luxembourg,,1307,1354,,Latin,,,,"Blattau, Statuta synodalia, I, 166-168",,https://books.google.com/books?id=dow-AAAAcAAJ,,,,,,,"GoogleBooks
WebDownload",Yes,concerning feast days,Reviewed ,
2164,1338,1338,,,,,Trier,Trier,Trier,Germany,,49.7596,6.6439,P083,,,,,,Provincial,,Baldwin of Luxembourg,,1307,1354,,Latin,,,,"Blattau, Statuta synodalia, I, 171-72",,https://books.google.com/books?id=dow-AAAAcAAJ,,,,,,,"GoogleBooks
WebDownload",Yes,revoking some statutes of 1310 concerning excommunication,Reviewed ,
2165,1414,1414,8,12,,,Lucca,Lucca,[Holy See],Italy,,43.85,10.5,D127,,,,,,Diocesan,,Nicolo Guinigi,,,,,Latin,,,,"Dinelli, Sinodi, 125-27",,"https://books.google.com/books?id=5lVfAAAAcAAJ
",,,,,,,"GoogleBooks
WebDownload",Yes,,Reviewed ,
2167,1242,1242,10,18,,,Barcelona,Barcelona,Tarragona,Spain,,41.383333,2.183333,D643,,,,,,Diocesan,"issued by Bernardo de Villagranada, archdeacon",sede vacante,,,,Yes,Latin,,"Barcelona, Arxiu Capitular, CT. fols. 192v-193r",,"Synodicon Hispanum 13, 141-143",,,,,CoSyn transcription from SH edition,,,,"Library Scan
Hard Copy Scan",Yes,,Reviewed ,
2168,1244,1244,3,1,,,Barcelona,Barcelona,Tarragona,Spain,,41.383333,2.183333,D643,,,,,,Diocesan,,Pere de Centelles,,1243,1252,,Latin,,"Barcelona, Arxiu Capitular, CT. fols. 192v-193r",,"Synodicon Hispanum 13, 143-151",,,,,CoSyn transcription from SH edition,,,,"Library Scan
Hard Copy Scan",Yes,,Reviewed ,
2169,1244,1244,11,7,,,Barcelona,Barcelona,Tarragona,Spain,,41.383333,2.183333,D643,,,,,,Diocesan,,Pere de Centelles,,1243,1252,,Latin,,"Barcelona, Arxiu Capitular, CT. fols. 187rv",,"Synodicon Hispanum 13, 151-153",,,,,CoSyn transcription from SH edition,,,,"Library Scan
Hard Copy Scan",Yes,,Reviewed ,
2170,1258,1258,2,15,,"Lengthy discussion of dating in SH 13, 154-56",Barcelona,Barcelona,Tarragona,Spain,,41.383333,2.183333,D643,,,,,,Diocesan,,Arnau de Gurb,,1252,1284,,Latin,,"Barcelona, Arxiu Capitular, CT. fols. 187v-192v",,"Synodicon Hispanum 13, 153-166",,,,,CoSyn transcription from SH edition,,,,"Library Scan
Hard Copy Scan",Yes,,Reviewed ,
2171,1291,1291,3,15,,"Contains earlier episcopal statutes, including from 1276 and 1279",Barcelona,Barcelona,Tarragona,Spain,,41.383333,2.183333,D643,,,,,,Diocesan,,Bernat Pelegrí OFM,,1288,1300,,Latin,,"Barcelona, Arxiu Capitular, CT. fols. 193r-198r",,"Synodicon Hispanum 13, 166-178",,,,,CoSyn transcription from SH edition,,,,"Library Scan
Hard Copy Scan",Yes,,Reviewed ,
2172,1301,1300-1301,,,Yes,some of the constitutions issued 25 July 1300; the rest on 18 March 1301,Barcelona,Barcelona,Tarragona,Spain,,41.383333,2.183333,D643,,,,,,Diocesan,"issued by archdeacon and vicar general Hugo de Cardona; those from 1300 issued sede vacante, those of 1301 issued after election of new bishop, but prior to his consecration in 1303",Ponç de Gualba,,1303,1334,Yes,Latin,,,,"Synodicon Hispanum 13, 178-184",,,,,,,,,"Library Scan
Hard Copy Scan",Yes,,Reviewed ,
2173,1323,1323,4,25,,,Barcelona,Barcelona,Tarragona,Spain,,41.383333,2.183333,D643,,,,,,Diocesan,,Ponç de Gualba,,1303,1304,,Latin,,,,"Synodicon Hispanum 13, 220-23",,,,,,,,,"Library Scan
Hard Copy Scan",Yes,,Reviewed ,
2174,1345,1345,8,19,,,Barcelona,Barcelona,Tarragona,Spain,,41.383333,2.183333,D643,,,,,,Diocesan,,Bernat Oliver,,1345,1346,,Latin,,,,"Synodicon Hispanum 13, 235-40",,,,,,,,,"Library Scan
Hard Copy Scan",Yes,c. 4 - rectores to have copy of these constitutions,Reviewed ,
2175,1354,1354,6,6,,,Barcelona,Barcelona,Tarragona,Spain,,41.383333,2.183333,D643,,,,,,Diocesan,Issued by vicar Francesc Ruffach,Miquel de Ricoma,,1346,1361,Yes,Latin,,,,"Synodicon Hispanum 13, 290-299",,,,,,,,,"Library Scan
Hard Copy Scan",Yes,,Reviewed ,
2176,1413,1413,5,10,,,Barcelona,Barcelona,Tarragona,Spain,,41.383333,2.183333,D643,,,,,,Diocesan,,Francisco Climent Sapera,,1410,1415,,Latin,,,,"Synodicon Hispanum 13, 299-303",,,,,,,,,"Library Scan
Hard Copy Scan",Yes,,Reviewed ,
2177,1421,1421,5,10,,,Barcelona,Barcelona,Tarragona,Spain,,41.383333,2.183333,D643,,,,,,Diocesan,,Francisco Climent Sapera,,1419,1429,,Latin,,,,"Synodicon Hispanum 13, 303-8",,,,,,,,,"Library Scan
Hard Copy Scan",Yes,,Reviewed ,
2178,1240,1238x1247,,,Yes,,Lleida,Lleida,Tarragona,Spain,,41.115697,1.249594,D646,,,,,,Diocesan,,Ramón de Siscar,,1238,1247,,Latin,,,,"Synodicon Hispanum 13, 316-30",,,,,,,,,"Library Scan
Hard Copy Scan",Yes,,Reviewed ,
2179,1250,1248x1255,,,Yes,,Lleida,Lleida,Tarragona,Spain,,41.115697,1.249594,D646,,,,,,Diocesan,,Guillermo de Barberá,,1248,1255,,Latin,,,,"Synodicon Hispanum 13, 331-333",,,,,,,,,"Library Scan
Hard Copy Scan",Yes,,Reviewed ,
2180,1270,1257x1282,,,Yes,,Lleida,Lleida,Tarragona,Spain,,41.115697,1.249594,D646,,,,,,Diocesan,,Guillermo de Moncada,,1257,1282,,Latin,,,,"Synodicon HIspanum 13, 333-36",,,,,,,,,"Library Scan
Hard Copy Scan",Yes,,Reviewed ,
2181,1270,1257x1282,,,Yes,,Lleida,Lleida,Tarragona,Spain,,41.115697,1.249594,D646,,,,,,Diocesan,,Guillermo de Moncada,,1257,1282,,Latin,,,,"Synodicon HIspanum 13, 336-338",,,,,,,,,"Library Scan
Hard Copy Scan",Yes,,Reviewed ,
2182,1295,1295,3,6,,,Lleida,Lleida,Tarragona,Spain,,41.115697,1.249594,D646,,,,,,Diocesan,,Geraldo de Andria,,1290,1298,,Latin,,,,"Synodicon HIspanum 13, 338-39",,,,,,,,,"Library Scan
Hard Copy Scan",Yes,,Reviewed ,
2183,1314,1314,4,15,,,Lleida,Lleida,Tarragona,Spain,,41.115697,1.249594,D646,,,,,,Diocesan,,Guillermo de Aranyó,,1314,1321,,Latin,,,,"Synodicon Hispanum 13, 350-54","Villanueva, Viage, XVI, 323-326",,,,,,,,"Library Scan
Hard Copy Scan",Yes,,Reviewed ,
2184,1378,1378,12,16,,,Lleida,Lleida,Tarragona,Spain,,41.115697,1.249594,D646,,,,,,Diocesan,,Romeo de Cescomes,,1362,1380,,Latin,,,,"Synodicon Hispanum 13, 375-78",,,,,,,,,"Library Scan
Hard Copy Scan",Yes,,Reviewed ,
2185,1410,1407x1411,,,Yes,,Lleida,Lleida,Tarragona,Spain,,41.115697,1.249594,D646,,,,,,Diocesan,,Pedro de Cardona,,1407,1411,,Latin,,,,"Synodicon Hispanum 13, 378-83",,,,,,,,,"Library Scan
Hard Copy Scan",Yes,,Reviewed ,
2186,1428,1428,12,,,,Lleida,Lleida,Tarragona,Spain,,41.115697,1.249594,D646,,,,,,Diocesan,,Domingo Ram,,1416,1434,,Latin,,,,"Synodicon Hispanum 13, 383-389",,,,,,,,,"Library Scan
Hard Copy Scan",Yes,,Reviewed ,
2187,1358,1358,5,28,,,Castielfabib,Segorbe-Albarracín ,Zaragoza,Spain,near Valencia,40.130556,-1.30444,D613,,,,,,Diocesan,,Elias de Perigueux,,1356,1362,,Latin,,,,"Synodicon Hispanum 13, 419-422",,,,,,,,,"Library Scan
Hard Copy Scan",Yes,,Reviewed ,
2188,1367,1367,5,21,,,Segorbe,Segorbe-Albarracín ,Zaragoza,Spain,,39.85,-0.483333,D613,,,,,,Diocesan,,Juan Martinez de Barcelona,,1362,1369,,Latin,,,,"Synodicon Hispanum 13, 423-48",,,,,,,,,"Library Scan
Hard Copy Scan",Yes,,Reviewed ,
2189,1417,1417,4,25,,,Segorbe,Segorbe-Albarracín ,Zaragoza,Spain,,39.85,-0.483333,D613,,,,,,Diocesan,,Juan de Tauste,,1410,1427,,Latin,,,,"Synodicon Hispanum 13, 448-50",,,,,,,,,"Library Scan
Hard Copy Scan",Yes,,Reviewed ,
2190,1428,1428,10,18,,,Cartoixa de Valldecrist,Segorbe-Albarracín ,Zaragoza,Spain,,39.840844,-0.50725,D613,,,,,,Diocesan,,Francisco Aguiló y Muñoz,,1428,1437,,Latin,,,,"Synodicon Hispanum 13, 450-55",,,,,,,,,"Library Scan
Hard Copy Scan",Yes,,Reviewed ,
2191,1485,1485,6,7,,,Jérica,Segorbe-Albarracín ,Zaragoza,Spain,,39.9,-0.566667,D613,,,,,,Diocesan,,Bartolomé Martí,,1473,1498,,Latin,,,,"Synodicon Hispanum 13, 456-60",,,,,,,,,"Library Scan
Hard Copy Scan",Yes,,Reviewed ,
2192,1276,1276,10,19,,,La Seu d'Urgell,Urgell,Tarragona,Spain,,42.358,1.456,D641,,,,,,Diocesan,,Pere de Urtx,,1269,1293,,Latin,,,,"Synodicon Hispanum 13, 475-484","Villanueva, Viage, XI, 283-308",,https://books.google.com/books?id=psxM9-Uvjl8C,,,,,,"Library Scan
Hard Copy Scan",Yes,,Reviewed ,
2193,1287,1287,3,22,,,La Seu d'Urgell,Urgell,Tarragona,Spain,,42.358,1.456,D641,,,,,,Diocesan,,Pere de Urtx,,1269,1293,,Latin,,,,"Synodicon Hispanum 13, 484-88",,,,,,,,,"Library Scan
Hard Copy Scan",Yes,,Reviewed ,
2194,1320,1310x1326,,,Yes,,La Seu d'Urgell,Urgell,Tarragona,Spain,,42.358,1.456,D641,,,,,,Diocesan,,Ramon Trebailla,,1310,1326,,Latin,,,,"Synodicon Hispanum 13, 489-501",,,,,,,,,"Library Scan
Hard Copy Scan",Yes,,Reviewed ,
2195,1328,1328,10,19,,,La Seu d'Urgell,Urgell,Tarragona,Spain,,42.358,1.456,D641,,,,,,Diocesan,,Arnaldo de Lordato,,1326,1341,,Latin,,,,"Synodicon Hispanum 13, 502-12",,,,,,,,,"Library Scan
Hard Copy Scan",Yes,,Reviewed ,
2196,1362,1362,6,9,,,La Seu d'Urgell,Urgell,Tarragona,Spain,,42.358,1.456,D641,,,,,,Diocesan,,Guillem Arnau i Palau,,1362,1364,,Latin,,,,"Synodicon Hispanum 13, 512-15",,,,,,,,,"Library Scan
Hard Copy Scan",Yes,,Reviewed ,
2197,1364,1364,4,3,,,La Seu d'Urgell,Urgell,Tarragona,Spain,,42.358,1.456,D641,,,,,,Diocesan,,Guillem Arnau i Palau,,1362,1364,,Latin,,,,"Synodicon Hispanum 13, 515-27",,,,,,,,,"Library Scan
Hard Copy Scan",Yes,,Reviewed ,
2198,1364,1364,,,,,La Seu d'Urgell,Urgell,Tarragona,Spain,,42.358,1.456,D641,,,,,,Compilation (Diocesan),LIber synodalis,Guillem Arnau i Palau,,1362,1364,,Latin,,,,"Synodicon Hispanum 13, 527-599",,,,,,,,,"Library Scan
Hard Copy Scan",Yes,Influenced by Rodez 1289,Reviewed ,
2199,1364,1364,,,,,La Seu d'Urgell,Urgell,Tarragona,Spain,,42.358,1.456,D641,,,,,,Abstract/Abbreviation,"Tabula christianae religionis, seu Libri synodalis abbreviatio",Guillem Arnau i Palau,,1362,1364,,Latin,,,,"Synodicon Hispanum 13, 600-604",,,,,,,,,"Library Scan
Hard Copy Scan",Yes,,Reviewed ,
2200,1450,1400x1499,,,Yes,,La Seu d'Urgell,Urgell,Tarragona,Spain,,42.358,1.456,D641,,,,,,Diocesan,,,,,,,Latin,,,,"Synodicon Hispanum 13, 606-607",,,,,,,,,"Library Scan
Hard Copy Scan",Yes,,Reviewed ,
2201,1324,1324,3,,,,Ivrea,Ivrea,Milan,Italy,,45.466667,7.883333,D116,,,,,,Diocesan,,Uberto di Santo Stefano,Oberto Solaro,1322,1326,,Latin,,"Ivrea, ASD, x/6, HM. 3240302",,"Alfonsi, RIcerche sulle costituzioni sinodali del vescovado di Ivrea (secoli XI-XV), tesi di laurea, Universita' di Torino, Facolta' di Giurisprudenza, 1982 (item 2, pp. 125-132)","Vignono, Visite pastorali, xxix (partial)",,,parchment badly damaged and eaten by mice; copied by notary Guale da Flore sometime before 1337; combined with 1290 synodal statutes,CoSyn Transcription from Alfonsi edition,,,,"Library Scan
Other",Yes,"modifies canon on Eucharist issued by Alberto Gonzaga in 1290; see Andenna, Cura delle anime, 416

Inc. ""In nomine Sancte individue...""; Expl. ""die secundo mensis martii""",Reviewed ,
2202,1395,1395,4,27,,,Ivrea,Ivrea,Milan,Italy,,45.466667,7.883333,D116,,,,,,Diocesan,,Pietro di Conde di Belley,Pietro Codo,1373,1399,,Latin,,"Ivrea, ASD, x/6, HM. 368/479, CC. 1",,"Alfonsi, RIcerche sulle costituzioni sinodali del vescovado di Ivrea (secoli XI-XV), tesi di laurea, Universita' di Torino, Facolta' di Giurisprudenza, 1982. (Doc. 4, pp. 187-212)",,,,nos. XLVIII-LVI,"CoSyn Transcription from Alfonsi edition
",,,,"Library Scan
Other",Yes,"closely related to Bergamo 1311, to which it is markedly more favourable than earlier statutes
Largely recopying of 1358 statutes, albeit with additions (see Andenna, Cura delle anime, 420-22)
Inc. Constitucio provincialis alias publicata. In nomine Domini amen.
Expl. celebrare solucio non debet.",Reviewed ,
2203,1452,1452,5,2,,,Ivrea,Ivrea,Milan,Italy,,45.466667,7.883333,D116,,,,,,Diocesan,,Giovanni di Parella,,1437,1479,,Latin,,"Ivrea, ASD, x/6, HM. 368/479, CC. 1",,"Alfonsi, RIcerche sulle costituzioni sinodali del vescovado di Ivrea (secoli XI-XV), tesi di laurea, Universita' di Torino, Facolta' di Giurisprudenza, 1982. (Doc. 4, pp. 212-22)",,,,"nos. LVII-LXII
",CoSyn Transcription from Alfonsi edition,,,,"Library Scan
Other",Yes,"Inc. ""Infrascripte sunt constituciones nuper edite""
Expl. ""in suo robore duraturis""",Reviewed ,
2204,1461,1461,4,21,,"Drawn up in 1452 but not published until 1461, apparently",Ivrea,Ivrea,Milan,Italy,,45.466667,7.883333,D116,,,,,,Diocesan,,Giovanni di Parella,,1437,1479,,Latin,,"Ivrea, ASD, x/6, HM. 368/479, CC. 1",,"Alfonsi, RIcerche sulle costituzioni sinodali del vescovado di Ivrea (secoli XI-XV), tesi di laurea, Universita' di Torino, Facolta' di Giurisprudenza, 1982. (Doc. 4, pp. 223-24)",,,,nos. LXIII-LXXIIII,CoSyn Transcription from Alfonsi edition,,,,"Library Scan
Other",Yes,"Inc. Anno Domini Millesimo .CCCLII., die .II. mai, 
Expl. episcopum iporegiensem in sinodo.",Reviewed ,
2205,1480,1479x1483,,,Yes,,Ivrea,Ivrea,Milan,Italy,,45.466667,7.883333,D116,,,,,,Diocesan,,Domenico Manfredi,,1479,1483,,Latin,,"Ivrea, ASD, x/6, HM. 368/479, CC. 1",,"Alfonsi, RIcerche sulle costituzioni sinodali del vescovado di Ivrea (secoli XI-XV), tesi di laurea, Universita' di Torino, Facolta' di Giurisprudenza, 1982. (Item 4, pp. 224-27)",,,,nos.LXXV-LXXVII,CoSyn Transcription from Alfonsi edition,,,,"Library Scan
Other",Yes,"Inc. Constituciones edite per reverendum domini dominum Dominicus...
Expl. in artum monasterum distiudendum.",Reviewed ,
2207,1314,1314,,,,,Ivrea,Ivrea,Milan,Italy,,45.466667,7.883333,D116,,,,,,Diocesan,,Alberto Gonzaga OFM,,1289,1321,,Latin,,"Ivrea, ASD, x/6, HM. 3140000",,"Alfonsi, RIcerche sulle costituzioni sinodali del vescovado di Ivrea (secoli XI-XV), tesi di laurea, Universita' di Torino, Facolta' di Giurisprudenza, 1982 (item 2, pp. 116-17)","Vignono, Visite pastorali, xxviii (partial)",,,"Previously Arch. Capit. mazzo V, n. 287
Document is a notarized copy dated 1325",CoSyn Transcription from Alfonsi edition,,,,"Library Scan
Other",Yes,Inc. Millio. CCCXIV. indictione XII; expl. rationabiliter proponenda.,Reviewed ,"Andenna, Episcopato, 347"
2208,1315,1315,4,30,,indiction 12,Ivrea,Ivrea,Milan,Italy,,45.466667,7.883333,D116,,,,,,Diocesan,,Alberto Gonzaga OFM,,1289,1321,,Latin,,"Ivrea, ASD, x/6, HM. 3140000",,"Alfonsi, RIcerche sulle costituzioni sinodali del vescovado di Ivrea (secoli XI-XV), tesi di laurea, Universita' di Torino, Facolta' di Giurisprudenza, 1982 (item 2, pp. 117-18)","Vignono, Visite pastorali, xxviii (partial)",,,"Previously Arch. Capit. mazzo V, n. 287, notarized act dated 14 October 1325",CoSyn Transcription from Alfonsi edition,,,,"Library Scan
Other",Yes,Inc. Millio. CCCXV. die martis ultimo aprilis; expl. dierum de indulgentia.,Reviewed ,"Andenna, Episcopato, 347"
2209,1316,1316,4,26,,,Ivrea,Ivrea,Milan,Italy,,45.466667,7.883333,D116,,,,,,Diocesan,,Alberto Gonzaga OFM,,1289,1321,,Latin,,"Ivrea, ASD, x/6, HM. 3140000",,"Alfonsi, RIcerche sulle costituzioni sinodali del vescovado di Ivrea (secoli XI-XV), tesi di laurea, Universita' di Torino, Facolta' di Giurisprudenza, 1982 (item 2, pp. 118-20)","Vignono, Visite pastorali, xxviii-xxix (partial)",,,"Previously Arch. Capit. mazzo V, n. 287; notarized act dated 14 October 1325",CoSyn Transcription from Alfonsi edition,,,,"Library Scan
Other",Yes,Inc. In nomine Domini Amen. Anno Domini Millio. CCCXVI.; expl. in talibus iura iusserunt suadere.,Reviewed ,
2210,1320,1320,7,9,,,Bergen,Bergen,Nidaros,Norway,,60.389444,5.33,P052,,,,,,Provincial,,Eiliv,Eilif,1311,1332,,Old Norse,with brief excerpts in Latin,,,"Norges gamle love III, pp248-49",,https://books.google.com/books?id=f6lFAAAAcAAJ,,,,,,,"GoogleBooks
WebDownload",,,Reviewed ,
2211,1320,1320 (ca.),,,Yes,,Bergen,Bergen,Nidaros,Norway,,60.389444,5.33,P052,,,,,,Provincial,,Eiliv,Eilif,1311,1332,,Old Norse,with brief excerpts in Latin,,,"Norges gamle love III, pp249-68",,https://books.google.com/books?id=f6lFAAAAcAAJ,,,,,,,"GoogleBooks
WebDownload",,,Reviewed ,
2212,1291,1291,2,4,,,Liège ,Liège,Cologne,Belgium,,50.633333,5.566667,D539,,,,,,Other,Moderationes to 1288 statutes,Jean de Flandre,,1282,1292,,Latin,,,,"Avril, ed., 1288 Statuts , 194-98","RecOrdProvLiege I, 122-125",,,,,,,,Hard Copy Scan,Yes,"
",Reviewed ,
2213,1298,1298,,,,,Novara,Novara,Milan,Italy,,45.45,8.61667,D166,,,,,,Diocesan,First Part (Instructiones et Monitiones),Papiniano della Rovere,,1296,1300,,Latin,,,,"Novara 1298, ed Briacca, pp169-213",,,,,,,,,Hard Copy Scan,,"First Part (Instructiones et Monitiones)

Liber synodalis of Papiniano della Rovere, Bishop of Novara – issued in 1298 (following celebration of a synod), two years into his episcopate (p36); he had been born in Turin, and was later named bishop of Parma in 1300

-Papiniano was himself closely tied to papacy, having served as a chaplain and “uditore del Palazzo apostolico” [p41] at the request of Boniface VIII [Registres de Boniface VIII, I, n. 914, coll 319-20]

-Novara was under jurisdiction of Milan, but the work shows few traces of the council held at Milan in 1291 [pp. 36-37]

-work is strongly influenced by Guillaume Durand’s statutes (p. 67); follows structure of instructiones et monitiones and then constitutiones (this seems to have been the southern French model, as opposed to Odo of Sully’s, which was pervasive in the North; see Guizard, l’Oeuvre canonique de Guillaume Durand, in XXXIXme Congrès Mende 1955, Montpellier 1955)

-shows itself to be strongly inspired by Bonifician conception of centralized authority [p82]

-Helmrath, Partikularsynoden, 160: 1298 Novara Diocesan Statutes (issued by Bishop Papinianus della Rovere) contained material from Gratian, the Liber Extra, the Synodalbook of William Durandus, the 1252 Statutes of Nimes, a Cologne Synod, the joint 1289 statutes of Cahors, Rodez and Tulle, and other statutes of Novara itself from 1257 and 1277. (cites Briacca, Statuti sinodali, 169-279)
",Reviewed ,"Briacca, Papiniano della Rovere, Contributi ad una biografia, in Raccolta di Studi in memoria di Giovanni Soranzo, I, Milan 1968, pp60-128, at pp113-14"
2214,1298,1298,,,,,Novara,Novara,Milan,Italy,,45.45,8.61667,D166,,,,,,Diocesan,Third Part (Appendix),Papiniano della Rovere,,1296,1300,,Latin,,,,"Novara 1298, ed Briacca, pp272-279",,,,,,,,,Hard Copy Scan,,"Third Part (Appendix), added after the synod

Liber synodalis of Papiniano della Rovere, Bishop of Novara – issued in 1298 (following celebration of a synod), two years into his episcopate (p36); he had been born in Turin, and was later named bishop of Parma in 1300

-Papiniano was himself closely tied to papacy, having served as a chaplain and “uditore del Palazzo apostolico” [p41] at the request of Boniface VIII [Registres de Boniface VIII, I, n. 914, coll 319-20]

-Novara was under jurisdiction of Milan, but the work shows few traces of the council held at Milan in 1291 [pp. 36-37]

-work is strongly influenced by Guillaume Durand’s statutes (p. 67); follows structure of instructiones et monitiones and then constitutiones (this seems to have been the southern French model, as opposed to Odo of Sully’s, which was pervasive in the North; see Guizard, l’Oeuvre canonique de Guillaume Durand, in XXXIXme Congrès Mende 1955, Montpellier 1955)

-shows itself to be strongly inspired by Bonifician conception of centralized authority [p82]

-Helmrath, Partikularsynoden, 160: 1298 Novara Diocesan Statutes (issued by Bishop Papinianus della Rovere) contained material from Gratian, the Liber Extra, the Synodalbook of William Durandus, the 1252 Statutes of Nimes, a Cologne Synod, the joint 1289 statutes of Cahors, Rodez and Tulle, and other statutes of Novara itself from 1257 and 1277. (cites Briacca, Statuti sinodali, 169-279)
",Reviewed ,"Briacca, Papiniano della Rovere, Contributi ad una biografia, in Raccolta di Studi in memoria di Giovanni Soranzo, I, Milan 1968, pp60-128, at pp113-14"
2215,1311,1311,,,,,Florence,Florence,[Holy See],Italy,,43.771667,11.253611,D096,,,,,,Other,"Episcopal sentences, not given in synod",Antonio d'Orso Biliotti,,1309,1321,,Latin,,,,"Trexler, Synodal Law, 293-96",,,,,,,,,"Library Scan
Hard Copy Scan",Yes,,Reviewed ,
2216,1400,1394x1409,,,Yes,dating based on placement in MS; perhaps a continuation of those of 1394?,Geneva,Geneva,Vienne,Switzerland,,46.2,6.15,D465,,,,,,Diocesan,,Guillaume de Lornay,,1388,1408,,Latin,,"Geneva, AE, MS hist 47, f°167r-168r",,,,,,,,,,,Digital MS,,,Reviewed ,
2217,1338,1338,4,8,,,Trier,Trier,Trier,Germany,,49.7596,6.6439,P083,,,,,,Provincial,,Baldwin of Luxembourg,,1307,1354,,Latin,,,,"Blattau, Statuta synodalia, I, 164-66",,https://books.google.com/books?id=dow-AAAAcAAJ,,,,,,,"GoogleBooks
WebDownload",Yes,statute concerning monastic reform,Reviewed ,
2219,1353,1353,10,18,,,Prague,Prague,Prague,Czech Republic,,50.087136,14.420672,D562,,,,,,Abstract/Abbreviation,Mandatum Archidiaconi ad Statuta Synodalia ; Appendix to 1353 Summary of 1349 Statutes,Ernest of Pardubice,Arnošt z Pardubic,1343,1364,,Latin,,,,"Polc, Prazske Synody, 168-74",,,,,,,,,Hard Copy Scan,Yes,,Reviewed ,
2220,1385,1385 (?),6,16,Yes,date/year uncertain,Prague,Prague,Prague,Czech Republic,,50.087136,14.420672,D562,,,,,,Diocesan,,Johann II. von Jenstein,Jan z Jenštejna,1379,1396,,Latin,,,,"Polc, Prazske Synody, 228-29",,,,,,,,Yes,Hard Copy Scan,Yes,,Reviewed ,
2221,1386,1386/1387,,,Yes,,Prague,Prague,Prague,Czech Republic,,50.087136,14.420672,D562,,,,,,Diocesan,,Johann II. von Jenstein,Jan z Jenštejna,1379,1396,,Latin,,,,"Polc, Prazske Synody 234-37",,,,"Two different redactions printed alongside each other; transcription here follows the Fas textual tradition, with additions from IPS",,,,,Hard Copy Scan,Yes,,Reviewed ,
2222,1410,1408x1411,,,Yes,,Prague,Prague,Prague,Czech Republic,,50.087136,14.420672,D562,,,,,,Diocesan,,Zbynek von Hasenburg,Zbyněk Zajíc z Hasenburka,1403,1411,,Latin,,,,"Polc, Prazske Synody, 303",,,,,,,,,Hard Copy Scan,Yes,,Reviewed ,
2226,1209,1209 (ca),,,Yes,"dating uncertain (Johanek gives ca. 1203/05, reworked until sometime before 1215; Pixton gives 1209, given that Siegfried held a provincial synod that yer)",Mainz,Mainz,Mainz,Germany,,49.98,8.2791,P043,,,,,,Provincial,,Siegfried II. von Eppstein,,1200,1230,,Latin,,"Innsbruck, ULB Tirol, Cod. 16, f. 1r",,"Johanek, Pariser Statuten, 345-47",,,,,CoSyn Transcription from Johanek edition,,,,"GoogleBooks
Digital MS",,"Inc. Ex synodo magontino. Precipimus omnibus episcopis per provintiam maguntinam...

Johanek notes that these were heavily influenced by statutes of Eudes de Sully, and then reworked over time (down to the Fritzlar statutes of 1244)",Reviewed ,
2229,1261,1261,3,12,,,Cologne,Cologne,Cologne,Germany,,50.94257,6.958976,D538,,,,,,Diocesan,,Konrad von Hochstaden,,1238,1261,,Latin,,"Brussels, KBR, MS 2804, fols 12v-15v",,"Wolter, Synodalstatuten, 88-94, no. 3","Hartzheim III, 594-96; Mansi 23, cols 1011-30",https://books.google.com/books?id=-d5KAAAAcAAJ,https://books.google.com/books?id=CSdPAAAAYAAJ,,,,,,"GoogleBooks
Data Capture",,"synod issued two sets of legislation, the second concerning ""De monachis et eorum conversatione et vita""",Reviewed ,
2230,1266,1266,,,,in late November or early December,Magdeburg,Magdeburg,Magdeburg,Germany,,52.133333,11.616667,P042,D578,,,,,Legatine,Guido was papal legate,Guido di San Lorenzo in Lucina,Guy de Bourgogne,,,,Latin,,,,"Hartzheim III, 802-5","Mansi 24, col. 773-776",https://books.google.com/books?id=-d5KAAAAcAAJ,https://books.google.com/books?id=lOJVAAAAcAAJ,,,,,,"GoogleBooks
Data Capture",,"Exceptionally influential, as noted by Johanek, Synodalia, ch. 3",Reviewed ,
2231,1318,1318,10,16,,,Münster,Münster,Cologne,Germany,,51.962944,7.628694,D541,,,,,,Diocesan,,Ludwig II,,1310,1357,,Latin,,,,"Westfaelisches Urkundenbuch, VIII, p. 467-468, nr. 1287","Hartzheim IV, 254-56; Niesert, Beiträge zu einem Münsterischen Urkundenbuche, 1, 1, 43-47 (no. 8)",,https://books.google.com/books?id=M99KAAAAcAAJ,,,,,,"GoogleBooks
Data Capture",,,Reviewed ,
2245,1261,1261,6,21,,"""Datum ad sanctum Ypolitum in die sancti Rudberti episcopi"" (feast day of St Rupert was celebrated March 27, until 17th-c); Johanek (Synodalia, Bd 3) dates these to June 21, based on examination of five surviving manuscripts (only 3 of them complete).",Sankt Pölten ,Passau,Salzburg,Germany,,48.2,15.625,D570,,,,,,Diocesan,,Otto von Lonsdorf,,1254,1265,,Latin,,,,"Schmid, Kirchliche Verordnungen, 454-463",,,,"survives in 'Institutiones' sent to abbot of Garsten, containing text of recently published constitutions",Numbering added based mainly on paragraph formatting in edition.,,,,WebDownload,,,Reviewed ,
2256,1350,1341x1361,,,Yes,,Digne,Digne,Embrun,France,,44.093333,6.236389,D388,,,,,,Diocesan,,Jean Peisson,,1341,1361,,Latin,,"Digne-les-Bains, Arch dép des Alpes-de-Haute-Provence, 1 G 1 [=G 1], fol. XLVIrv","Digne-les-Bains, Arch dép des Alpes-de-Haute-Provence, 1 G 467, fol. XLVIrv",,,,, [IRHT MF 07960]/ MF 07207,"Transcription of 1 G 001 checked against 1 G 467, a diplomatic transcription made by Canon Bondil of Digne (1790-1870)",,,,Digital MS,,,Reviewed ,"Kay, ""Hostiensis and some Provincial Councils of Embrun"", for discussion of MSS"
2257,1356,1356,,,,,Digne,Digne,Embrun,France,,44.093333,6.236389,D388,,,,,,Diocesan,,Jean Peisson,,1341,1361,,Latin,,"Digne-les-Bains, Arch dép des Alpes-de-Haute-Provence, 1 G 1 [=G 1], fol. XLVIIrv","Digne-les-Bains, Arch dép des Alpes-de-Haute-Provence, 1 G 467, fol. XLVIIrv",,,,, [IRHT MF 07960]/ MF 07207,"Transcription of 1 G 001 checked against 1 G 467, a diplomatic transcription made by Canon Bondil of Digne (1790-1870)",,,,Digital MS,,,Reviewed ,"Kay, ""Hostiensis and some Provincial Councils of Embrun"", for discussion of MSS"
2258,1356,1356,,,,,Digne,Digne,Embrun,France,,44.093333,6.236389,D388,,,,,,Diocesan,,Jean Peisson,,1341,1361,,Latin,,"Digne-les-Bains, Arch dép des Alpes-de-Haute-Provence, 1 G 1 [=G 1], fol. XLVIIv-XLVIII","Digne-les-Bains, Arch dép des Alpes-de-Haute-Provence, 1 G 467, fol. XLVIIv-XLVIII",,,,, [IRHT MF 07960]/ MF 07207,"Transcription of 1 G 001 checked against 1 G 467, a diplomatic transcription made by Canon Bondil of Digne (1790-1870)",,,,Digital MS,,,Reviewed ,"Kay, ""Hostiensis and some Provincial Councils of Embrun"", for discussion of MSS"
2259,1359,1359,,,,,Digne,Digne,Embrun,France,,44.093333,6.236389,D388,,,,,,Diocesan,,Jean Peisson,,1341,1361,,Latin,,"Digne-les-Bains, Arch dép des Alpes-de-Haute-Provence, 1 G 1 [=G 1], fol. XLVIII-XLIXv","Digne-les-Bains, Arch dép des Alpes-de-Haute-Provence, 1 G 467, fol. XLVIII-XLIXv",,,,, [IRHT MF 07960]/ MF 07207,"Transcription of 1 G 001 checked against 1 G 467, a diplomatic transcription made by Canon Bondil of Digne (1790-1870)",,,,Digital MS,,,Reviewed ,"Kay, ""Hostiensis and some Provincial Councils of Embrun"", for discussion of MSS"
2260,1362,1362,10,21,,"AB died September 15; statutes were supposed to be issued at a synod to be held on October 2, but were instead published later that month",Cologne,Cologne,Cologne,Germany,,50.94257,6.958976,D538,,,,,,Diocesan,,Wilhelm von Gennep,,1349,1362,,Latin,,,,"Wolter, Synodalstatuten, 545-549, no. 111","Hartzheim IV, 494-496; REK VI, 441-42, no. 1538 (summary)",https://books.google.com/books?id=kbNumdYKdrkC,,,CoSyn transcription from Hartzheim edition,,,,Data Capture,,,Reviewed ,"Lepper, Unbekannte, 339-56."
2261,1372,1372,8,26,,,Cologne,Cologne,Cologne,Germany,,50.94257,6.958976,D538,,,,,,Other,Tenor Privilegiorum Cleri Coloniensi,Friedrich von Saarwerden,,1370,1414,,Latin,,,,"Wolter, Synodalstatuten, 622-626, no. 140","Hartzheim IV, 508-510; REK VIII, no. 712 (Summary)",https://books.google.com/books?id=kbNumdYKdrkC,,,CoSyn transcription from Hartzheim,,,,Data Capture,,,Reviewed ,
2264,1340,1340,2,24,,includes a statute of 1335,Portogruaro,Concordia,Aquileia,Italy,,45.783333,12.833333,D081,,,,,,Diocesan,,Guido Guizzi,Guido de' Guisi,1334,1347,,Latin,,"Pordenone, Archivio storico diocesano, Codice della catena, f. 27v-29v",,,,,,"MS contains earlier statutes of Alberto da Colle, Fulcherio di Zuccola and Uberto da Cesena, along with provincial constitutions of Patriarch Bertrando di Saint-Geniès of Aquileia and additions from a 1335 synod; these were all gathered together into a single volume (the current 'Codice della catena') at Guizzi's initiative",Transcription by Edward Loss,,,,Digital MS,,,Reviewed ,"See GIanni, Vita ed organizzazione"
2265,1265,1257x1268,,,,,Concordia,Concordia,Aquileia,Italy,,45.766667,12.85,D081,,,,,,Diocesan,,Alberto da Colle ,,1257,1268,Yes,Latin,,"Pordenone, Archivio storico diocesano, Codice della catena, f. 12r-14r",,,,,,,Transcription by Edward Loss,,,,Digital MS,,"Derived from provincial canons of Gregorio da Montelongo (1251x1269), Patriarch of Aquileia, which drew heavily on Lyon I
Text survives via the reconfirmation by Bp Fulcherio di Zuccolo in December 1275 (through his vicar general Leone) ",Reviewed ,"See GIanni, Vita ed organizzazione ; and Gianni, Difficile episcopato, 12"
2266,1284,1284,8,4,,,Portogruaro,Concordia,Aquileia,Italy,,45.783333,12.833333,D081,,,,,,Diocesan,,Fulcherio di Zuccola ,,1268,1293,,Latin,,"Pordenone, Archivio storico diocesano, Codice della catena, f. 14v-16r",,,,,,,Transcription by Edward Loss,,,,Digital MS,,"Partly a local reissue of 1282 provincial canons of Raimondo Della Torre, Patriarch of Aquileia concerning clerical discipline, which themselves drew heavily on constitutions issued by Cardinal Latino Malabranca; otherwise reissuing canons of RDT that survive in 1338 Aquileia compilation

Subsequently confirmed by Giacomo di Medea (1293x1317)

last article requires every abbots, priors, abbesses, provosts, archdeacons, deacons and priests to have copies of the constitutions and to read them out verbatim twice annually",Reviewed ,"See GIanni, Vita ed organizzazione"
2267,1334,1334,1,31,,,Portogruaro,Concordia,Aquileia,Italy,lecte et publicate...in Ecclesia Sancti Andree de Portogr',45.783333,12.833333,D081,,,,,,Diocesan,,Uberto da Cesena ,,1333,1334,,Latin,,"Pordenone, Archivio storico diocesano, Codice della catena, f. 16v-19v",,,,,,,Transcription by Edward Loss,,,,Digital MS,,Final chapter makes provision for clerical possession of copies/reading out of statutes,Reviewed ,"See GIanni, Vita ed organizzazione"
2268,1314,1314,7,8,,,Valladolid,Palencia,[Spain],Spain,,41.633333,-4.716667,R008,,,,,,Other,,,,,,,Latin,,,,"Fita y Colome, Actas ineditas, 172-175",,,,,,,,,GoogleBooks,,,Reviewed ,
2271,1325,1325,5,15,,,Spoleto,Spoleto,[Holy See],Italy,,42.733333,12.733333,D221,,,,,,Compilation (Diocesan),LIber synodalis,Bartolomeo Bardi OESA,,1320,1349,,Latin,,"Rome, Biblioteca Casanatense, Ms. 774, ff. 3r-67v ",,,,,,,Transcription by Edward Loss,,,,Digital MS,,"Bartolomeo Bardi was an Augustinian, member of the Bardi family of Florentine bankers (son of Gualtierotto and Pietralena Villani)
Papacy took Spoleto in 1324, making it subject to control of Perugia
Ch. 2 makes provision for individual copies of the text to be acquired within two months; this MS would seem to be an example of one.",Reviewed ,
2274,1396,1396,3,1,,,Lüneburg,Verden,Mainz,Germany,,53.2525,10.414444,D559,,,,,,Diocesan,,Dietrich von Niem,Theodoricus de Niem,1395,1403,,Latin,,,,"Lüneburger Urkundenbuch, 7/2 (1860) 511-513",,,,,,,,,Hard Copy Scan,,,Reviewed ,
2279,1240,1200x1299,,,Yes,"Statutes issued from various bishops of Norwich and later gathered together; One of the statutes (c. 4) was certainly issued by William Raleigh, two others were issued by Raleigh or a late 13th-c successor, while one (c. 3) may be from earlier",Norwich,Norwich,Canterbury,England,,52.631944,1.3011111,D302,,,,,,Compilation (Diocesan),,William Raleigh,William de Raley,1239,1244,,Latin,,,,"Powicke & Cheney I, 362-364",,,,Printed as appendix to 1240x1243 statutes of Norwich,"
",,,,Data Capture,,,Reviewed ,
2281,1260,1260,,,,,Santiago,Santiago,Santiago,Spain,,42.880447,-8.546303,P069,,,,,,Provincial,,Juan Arias,,1238,1266,,Latin,,"Zamora, ACZ, Tumbo Blanco, f. 191rv",,"Justo Fernandez, Concilios compostelanos medievales, 324-326",,,,Alternate version given at pp. 319-323,CoSyn Transcription from Justo Fernandez edition,,,,Hard Copy Scan,Yes,,Reviewed ,
2282,1328,1328,2,22,,,Bonn,Cologne,Cologne,Germany,,50.733889,7.099722,D538,,,,,,Diocesan,,Heinrich von Virneburg,,1306,1332,,Latin,,,,"Wolter, Synodalstatuten, 315-319, no. 30","Janssen, Synodalstatuten, S. 134-137",,,,,,,,"Library Scan
Hard Copy Scan",Yes,,Reviewed ,
2283,1328,1328,10,3,,,Bonn,Cologne,Cologne,Germany,,50.733889,7.099722,D538,,,,,,Diocesan,,Heinrich von Virneburg,,1306,1332,,Latin,,"Seville, Bibl. Colombina, Ms. 5.4.2, ff. 48v-50r",,"Wolter, Synodalstatuten, 321-324, no. 32","Janssen, Unbekannte, 138-139 (partial)",,,,,,,,"Library Scan
Hard Copy Scan
Digital MS",,,Reviewed ,
2284,1329,1329,10,2,,,Bonn,Cologne,Cologne,Germany,,50.733889,7.099722,D538,,,,,,Diocesan,,Heinrich von Virneburg,,1306,1332,,Latin,,,,"Wolter, Synodalstatuten, 330-334, no. 34","Janssen, Unbekannte, 143-146 (partial)",,,,,,,,"Library Scan
Hard Copy Scan
Digital MS",,,Reviewed ,
2285,1336,1336,2,25,,Misdated Sept 21 in Janssen edition,Lechenich,Cologne,Cologne,Germany,,50.8,6.766667,D538,,,,,,Diocesan,"Episcopal mandate, issued to secular and regular clergy",Walram von Jülich,,1332,1349,,Latin,,,,"Wolter, Synodalstatuten, 382-384, no. 49","Janssen, Synodalstatuten, S. 148-150",,,,,,,,"Library Scan
Hard Copy Scan",Yes,,Reviewed ,
2286,1336,1336,9,21,,,Lechenich,Cologne,Cologne,Germany,,50.8,6.766667,D538,,,,,,Diocesan,,Walram von Jülich,,1332,1349,,Latin,,,,"Wolter, Synodalstatuten, 387-389, no. 51","Janssen, Synodalstatuten, S. 151-52",,,,,,,,"Library Scan
Hard Copy Scan",Yes,Concerning the holding of synods,Reviewed ,
2287,1355,1352x1355,,,Yes,,Drogheda,Armagh,Armagh,Ireland,,53.713889,-6.350278,P007,,,,,,Provincial,,Richard Fitzralph,,1346,1360,,Latin,,,,"Records of Convocation 16, pp205-16",,,,,,,,Yes,"Library Scan
Hard Copy Scan",,"These survive in 1411 compilation of Nicholas Fleming
",Reviewed ,
2288,1370,1361x1380,,,Yes,,Drogheda,Armagh,Armagh,Ireland,,53.713889,-6.350278,P007,,,,,,Provincial,,Milo Sweteman,,1361,1380,,Latin,,,,"Records of Convocation 16, pp205-16",,,,,,,,,"Library Scan
Hard Copy Scan",,These survive in 1411 compilation of Nicholas Fleming,Reviewed ,
2289,1385,1381x1389,,,,"Colton not consecrated as bishop until 1383, though he administered the see from 1381 (or perhaps 1380)",Drogheda,Armagh,Armagh,Ireland,,53.713889,-6.350278,P007,,,,,,Provincial,,John Colton,,1381,1404,,Latin,,,,"Records of Convocation 16, pp205-16",,,,,,,,,"Library Scan
Hard Copy Scan",,"These survive in 1411 compilation of Nicholas Fleming
",Reviewed ,
2292,1336,1336,3,26,,,Siena,Siena,[Holy See],Italy,Elevated to archdiocese in 1459,43.318611,11.330556,D216,,,,,,Compilation (Diocesan),,Donosdeo di Bartolomeo Malavolti,,1317,1350,,Latin,,"Siena, Archivio arcivescovile, cod. 1, f. 1-21r",,"Ricchioni, Costituzioni del vescovado senese del 1336, 100-167 (partial edition)",,https://books.google.com/books?id=sSkZAAAAYAAJ,,,Mario Ascheri is apparently working on a transcription with Antonella Cantarella,,,,"Library Scan
Hard Copy Scan",,"133 chapters

-chapters on usury apparently issued by Bp Rainaldo di Uguccione Malavolti (1282-1307)",Reviewed ,"Franco, Episcopal legislation (with extracts)"
2293,1297,1297,,,,,Siena,Siena,[Holy See],Italy,Elevated to archdiocese in 1459,43.318611,11.330556,D216,,,,,,Diocesan,,Ruggiero,,,,,Latin,,"Siena, Archivio arcivescovile, cod. 1, f. 1-21r",,"Zdekauer, Statuti criminali, 231-256",,https://books.google.com/books?id=BHIkAQAAIAAJ,,,CoSyn transcription from Zdekauer edition,,,,"Library Scan
Hard Copy Scan",Yes,"Communal docs concerning the approval of the 1297 statutes, in ASS Consiglio Generale, 51, f. 88-90 (11 April 1297)",Reviewed ,
2294,1440,1440,,,,,Naples,Naples,Naples,Italy,,40.845,14.258333,D156,,,,,,Diocesan,,Gaspare de Diano,,1438,1451,,Latin,,,,"Oliva, Rituum Archiepiscopalis et Metropolitanae Ecclesiae Neapolitanae (Venice 1542), f 79v-81v","Constitutiones sinodales confirmatae per Alexandrum Carrafum... (Naples, 1489) - only known copy at Paris, BibSGen",https://books.google.com/books?id=me65xDlaOLEC,,No known MS copies,,,,,"GoogleBooks
WebDownload",,Gaspare added cc. 65-66 to the existing corpus of c. 1330.,Reviewed ,"Dovere, Governo del clero, 349-60"
2296,1350,1350 (ca?),,,Yes,"Wilkins prints these in tandem with 1311 provincial constitutions of William Greenfield, but they must postdate them since they include numerous Clementine constitutions; references to Pupilla oculi might seem to imply post-1384 dating, but some other versions referred to Speculum praelatorum, which Boyle dated to 1320x1322",York (?),York,York,England,Place unknown,53.958333,-1.080278,P091,,,,,,Other,List of sentences of excommunication,,,,,,Latin,,,,"Wilkins II, 413-415",,https://books.google.com/books?id=FRtUAAAAcAAJ,,,,,,,Data Capture,,List of excommunications,Reviewed ,
2297,1320,1320,10,2,,,Kraków,Kraków,Gniezno,Poland,,50.066667,19.933333,D593,,,,,,Diocesan,,Nanker Kolda,,1320,1326,,Latin,,,,"Filajek, Najstarsze Statuty Synodalne, 1-64","Heyzmann, Statuta synodalia, 3-31",,,,,,,,,,"Nanker studied canon law at Bologna from 1305-1307
Text shows influence of Mende statutes (as discovered by Szilvia Somogyi)",Reviewed ,
2298,1330,1330/1333,2,,,6 idus Martii (either 1330 or 1333),Kraków,Kraków,Gniezno,Poland,,50.066667,19.933333,D593,,,,,,Other,"Janislai Archiepiscopi Gnesnensis constitucio, constitucionem quamdam Nankeri Episcopi statutis synodalibus contentam temperans,",Janisław I,,1317,1341,,Latin,,,,"Heyzmann, Statuta synodalia, 32",,,,,,,,,Hard Copy Scan,,,Reviewed ,
2299,1331,1331,,,,,Kraków,Kraków,Gniezno,Poland,,50.066667,19.933333,D593,,,,,,Diocesan,,Jan Grot,Jan Grotowic,1326,1347,,Latin,,,,"Heyzmann, Statuta synodalia, 33-44",,,,,,,,,Hard Copy Scan,,,Reviewed ,
2300,1373,1373,,,,,Kraków,Kraków,Gniezno,Poland,,50.066667,19.933333,D593,,,,,,Diocesan,,Florian of Mokrsko,,1367,1380,,Latin,,,,"Heyzmann, Statuta synodalia, 47-50",,,,,,,,,Hard Copy Scan,,,Reviewed ,
2301,1396,1396,,,,,Kraków,Kraków,Gniezno,Poland,,50.066667,19.933333,D593,,,,,,Diocesan,,Piotr Wysz,,1392,1412,,Latin,,,,"Heyzmann, Statuta synodalia, 53-59",,,,,,,,,Hard Copy Scan,,Wysz was a trained canonist,Reviewed ,
2305,1308,1308,,,,,Minden,Minden,Cologne,Germany,,52.283333,8.916667,D540,,,,,,Diocesan,,Gottfried von Waldeck,Godfrey of Waldeck,1304,1324,,Latin,,,,"Westfaelisches Urkundenbuch, X, p. 87, Nr. 235","Lünig, Das Teutsche Reichs-Archiv, 21 (Leipzig 1721), Appendix, 52; Hartzheim, Concilia Germaniae, IV, 591-593 (from Lunig)",,https://books.google.com/books?id=kbNumdYKdrkC,,,,,,GoogleBooks,Yes,"almost identical to 1304 statutes, but with addition of two further statutes
drawing on Lyons II and the legatine statutes of Boccamazza for Wurzburg. ",Reviewed ,
2306,1304,1304,10,7,,,Minden,Minden,Cologne,Germany,,52.283333,8.916667,D540,,,,,,Diocesan,,Gottfried von Waldeck,Godfrey of Waldeck,1304,1324,,Latin,,,,"Westfaelisches Urkundenbuch, X, p. 36-37, Nr. 114","Würdtwein, Subsidia diplomatica X, S. 51-53",,https://books.google.com/books?id=Zr1JAAAAcAAJ,,,,,,"GoogleBooks
Hard Copy Scan",Yes,"repromulgated almost verbatim in 1308, but with addition of anti-usury statutes
drawing on Lyons II and the legatine statutes of Boccamazza for Wurzburg",Reviewed ,
2313,1325,1325/27,,,,,Split,Split,Split,Croatia,Spalato/Spalatum,43.51,16.45,P074,,,,,,Provincial,,Balianus,,1266,1294,,Latin,,,,"Farlati, Illyrici Sacri, III, 412-422",,https://books.google.hr/books?id=ytNhAAAAcAAJ,,Several lacunae in MS used for Farlati edition,,,,,Data Capture,,"51 constitutions, many derived directly from Liber Extra and Liber Sextus",Reviewed ,
2316,1332,1332,6,28,,,Tarazona,Tarazona,Zaragoza,Spain,,41.904444,-1.7225,D651,,,,,,Diocesan,,Beltrán de Cornidella,,1324,1343,,Latin,,"Washington D.C., Library of Congress, LAW MS Z1 (previously Les Enluminures, TM 799) fols. 129r-145v",,"Synodicon Hispanum 14, 229-241",,,,https://lccn.loc.gov/2023298427; https://www.textmanuscripts.com/medieval/medieval-synodal-constitution-manuscript-79757,"SynHis edition missing about a dozen constitutions (betweeen prologue and chapter on baptism), though these survive in the MS itself and should be added to transcription later",,,Yes,Digital MS,,,Reviewed ,
2317,1354,1354,,,,,Tarazona,Tarazona,Zaragoza,Spain,,41.904444,-1.7225,D651,,,,,,Compilation (Diocesan),issued by vicars Domingo Fernandez de Anion and Francisco Escuer,Pedro Pérez Calvillo,,1354,1391,Yes,Latin,,"Washington D.C., Library of Congress, LAW MS Z1 (previously Les Enluminures, TM 799),  fols. 145v-225r",,"Synodicon Hispanum 14, 242-352",,,,https://lccn.loc.gov/2023298427; https://www.textmanuscripts.com/medieval/medieval-synodal-constitution-manuscript-79757,"CoSyn transcription from SH edition; SynHis edition relies partly on Urgell text, due to the inaccessibility of several folios of the Tarazona MS when edition was being prepared.",,,,Digital MS,,"Follows almost exactly the 1289 Synodal Compilation of Rodez, even where provisions (or references to anterior legislation) do not align with local tradition

According to final clause, 'ipse constitutiones semel in anno perfecte in synodo perlegantur' - though that would take an extraordinarily long time (ca. 4 hours).",Reviewed ,
2318,1392,1392,4,28,,,Tarazona,Tarazona,Zaragoza,Spain,,41.904444,-1.7225,D651,,,,,,Diocesan,Issued by vicars general Pascasio Garlon and Julian de Lobera,Fernando Pérez Calvillo,,1391,1404,Yes,Latin,,"Washington D.C., Library of Congress, LAW MS Z1 (previously Les Enluminures, TM 799), fols. 225r-230v",,"Synodicon Hispanum 14, 352-360","Cuella Esteban, 'Sinodos medievales aragoneses,' 25-33",,,https://lccn.loc.gov/2023298427; https://www.textmanuscripts.com/medieval/medieval-synodal-constitution-manuscript-79757,CoSyn transcription from SH edition,,,,,,"c. 8: lengthy constitution on intermixing/cohabitation of Jews, Muslims, and Christians (pursuant to 1388 legatine council)
c. 9: Christians not to eat meat that Jews have rejected",Reviewed ,
2319,1190,1190,2,11,,"Mansi gives two councils, but they belong to the same one",Rouen,Rouen,Rouen,France,,49.443889,1.103333,P065,,,,,,Provincial,,Gauthier de Coutances,,,,,Latin,,,,"Bessin, APER, I, 94-98","Mansi 22, 581 & 589",https://books.google.com/books?id=ZtJEAAAAcAAJ,https://gallica.bnf.fr/ark:/12148/bpt6k51606z/,,,,,,Data Capture,,"draws on four canons of LatIII, as well as many earlier councils ",Reviewed ,"Pontal, Conciles, 360-62"
2321,1214,1214,6,25,,,Bordeaux,Bordeaux,Bordeaux,France,,44.837912,-0.579541,P014,,,,,,Legatine,,Robert de Courcon,,,,,Latin,,,,"Rymer, Foedera (1816 ed), I/1, p. 122",,https://babel.hathitrust.org/cgi/pt?id=umn.31951002098035k;view=2up;seq=260;size=300,,,,,,,Hard Copy Scan,Yes,"
",Reviewed ,
2322,1411,1411,5,26,,,Riesenburg  (?),Pomesania,Riga,Poland,,53.755833,19.1975,D591,,,,,,Diocesan,,Johann Rymann,,,,,Latin,,,,"Hipler, Pomesanischen Diocesansynoden, 50-55",,https://dlibra.bibliotekaelblaska.pl/dlibra/publication/33658/edition/32138/content,,,,,,,,Yes,,Reviewed ,
2323,1427,1427,,,Yes,,Kaliningrad (?),Samland,Riga,Russia,,54.716667,20.516667,D592,,,,,,Diocesan,,Michael Junge,,1425,1442,,Latin,,,,"Hipler, Samlandischen Diocesansynoden, 109-113",,https://dlibra.bibliotekaelblaska.pl/dlibra/publication/33650/edition/32130/content?,,,,,,,,Yes,,Reviewed ,
2325,1390,1373x1401,,,Yes,,Frombork (?),Warmia,Riga,Poland,,54.357,19.681,D586,,,,,,Diocesan,,Heinrich Sorbom,,1373,1401,,Latin,,,,"Hipler, Geschichte und Statuten, v. 27, 74-77",,https://dlibra.bibliotekaelblaska.pl/dlibra/publication/33889/edition/31646/content,,,,,,,,Yes,,Reviewed ,
2326,1427,1427,5,18,,,Elbing,Warmia,Riga,Poland,,54.166667,19.4,P062,,,,,,Provincial,,Henning von Scharfenberg,,,,,Latin,,,,"Hipler, Die Statuten des Elbinger Provinzialkonzils, 78-80","Jacobson, Geschichte der Quellen des katholischen Kirchenrechts, 16-19",http://dlibra.bibliotekaelblaska.pl/dlibra/publication?id=33640,https://books.google.com/books?id=qQdfAAAAcAAJ&pg=RA3-PA16#v=onepage&q&f=false,,,,,,,Yes,,Reviewed ,"Radziminski, Synodalstatuten im Deutschordensland Preussen, 160-62"
2327,1428,1428,2,6,,25 January - 6 February,Riga,Riga,Riga,Latvia,,56.948889,24.106389,P062,,,,,,Provincial,,Henning von Scharfenberg,,,,,Latin,,,,"Hipler, Die Statuten des Elbinger Provinzialkonzils, 81-99","Jacobson, Geschichte der Quellen des katholischen Kirchenrechts, 20-59",http://dlibra.bibliotekaelblaska.pl/dlibra/publication?id=33640,https://books.google.com/books?id=qQdfAAAAcAAJ&pg=RA3-PA20#v=onepage&q&f=false,,,,,,,Yes,"Requires all parish priests to have copies of Giovanni d'Andrea's summula on Book 4 of the Liber Extra (on Marriage), as well as his writings on reserved cases",Reviewed ,"Radziminski, Synodalstatuten im Deutschordensland Preussen, 163-165"
2329,1305,1302x1310,8,4,Yes,"These were reissued in 1427, along with additional statutes",Kaliningrad (?),Samland,Riga,Russia,,54.716667,20.516667,D592,,,,,,Diocesan,Statuti post visitacionem,Siegfried von Regenstein,,1295,1318,,Latin,,,,"Krollmann, Eine merkwurdige Urkunde, 36-38",,http://dlibra.bibliotekaelblaska.pl/dlibra/publication?id=33640,,,,,,,,Yes,,Reviewed ,
2330,1441,1441,2,21,,,Kaliningrad (?),Samland,Riga,Russia,,54.716667,20.516667,D592,,,,,,Diocesan,,Michael Junge,,1425,1442,,Latin,,,,"Hipler, Samlandischen Diocesansynoden, 113-114",,https://dlibra.bibliotekaelblaska.pl/dlibra/publication/33650/edition/32130/content?,,,,,,,,Yes,,Reviewed ,
2331,1428,1428,9,23,,,Riesenburg  (?),Pomesania,Riga,Poland,,53.755833,19.1975,D591,,,,,,Diocesan,,Johann Mewe,,,,,Latin,,,,"Hipler, Pomesanischen Diocesansynoden, 55-56",,https://dlibra.bibliotekaelblaska.pl/dlibra/publication/33658/edition/32138/content,,,,,,,,Yes,,Reviewed ,
2332,1440,1440,9,22,,,Riesenburg  (?),Pomesania,Riga,Poland,,53.755833,19.1975,D591,,,,,,Diocesan,,Kasper Linke,,,,,Latin,,,,"Hipler, Pomesanischen Diocesansynoden, 56-57",,https://dlibra.bibliotekaelblaska.pl/dlibra/publication/33658/edition/32138/content,,,,,,,,Yes,,Reviewed ,
2333,1480,1480x1485,,,Yes,,Riesenburg  (?),Pomesania,Riga,Poland,,53.755833,19.1975,D591,,,,,,Diocesan,,Johann Kierstani,,,,,Latin,,,,"Hipler, Pomesanischen Diocesansynoden, 57-59",,https://dlibra.bibliotekaelblaska.pl/dlibra/publication/33658/edition/32138/content,,,,,,,,Yes,Draws heavily on 1449 Warmia diocesan statutes,Reviewed ,
2334,1449,1449,5,12,,,Frombork (?),Warmia,Riga,Poland,,54.357,19.681,D586,,,,,,Diocesan,,Franz Kuhschmalz,,,,,Latin,,,,"Hipler, Geschichte und Statuten, v. 27, 88-91",,https://dlibra.bibliotekaelblaska.pl/dlibra/publication/33890/edition/31647/content?,,,,,,,,Yes,,Reviewed ,
2337,1200,1200 (ca.),,,Yes,"Earlier attribution to Gerardo da Sesso challenged in Olivieri, Costituzioni di Gerardo da Sesso",Milan,Milan,Milan,Italy,,45.4666,9.1666,D140,,,,,,Diocesan,,,,,,,Latin,,,,"Sormani, Gloria de' santi milanesi, [1761], pp211-214",,https://babel.hathitrust.org/cgi/pt?id=uiuc.7272477;view=1up;seq=217,,"Text digitized by kind request of Carol Symes
Printed in Sormani as single text along with ID1823",,,,,Data Capture,,Issued for the clergy of Milan,Reviewed ,
2338,1353,1353,4,15,,,Cologne,Cologne,Cologne,Germany,,50.94257,6.958976,D538,,,,,,Diocesan,,Wilhelm von Gennep,,1349,1362,,Latin,,,,"Wolter, Synodalstatuten, 454-456, no. 74","Hartzheim IV, 471-472; REK VI, no. 372 (Summary); Fredericq, Corpus...inquisitionis, I, no. 204",https://books.google.com/books?id=M99KAAAAcAAJ,https://books.google.com/books?id=2AUNAAAAIAAJ,,,,,,"GoogleBooks
Data Capture",,Concerning Flagellants,Reviewed ,
2339,1353,1353,6,10,,,Brühl,Cologne,Cologne,Germany,,50.833333,6.9,D538,,,,,,Diocesan,"Episcopal mandate, not issued in synod",Wilhelm von Gennep,,1349,1362,,Latin,,,,"Wolter, Synodalstatuten, 456-458, no. 75","Hartzheim IV, 472; REK VI, no. 393 (Summary)",https://books.google.com/books?id=kbNumdYKdrkC,,,,,,,"GoogleBooks
Data Capture",,,Reviewed ,
2340,1353,1353,10,2,,,Cologne,Cologne,Cologne,Germany,,50.94257,6.958976,D538,,,,,,Diocesan,,Wilhelm von Gennep,,1349,1362,,Latin,,,,"Wolter, Synodalstatuten, 458-460, no. 76","Hartzheim IV, 472-73; REK VI, no. 434(Summary)",https://books.google.com/books?id=kbNumdYKdrkC,,,,,,,"GoogleBooks
Data Capture",,"Reissued September 19, 1355 (See Wolter, Synodalstatuten, no. 86)",Reviewed ,
2341,1353,1353,10,2,Yes,"Statute printed between others from October 2 and 26, but not dated",Cologne,Cologne,Cologne,Germany,,50.94257,6.958976,D538,,,,,,Diocesan,"Episcopal mandate, perhaps issued in association with autumn synod",Wilhelm von Gennep,,1349,1362,,Latin,,,,"Wolter, Synodalstatuten, 460-461, no. 77","Hartzheim IV, 473; REK VI, no. 435 (Summary)",https://books.google.com/books?id=kbNumdYKdrkC,,,,,,,"GoogleBooks
Data Capture",,,Reviewed ,
2342,1353,1353,10,26,Yes,"Statute printed between others from October 26 and March 3 (1354), but not dated",Cologne,Cologne,Cologne,Germany,,50.94257,6.958976,D538,,,,,,Diocesan,"Episcopal mandate, perhaps issued in association with autumn synod",Wilhelm von Gennep,,1349,1362,,Latin,,,,"Wolter, Synodalstatuten, 469-470, no. 79","Hartzheim IV, 474-75; REK VI, no. 440(Summary)",,https://books.google.com/books?id=kbNumdYKdrkC,,,,,,"GoogleBooks
Data Capture",,,Reviewed ,
2343,1353,1353,10,26,Yes,"Statute printed between others from October 26 and March 3 (1354), but not dated",Cologne,Cologne,Cologne,Germany,,50.94257,6.958976,D538,,,,,,Diocesan,"Episcopal mandate, perhaps issued in association with autumn synod",Wilhelm von Gennep,,1349,1362,,Latin,,,,"Wolter, Synodalstatuten, 461-463, no. 78","Hartzheim IV, 473-74; REK VI, no. 439 (Summary)",,https://books.google.com/books?id=kbNumdYKdrkC,,,,,,"GoogleBooks
Data Capture",,,Reviewed ,
2344,1354,1354,3,3,,,Cologne,Cologne,Cologne,Germany,,50.94257,6.958976,D538,,,,,,Diocesan,,Wilhelm von Gennep,,1349,1362,,Latin,,,,"Wolter, Synodalstatuten, 471-474, no. 80","Hartzheim IV, 475-77; REK VI, no. 507 (Summary)",https://books.google.com/books?id=kbNumdYKdrkC,,,,,,,"GoogleBooks
Data Capture",,,Reviewed ,
2345,1354,1354,4,7,,,Cologne,Cologne,Cologne,Germany,,50.94257,6.958976,D538,,,,,,Diocesan,"Episcopal mandate, not issued in synod",Wilhelm von Gennep,,1349,1362,,Latin,,,,"Wolter, Synodalstatuten, 480-481, no. 84","Hartzheim IV, 479; REK VI, no. 521 (Summary)",https://books.google.com/books?id=kbNumdYKdrkC,,,,,,,"GoogleBooks
Data Capture",,,Reviewed ,
2346,1357,1357,7,7,,,Cologne,Cologne,Cologne,Germany,,50.94257,6.958976,D538,,,,,,Diocesan,,Wilhelm von Gennep,,1349,1362,,Latin,,,,"Wolter, Synodalstatuten, 514-515, no. 96","Hartzheim IV, 485-86; REK VI, no. 976 (Summary)",https://books.google.com/books?id=kbNumdYKdrkC,,,,,,,"GoogleBooks
Data Capture",,,Reviewed ,
2347,1357,1357,9,30,,,Cologne,Cologne,Cologne,Germany,,50.94257,6.958976,D538,,,,,,Diocesan,,Wilhelm von Gennep,,1349,1362,,Latin,,,,"Wolter, Synodalstatuten, 516, no. 97","Hartzheim IV, 486; REK VI, no. 993",https://books.google.com/books?id=kbNumdYKdrkC,,,,,,,"GoogleBooks
Data Capture",,,Reviewed ,
2348,1360,1360,10,2,,,Cologne,Cologne,Cologne,Germany,,50.94257,6.958976,D538,,,,,,Diocesan,,Wilhelm von Gennep,,1349,1362,,Latin,,,,"Wolter, Synodalstatuten, 542, no. 109",,,,,,,,,"GoogleBooks
Data Capture",,,Reviewed ,
2354,1311,1311,10,1,,,Cambrai,Cambrai,Reims,France,,50.175579,3.2345,D430,,,,,,Diocesan,,Pierre de Lévis-Mirepoix,,1309,1324,,Latin,,"Paris, BnF lat. 1591, fol. 30v-32v","Tilburg, Universiteitsbibliotheek (olim Bibliotheek Theologische Faculteit), HS 15, HS 15, fol.  36v-37r","Gousset, APER, II, 487-491","Martene, Vet Scrip, VII, coll 1335-36; Caspers, Synodale Statuten, 276-278 (from Tilburg MS)",https://books.google.com/books?id=L9U-AAAAcAAJ,,"Gousset edition gives paragraphs in different order from Paris BnF MS. 
Chs. 14, 15, 16 and 20 are edited in Reusens, Statuta, p. 58-60. Tilburg MS stops after c. 12",CoSyn transcription from Gousset edition,,,,"Digital MS
Hard Copy Scan",,Modification to earlier statutes,Reviewed ,
2355,1303,1303,3,12,,,Arboga,Strängnäs,Uppsala,Sweden,,59.393889,15.838611,P086,,,,,,Provincial,,Nils Allesson,,1292,1305,,Latin,,,,"Scriptores rerum danicarum V, 643-44",,https://books.google.com/books?id=mR82AQAAMAAJ,,,,,,Yes,Hard Copy Scan,Yes,"Council probably led by AB Nils Allesson, but precise documentation is lacking.",Reviewed ,
2357,1297,1297,,,,,Uppsala,Uppsala,Uppsala,Sweden,,59.833333,17.666667,D696,,,,,,Diocesan,,Nils Allesson,,1292,1305,,Latin,,,,SDHK nr 1727,"DIplomatarium Suecanum, no. 1187",https://sok.riksarkivet.se/sdhk,https://books.google.com/books?id=lp_dvHv4FTkC,,,,,,"GoogleBooks
WebDownload",,,Reviewed ,
2359,1313,1313,,,,,Uppsala,Uppsala,Uppsala,Sweden,,59.833333,17.666667,D696,,,,,,Diocesan,,Nils Kettilsson Hvit,,1308,1314,,Latin,,,,SDHK 2537,Diplomatarium Suecanum no. 1898,https://sok.riksarkivet.se/sdhk,,,,,,,"GoogleBooks
WebDownload",,Concerning tithes,Reviewed ,
2365,1281,1281,,,,,Skara,Skara,Uppsala,Sweden,,58.383333,13.433333,D700,,,,,,Diocesan,(issued partly by King Magnus),Brynolf I Algotsson,,1278,1317,,Old Swedish,,,,SDHK no. 1160,"Diplomatarium suecanum, no. 709",https://sok.riksarkivet.se/sdhk,,,,,,,"GoogleBooks
WebDownload",,Concerning tithes and fines for the bishop,Reviewed ,
2368,1350,1300x1400 (?),,,Yes,Undated diocesan statutes,Skara,Skara,Uppsala,Sweden,,58.383333,13.433333,D700,,,,,,Diocesan,,,,,,,Latin,,,,"Gummerus, Synodalstatuter, 72-73",,https://books.google.com/books?id=kt8vAQAAMAAJ,,,,,,,"GoogleBooks
Hard Copy Scan",,"Recurring concern with possession of statutes by curates (provincial and synodal).
(11) Item quilibet sacerdos habeat synodalia.
(24) Item quilibet curatus habeat synodale antequam recesserit de ciuitate.
(29) Item quilibet curatus habeat statuta prouincialia necnon synodalia et synodale sub pena trium marcarum.


Noteworthy: (9) Item nullus sacerdos exigat pro sacramentis pecunias nisi peracto officio et tunc non plus quam consuetudine pena (!).
",Reviewed ,
2373,1311,1311,5,22,,,Poznań,Poznań,"Esztergom, Kalocsa",Slovakia,,52.4,16.916667,P028,P036,,,,,Legatine,Legatine decree issued for Hungarian Church,Gentile Partino da Montefiore,,,,,Latin,,,,"Ipolyi, MVAT 1.2.381-384",,https://archive.org/details/MonumentaVaticanaHistoriamRegniHungarie/page/n405,,,,,,,"GoogleBooks
Data Capture",,,Reviewed ,
2376,1209,1209,5,13,,"According to edition, these were reissued 1236 by Bp Wilbrand van Oldenburg, but he died in 1233. ",Utrecht,Utrecht,Cologne,Netherlands,,52.083,5.1,D543,,,,,,Diocesan,,Dirk van Are,,1197,1212,,Latin,,,,"Joosting, Bronnen, V, 48-53",,https://resolver.kb.nl/resolve?urn=MMKB02:100007906,,,,,,,Hard Copy Scan,,"According to Pixton (German Episcopacy, 84-85), these are similar to those issued for Cologne and Liege that same year; but I have yet to find such statutes.",Reviewed ,
2377,1266,1266,11,,,,Bremen,Bremen,Bremen,Germany,Perhaps also issued for Magdeburg and Kammin,53.075833,8.8075,P017,,,,,,Legatine,For Province of Bremen,Guido di S. Lorenzo in Lucina,,,,,Latin,,,,"Wiegand, Unbekannte Statuten, 417-425",,,,,,,,Yes,Hard Copy Scan,,"These survive only as later extracts in a 15th-c manuscript, and include later updates/modifications
(They are different from the other 1266 legatine statutes for Bremen, edited in Mansi; ID 2006)",Reviewed ,
2378,1344,1344,,,,Dated ca. 1350 in Mansi,Arezzo,Arezzo,[Holy See],Italy,directly dependent on Holy See,43.46667,11.88333,D021,,,,,,Diocesan,,Boso degli Ubertini,,,,,Latin,,"Arezzo, Archivio capitolare, Canonica, perg. 854",,"Volpi, Costituzioni sinodali","Mansi 26, col 213-220",,,"Mansi edition contains only a list of titles.
MS missing the text of the final eight chapters (out of 153 total)",CoSyn transcription from Volpi edition,,,,"GoogleBooks
Hard Copy Scan",,,Reviewed ,
2381,1339,1339,7,12,,,Lodi,Lodi,Milan,Italy,,45.316667,9.5,D125,,,,,,Diocesan,per clerum laudensem ,Leone Palatini,,1318,1343,,Latin,,"Lodi, Archivio Storico Diocesano, Mensa vescovile, pergamene, perg. n. 1406",,,,,,,CoSyn transcription by Fabrizio Pagnoni,,,,Digital MS,,,Reviewed ,
2382,1364,1364,12,16,,,Lodi,Lodi,Milan,Italy,,45.316667,9.5,D125,,,,,,Diocesan,,Paolo Cadamosto,,1354,1386,,Latin,,"Lodi, Archivio Storico Diocesano, Armario I, b. 18",,,,,,,CoSyn transcription by Fabrizio Pagnoni,,,,,,,Reviewed ,
2384,1262,1262,5,10,,,Como,Como,Aquileia,Italy,,45.816667,9.083333,D080,,,,,,Diocesan,,Raimondo della Torre,,1262,1273,,Latin,,,,"S. Monti, Le carte di San Fedele in Como, Como 1913, pp. 224-229",,,,,,,,,Hard Copy Scan,,,Reviewed ,
2385,1275,1275,5,13,,,Como,Como,Aquileia,Italy,,45.816667,9.083333,D080,,,,,,Diocesan,Bishop still noted as 'electus',Giovanni degli Avvocati,,1274,1293,,Latin,,,,"S. Monti, Le carte di San Fedele in Como, Como 1913, pp. 260-267",,,,,Many portions of text missing ,,,,Hard Copy Scan,,"(14) Ordinamus insuper quod unaqueque ecclesia [40] monasterium scripturam publicam predicte nostre constitucionis per seriem continentem infra mensem unum ab hac die presenti numerandum accipiat et habeat in loco sue sacrastie conservandam.  Quas prelatus ecclesie ad minus ter in anno ex intervallo quatuor mensium faciat legi totaliter.
",Reviewed ,
2386,1296,1296,2,3,,,Como,Como,Aquileia,Italy,,45.816667,9.083333,D080,,,,,,Diocesan,,Leone Lambertenghi,,1293,1325,,Latin,,,,"S. Monti, Le carte di San Fedele in Como, Como 1913, pp. 281-288",,,,,,,,,Hard Copy Scan,,,Reviewed ,
2394,1356,1356,11,10,,,Volterra,Volterra,[Holy See],Italy,,43.3994,10.866,D265,,,,,,Diocesan,,Filippo Belforti,,1348,1358,,Latin,,"Volterra, Biblioteca Guarnacci, ms. 5783",,"Paganelli, Il Sinodo del vescovo Filippo Belforti, 67-115",,,,,,,,,Hard Copy Scan,,"52 articles
-notes existence of earlier constitutions issued by his predecessors
-produced with guidance from vicar general who was also a Bologna-trained canonist, Lorenzo del Pino
-annuls all earlier legislation and requires copies of the new legislation (one for cathedral chapter, one for prior of each sesto of the city, and another for all the clergy of the city held by the general chamberlain) (cap. 2)",Reviewed ,
2399,1298,1298,,,Yes,"Or perhaps 1296; For dating, see Krafl, Polske provincialni synodi, 114-115 & 144",Gniezno ,Gniezno ,Gniezno,Poland,,52.533333,17.6,P032,,,,,,Provincial,,Jakub Swinka,,1283,1314,,Latin,,,,"Kodeks dyplomatyczny Wielkopolski II, 35 (no. 654)",,http://www.wbc.poznan.pl/Content/20067/kw_02.html,,"only one fragment survives; first fragment in the edition dated to 1290

",,,,Yes,"GoogleBooks
WebDownload",Yes,,Reviewed ,"Gromnicki, Synody prowincyonalne, 215-16: https://books.google.com/books?id=tdLcnQAACAAJ
Korytkowski, Arcybiskupi gnieznienscy, I, 480-81: https://books.google.com/books?id=4rsaAAAAYAAJ
"
2400,1309,1309,5,2,Yes,"issued before May 2, 1309",Gniezno ,Gniezno ,Gniezno,Poland,,52.533333,17.6,P032,,,,,,Provincial,,Jakub Swinka,,1283,1314,,Latin,,,,"Helcel, Starodawne prawa polskiego pomniki 1, 389",,http://dir.icm.edu.pl/pl/Starodawne_Prawa_Polskiego_Pomniki/Tom_1/,,,,,,Yes,"GoogleBooks
WebDownload",Yes,,Reviewed ,"Krafl, Polské provinciální synody, pp. 144
"
2401,1365,1357x1373,,,Yes,"Helcel dated this 1357-1373. See Krafl, Polske provincialni synodi, 146-147",Kalisz (?),,Gniezno,Poland,Place uncertain,51.766667,18.083333,P032,,,,,,Provincial,,Jaroslaw Bogorya Skotnicki,Iaroslaus ,1342,1374,,Latin,,,,"Krafl, De hiis autem, 279-281","Starodawne prawa polskiego pomniki 1, 387, 414-415",,,"Survives in a notarial instrument dated 1381, which formally ordered that it be inserted into provincial statutes",,,,Yes,WebDownload,,"Only fragment survives, inc. De hiis autem; formally inserted into provincial statutes in 1381:
""Noverint universi, quod coram nobis Johanne, archiepiscopo Gnesnensi, pro parte venerabilium virorum, fratrum nostrorum, dominorum, capituli Wratislaviensis, eorum mediantibus litteris sigillo minori capituli eiusdem sigillatis, humiliter extitit supplicatum, quatenus statutum provinciale a nostris antecessoribus editum, quod incipit „De hiis autem”, quod in libro statutorum huiusmodi nostre curie post statutum de captivitate et wlneracione clericorum provincie Gnesnensis, scilicet „Crescente quotidie malicia perversorum etc.”, sequitur et quod, ut dicitur, in civitate et dyocesi Wratislaviensi inter statuta autentica provincialia non habetur, sub nostro sigillo et manu publica decernere dignaremur. 
Nos igitur peticioni ipsius capituli in hac parte racioni consonam reputantes, dictum statutum ex dicto libro statutorum nostre curie sub nostro sigillo et sub manu publica discreti viri Volimiri quondam Pauli de Kyky, clerici Gnesnensis dyocesis, notarii publici, eis scribi, transsummi, publicari et dari fecimus cum effectum et fideliter, cuiusquidem statuti tenor dinoscitur fore talis: 
[text of statute follows...]""",Reviewed ,
2402,1425,1425,5,6,,,Łęczyca,,Gniezno,Poland,,52.05,19.2,P032,,,,,,Provincial,,Wojciech I Jastrzębiec,,1423,1436,,Latin,,,,"Blumenstok, Wiadomosc o rekopisach, 1891, 413, no. 227","Statuty synodalne wielunsko-kaliskie, s. CLXIX-CLXX",,,,,,,,,Yes,Addition to statute 'Crescente quotidie',Reviewed ,"Krafl, Polske provincialni synodi, 149"
2406,1319,1319,5,11,,,Lübeck,Lübeck,Bremen,Germany,,53.869722,10.686389,D533,,,,,,Diocesan,,Heinrich Bochholt,,1317,1341,,Latin,,,,"Leverkus, UB des Bisthums Lübeck, I, 586-588 (n. 481)",,https://books.google.com/books?id=Ytc-AQAAIAAJ,,,,,,,"GoogleBooks
WebDownload",,,Reviewed ,
2408,1351,1351,3,30,Yes,"Year not certain, though implied by subsequent revocation of a statute in April 1351",Bremen,Bremen,Bremen,Germany,,53.075833,8.8075,D532,,,,,,Diocesan,,Gottfried von Arnsberg,,1348,1360,,Latin,,,,"Bremisches UB III, 5-6, no. 6",,https://brema.suub.uni-bremen.de/content/titleinfo/24117,,,,,,,"GoogleBooks
Hard Copy Scan",,,Reviewed ,
2410,1260,1253x1269,,,Yes,,Huesca,Huesca,Tarragona,Spain,becomes part of Zaragoza province in 1318,42.133333,-0.416667,D650,,,,,,Diocesan,,Domingo de Sola,,1253,1269,,Latin,,"Jaca, Archivo Capitular, Libro de la Cadena (=MS 1), fols 38r-50r",,"Synodicon Hispanum 14, 8-31",,,,,CoSyn transcription from SH edition,,,,,,,Reviewed ,
2411,1295,1295,12,15,,,Huesca,Huesca,Tarragona,Spain,becomes part of Zaragoza province in 1318,42.133333,-0.416667,D650,,,,,,Diocesan,,Ademaro,,1290,1300,,Latin,,,,"Synodicon Hispanum 14, 49-51",,,,,,,,,,,,Reviewed ,
2412,1298,1298,11,14,,,Huesca,Huesca,Tarragona,Spain,becomes part of Zaragoza province in 1318,42.133333,-0.416667,D650,,,,,,Diocesan,,Ademaro,,1290,1300,,Latin,,,,"Synodicon Hispanum 14, 52-59",,,,,,,,,,,"Requires local clerics (and others) to have a copy of these statutes
Modifies several earlier statutes",Reviewed ,
2413,1313,1313,3,29,,,Huesca,Huesca,Tarragona,Spain,becomes part of Zaragoza province in 1318,42.133333,-0.416667,D650,,,,,,Diocesan,,Martin Lopez de Azlor,,1300,1313,,Latin,,,,"Synodicon Hispanum 14, 59-70",,,,,,,,,,,Bishop apparently died the day of the synod,Reviewed ,
2414,1319,1319,11,14,,,Jaca,Huesca,Zaragoza,Spain,becomes part of Zaragoza province in 1318,42.55,-0.55,D650,,,,,,Diocesan,,Martin Oscabio,,1313,1324,,Latin,,,,"Synodicon Hispanum 14, 70-72",,,,,,,,,,,,Reviewed ,
2415,1327,1327,3,8,,,Barbastro,Huesca,Zaragoza,Spain,becomes part of Zaragoza province in 1318,42.036111,0.126389,D650,,,,,,Diocesan,,Gaston de Moncada,,1324,1328,,Latin,,"Catedral de Jaca, Libro de la Cadena (=MS 1), fols 73r-79r",,"Synodicon Hispanum 14, 85-93","Zunzunegui, Sinodos diocesanos de Huesca, 345-353",,,,CoSyn transcription from SH edition,,,,,,,Reviewed ,
2416,1340,1337x1344,,,Yes,,Huesca,Huesca,Zaragoza,Spain,becomes part of Zaragoza province in 1318,42.133333,-0.416667,D650,,,,,,Diocesan,,Bernardo Oliver,,1337,1344,,Latin,,,,"Synodicon Hispanum 14, 93-95",,,,,,,,,,,,Reviewed ,
2417,1351,1351,9,22,,,Jaca,Huesca,Zaragoza,Spain,becomes part of Zaragoza province in 1318,42.55,-0.55,D650,,,,,,Diocesan,,Pedro Glascario,Pedro Tallarino,1348,1357,,Latin,,,,"Synodicon Hispanum 14, 95-102",,,,,,,,,,,,Reviewed ,
2418,1364,1364,10,17,,,Huesca,Huesca,Zaragoza,Spain,becomes part of Zaragoza province in 1318,42.133333,-0.416667,D650,,,,,,Diocesan,,Jimeno Sancez de Ribabellosa,,1364,1368,,Latin,,,,"Synodicon Hispanum 14, 102-106",,,,,,,,,,,,Reviewed ,
2419,1416,1416,4,27,,,Huesca,Huesca,Zaragoza,Spain,,42.133333,-0.416667,D650,,,,,,Diocesan,,Avinio,,1415,1421,,Latin,,,,"Synodicon Hispanum 14, 107-117",,,,,Certain passages unreadable in MS (marked with ellipses in edition and transcription),,,,,,,Reviewed ,
2430,1390,1373x1401,,,Yes,,Frombork (?),Warmia,Riga,Poland,,54.357,19.681,D586,,,,,,Diocesan,,Heinrich Sorbom,,1373,1401,,Latin,,,,"Hipler, Geschichte und Statuten, v. 27, 77-78",,https://dlibra.bibliotekaelblaska.pl/dlibra/publication/33889/edition/31646/content,,,,,,,,Yes,,Reviewed ,
2431,1390,1373x1401,,,Yes,,Frombork (?),Warmia,Riga,Poland,,54.357,19.681,D586,,,,,,Diocesan,,Heinrich Sorbom,,1373,1401,,Latin,,,,"Hipler, Geschichte und Statuten, v. 27, 78-79",,https://dlibra.bibliotekaelblaska.pl/dlibra/publication/33889/edition/31646/content,,,,,,,,Yes,,Reviewed ,
2432,1444,1444,1,18,,,Heilsberg,Warmia,Riga,Poland,modern Lidzbark Warmiński,54.116667,20.583333,D586,,,,,,Other,Ordo inquisitionis in synodo,Franz Kuhschmalz,,,,,Latin,,,,"Hipler, Geschichte und Statuten, v. 27, 86-88",,http://dlibra.bibliotekaelblaska.pl/dlibra/publication?id=33640,,,,,,,,Yes,,Reviewed ,
2433,1418,1418,5,10,,,Riesenburg  (?),Pomesania,Riga,Poland,,53.755833,19.1975,D591,,,,,,Other,Confirmation of earlier statutes,Gerardus,,,,,Latin,,,,"Hipler, Pomesanischen Diocesansynoden, 55",,https://dlibra.bibliotekaelblaska.pl/dlibra/publication/33658/edition/32138/content,,,,,,,,Yes,,Reviewed ,
2438,1263,1263,10,24,,,Marseille,Marseille,Arles,France,,43.2964,5.37,D338,,,,,,Other,Sententia lata in synodo,Benoit d'Alignan,,1229,1267,,Latin,,"Paris, BnF Lat 4224, fols 476v-477r",,"Gallia christiana novissima, Marseille, cols 166-167",,https://gallica.bnf.fr/ark:/12148/btv1b10038493x,https://books.google.com/books?id=MW07AQAAMAAJ,,CoSyn transcription from Gallia christiana edition,,,,,,Concerning Tithes,Reviewed ,
2440,1350,1300x1400 (?),,,Yes,Undated diocesan statutes,Skara,Skara,Uppsala,Sweden,,58.383333,13.433333,D700,,,,,,Diocesan,,,,,,,Latin,,,,"Gummerus, Synodalstatuter, 74-75",,https://books.google.com/books?id=kt8vAQAAMAAJ,,,,,,,"GoogleBooks
Hard Copy Scan",,,Reviewed ,
2441,1350,1300x1400 (?),,,Yes,,Skara,Skara,Uppsala,Sweden,,58.383333,13.433333,D700,,,,,,Other,Statutum capituli Scarensis synodale,,,,,,Latin,,,,"Gummerus, Synodalstatuter, 75-76",,https://books.google.com/books?id=kt8vAQAAMAAJ,,,,,,,"GoogleBooks
Hard Copy Scan",,"Requires everyone to possess a copy of statute: ""Ad ultimum precipimus vnumquemque copiam huius statuti scribi facere et habere et secundum ordinem ipsius horas canonicas obseruare sub pena arbitraria transgressoribus infligenda etc.""",Reviewed ,
2442,1311,1311,5,22,,,Poznań,Poznań,"Esztergom, Kalocsa",Slovakia,,52.4,16.916667,P028,P036,,,,,Legatine,Legatine decree issued for Hungarian Church,Gentile Partino da Montefiore,,,,,Latin,,,,"Ipolyi, MVAT 1.2.381-384",,https://archive.org/details/MonumentaVaticanaHistoriamRegniHungarie/page/n405,,,,,,,"GoogleBooks
Data Capture",,,Reviewed ,
2443,1321,1321,10,2,,,[Cologne],Cologne,Cologne,Germany,issuing location uncertain,50.94257,6.958976,D538,,,,,,Diocesan,,Heinrich von Virneburg,,1306,1332,,Latin,,,,"Wolter, Synodalstatuten, 282-288, no. 21","Hartzheim, Concilia Germaniae 4, 277-279",https://books.google.com/books?id=kbNumdYKdrkC,,,,,,,Hard Copy Scan,Yes,"-c.1: warns of ‘penalties ‘in constitutione Clementis pape quinti…que incipit Diocesanis” (Clem 3.1.1), without actually specifying the penalties
-c. 3: “Item cum felicis recordationis Clemens papa quintus sub certa penis statuerit, ne aliquis…” (clerical attire, Clem 3.1.2, Quoniam qui abiectis)
-c. 4: express citation of Clementine Ut hii (Clem 1.6.2), spelling out key provisions
-c. 6: express citation of Boniface VIII decretal VI 1.3.11
",Reviewed ,
2444,1444,1444,6,4,,"These statutes were originally issued (in Latin) by Jean de Malestroit on October 21, 1423; these in turn were derived from statutes issued by Henri le Barbu in 1411. The copy of the acts used here was sealed on 17 June 1445.",Nantes,Nantes,Tours,France,,47.21806,-1.55278,D443,,,,,,Diocesan,,Guillaume de Malestroit,,1443,1461,,Old French,with extensive passages in Latin,"Vatican, BAV, Vat. lat 9870, fol. 67-71 (18th-c Maurist copy of Arsenal MS)","Paris BnF, Latin 1597, fol. 47r-52",,,,,"Noted as lost in Pontal repertoire. MS is a copy made by Maurists in 18th-c on basis of a MS provided by Charles-Adrien Picard (Paris, Arsenal 796, fol. 57-60), which contained cc. 1-19; the copyists also relied on Paris BnF, Latin 1597, fol. 47r-52.",Transcribed by Christine Barralis,,,,"GoogleBooks
Other",,"Translated into French by order of Bishop Guillaume de Malestroit. 
Notes from C. Barralis: ""Le texte est composé de deux parties, provenant de deux manuscrits différents :
• une première série de statuts en français [translations of 1411 statutes; see CoSyn ID 1311]
• à la fin du fol. 68v, figure une note marginale indiquant que la suite du texte ne se trouvait pas dans le ms. de Picard. Suivent :
– 2 statuts en français
– puis (à la fin) quatre paragraphes en latin, dont les trois derniers sont paraphés par le notaire Johannes Parvi, donnant des indications sur les circonstances de publication de ce texte :
1) authentification par le notaire Johannes Parvi du processus de traduction en langue vulgaire d’anciens statuts fait sur l’ordre de l’évêque (non nommé)
2) mention d’une publication au synode du jeudi suivant la fête de saint Luc l’évangéliste 1423, par l’évêque Jean de Malestroit, d’anciens statuts d’Henri, qu’il confirme
3) mention d’une publication, par l’évêque Guillaume de Malestroit, présent au synode du jeudi suivant la pentecôte 1444, des statuts de Jean et Henri
4) mention du sceau apposé sur le texte par les vicaires de Guillaume de Malestroit, alors absent du diocèse, le 17 juin 1445.",Reviewed ,
2445,1367,1367,10,14,,,Poitiers,Poitiers,Bordeaux,France,,46.581945,0.336112,D371,,,,,,Diocesan,,Aimeri de Mons,,1363,1370,,Latin,,"Vatican, Regin. lat. 1065, fol. 43r-44r",,"Favreau, Saints, clercs, 108-123",,https://digi.vatlib.it/view/MSS_Reg.lat.1065,,,CoSyn transcription from Favreau edition,,,,"Digital MS
Hard Copy Scan",,,Reviewed ,
2446,1281,1279x1292,,,Yes,,Lambeth,,Canterbury,England,,51.4903,-0.1193,P020,,,,,,Other,Unpublished drafts or personal mandates,John Peckham,John Pecham,1279,1292,,Latin,,,,"Powicke & Cheney II, 1118-1125",,,,,,,,,Data Capture,,"Cheney concludes (p. 1118) that these ""represent a variety of personal mandates of the archbishop and of drafts for conciliar legislation which were later abandoned or revised. None the less, they passed into circulation in the province and some of them (I-IV and VI) were inserted and glossed by Lyndwood in the Provinciale."" The specific context of the individual texts is presented in the introductory notes to the edition.",Reviewed ,"Cheney, ""So-called Statutes of John Pecham and Robert Winchelsey,"" "
2458,1266,1266,,,,,Montluçon,Bourges,Bourges,France,,46.3408,2.6033,P015,,,,,,Provincial,,Jean de Sully,,1262,1271,,Latin,,,,"Lacger, Statuts inedits, 67-79",,,,,,,,,Hard Copy Scan,,,Reviewed ,
2459,1280,1280,,,,,Bourges,Bourges,Bourges,France,,46.3408,2.6033,P015,,,,,,Provincial,,Guy de Sully,,1276,1280,,Latin,,,,"Martene, Thes, IV, 191-192",,https://books.google.com/books?id=bjSeGwAACAAJ,,,,,,,Hard Copy Scan,,,Reviewed ,
2463,1307,1307x1308,,,Yes,"issued sometime between February 13, 1307 and October 2, 1308",Cologne,Cologne,Cologne,Germany,,50.94257,6.958976,D538,,,,,,Diocesan,,Heinrich von Virneburg,,1306,1332,,Latin,,"Paderborn, Erzbischöfliches Diözesanmuseum, HS 8, f. 76r-79v",,"Wolter, Synodalstatuten, 206-209, no. 9",,,,"MS copy appears imperfect, with c. 2 largely repeated in c. 5, and part of c. 9 missing",,,,,"Library Scan
Hard Copy Scan",Yes,,Reviewed ,
2464,1317,1317,2,21,,,Cologne,Cologne,Cologne,Germany,,50.94257,6.958976,D538,,,,,,Diocesan,,Heinrich von Virneburg,,1306,1332,,Latin,,"Paderborn, Erzbischöfliches Diözesanmuseum, HS 8, f. 99v-104v",,"Wolter, Synodalstatuten, 238-243, no. 14",,,,,,,,,"Library Scan
Hard Copy Scan",Yes,,Reviewed ,
2465,1320,1320,10,2,,,Cologne,Cologne,Cologne,Germany,,50.94257,6.958976,D538,,,,,,Diocesan,,Heinrich von Virneburg,,1306,1332,,Latin,,,,"Wolter, Synodalstatuten, 272-275, no. 19",,,,,,,,,"Library Scan
Hard Copy Scan",Yes,,Reviewed ,
2466,1320,1319x1321,,,Yes,"issued between October 7, 1319 and February 16, 1321",Cologne,Cologne,Cologne,Germany,,50.94257,6.958976,D538,,,,,,Other,Statutes for the Offizialatsgericht,Heinrich von Virneburg,,1306,1332,,Latin,,,,"Wolter, Synodalstatuten, 275-282, no. 20",,,,,,,,,"Library Scan
Hard Copy Scan",Yes,,Reviewed ,
2467,1324,1324,3,5,,,Cologne,Cologne,Cologne,Germany,,50.94257,6.958976,P023,,,,,,Provincial,Moderation of earlier statutes,Heinrich von Virneburg,,1306,1332,,Latin,,,,"Wolter, Synodalstatuten, 303-308, no. 26",,,,,,,,,"Library Scan
Hard Copy Scan",Yes,,Reviewed ,
2468,1327,1327,3,1,,,Cologne,Cologne,Cologne,Germany,,50.94257,6.958976,D538,,,,,,Other,,Heinrich von Virneburg,,1306,1332,,Latin,,,,"Wolter, Synodalstatuten, 308-310, no. 27",,,,,,,,,"Library Scan
Hard Copy Scan",,,Reviewed ,
2469,1328,1328,9,7,,,Cologne,Cologne,Cologne,Germany,Location uncertain,50.94257,6.958976,P023,,,,,,Provincial,Moderation of earlier statutes,Heinrich von Virneburg,,1306,1332,,Latin,,,,"Wolter, Synodalstatuten, 319-321, no. 31",,,,,,,,,"Library Scan
Hard Copy Scan",,renews 1324 moderation (at papal behest) of 1322 provision concerning interdict (which was derived from 1266 statutes),Reviewed ,
2470,1330,1330,2,26,,,Bonn,Cologne,Cologne,Germany,,50.733889,7.099722,D538,,,,,,Diocesan,,Heinrich von Virneburg,,1306,1332,,Latin,,,,"Wolter, Synodalstatuten, 334-342, no. 35",,,,,,,,,"Library Scan
Hard Copy Scan",,,Reviewed ,
2471,1330,1330,10,2,,,Bonn,Cologne,Cologne,Germany,,50.733889,7.099722,D538,,,,,,Diocesan,,Heinrich von Virneburg,,1306,1332,,Latin,,,,"Wolter, Synodalstatuten, 342-347, no. 36","Hartzheim IV, 308-310",,,,,,,,"Library Scan
Hard Copy Scan",,,Reviewed ,
2472,1333,1333,2,25,,,Cologne,Cologne,Cologne,Germany,Location uncertain,50.94257,6.958976,D538,,,,,,Diocesan,,Walram von Jülich,,1332,1349,,Latin,,,,"Wolter, Synodalstatuten, 348-351, no. 37",,,,,,,,,"Library Scan
Hard Copy Scan",Yes,,Reviewed ,
2473,1333,1333,10,2,,,Cologne,Cologne,Cologne,Germany,,50.94257,6.958976,D538,,,,,,Diocesan,,Walram von Jülich,,1332,1349,,Latin,,,,"Wolter, Synodalstatuten, 351-360, no. 38",,,,,,,,,"Library Scan
Hard Copy Scan",Yes,,Reviewed ,
2474,1335,1335,3,5,,,Cologne,Cologne,Cologne,Germany,,50.94257,6.958976,D538,,,,,,Diocesan,,Walram von Jülich,,1332,1349,,Latin,,,,"Wolter, Synodalstatuten, 363-365, no. 41",,,,,,,,,"Library Scan
Hard Copy Scan",Yes,Concerning absolution for excommunication of clerics who violate earlier (1333) statute on tonsure and garb,Reviewed ,
2475,1335,1335,3,6,,,Cologne,Cologne,Cologne,Germany,,50.94257,6.958976,D538,,,,,,Diocesan,Episcopal mandate,Walram von Jülich,,1332,1349,,Latin,,,,"Wolter, Synodalstatuten, 365-367, no. 42",,,,,,,,,"Library Scan
Hard Copy Scan",Yes,Priests forbidden to celebrate mass more than once daily,Reviewed ,
2476,1335,1335,3,6,,,Cologne,Cologne,Cologne,Germany,,50.94257,6.958976,D538,,,,,,Diocesan,Episcopal mandate,Walram von Jülich,,1332,1349,,Latin,,,,"Wolter, Synodalstatuten, 367-371, no. 43",,,,,,,,,"Library Scan
Hard Copy Scan",Yes,,Reviewed ,
2477,1335,1335,3,6,,,Cologne,Cologne,Cologne,Germany,,50.94257,6.958976,D538,,,,,,Diocesan,Episcopal mandate,Walram von Jülich,,1332,1349,,Latin,,,,"Wolter, Synodalstatuten, 371-373, no. 44",,,,,,,,,"Library Scan
Hard Copy Scan",Yes,,Reviewed ,
2478,1335,1335,8,3,,,Cologne,Cologne,Cologne,Germany,,50.94257,6.958976,D538,,,,,,Diocesan,Episcopal mandate,Walram von Jülich,,1332,1349,,Latin,,,,"Wolter, Synodalstatuten, 373-375,  no. 45",,,,,,,,,"Library Scan
Hard Copy Scan",Yes,,Reviewed ,
2479,1335,1335,9,30,,,Cologne,Cologne,Cologne,Germany,,50.94257,6.958976,D538,,,,,,Diocesan,Episcopal mandate,Walram von Jülich,,1332,1349,,Latin,,,,"Wolter, Synodalstatuten, 375-377, no. 46",,,,,,,,,"Library Scan
Hard Copy Scan",Yes,,Reviewed ,
2480,1335,1335,10,1,,,Cologne,Cologne,Cologne,Germany,,50.94257,6.958976,D538,,,,,,Diocesan,Episcopal mandate,Walram von Jülich,,1332,1349,,Latin,,,,"Wolter, Synodalstatuten, 377-379, no. 47",,,,,,,,,"Library Scan
Hard Copy Scan",Yes,Contra beggardos et suestriones ,Reviewed ,
2481,1336,1336,2,15,,,Brühl,Cologne,Cologne,Germany,,50.833333,6.9,D538,,,,,,Diocesan,Episcopal mandate,Walram von Jülich,,1332,1349,,Latin,,,,"Wolter, Synodalstatuten, 379-381, no. 48",,,,,,,,,"Library Scan
Hard Copy Scan",Yes,,Reviewed ,
2482,1336,1336,2,25,,,Lechenich,Cologne,Cologne,Germany,,50.8,6.766667,D538,,,,,,Diocesan,,Walram von Jülich,,1332,1349,,Latin,,,,"Wolter, Synodalstatuten, 384-387, no. 50",,,,,,,,,"Library Scan
Hard Copy Scan",Yes,,Reviewed ,
2483,1336,1336,10,2,,,Cologne,Cologne,Cologne,Germany,,50.94257,6.958976,D538,,,,,,Diocesan,Episcopal mandate,Walram von Jülich,,1332,1349,,Latin,,,,"Wolter, Synodalstatuten, 389-391, no. 52",,,,,,,,,"Library Scan
Hard Copy Scan",Yes,,Reviewed ,
2484,1337,1337,2,23,,,Cologne,Cologne,Cologne,Germany,,50.94257,6.958976,D538,,,,,,Diocesan,Episcopal mandate,Walram von Jülich,,1332,1349,,Latin,,,,"Wolter, Synodalstatuten, 391-393, no. 53",,,,,,,,,"Library Scan
Hard Copy Scan",Yes,Concerning the observance of synods,Reviewed ,
2485,1337,1337,9,28,,,Godesberg,Cologne,Cologne,Germany,,50.683333,7.15,D538,,,,,,Diocesan,Episcopal mandate,Walram von Jülich,,1332,1349,,Latin,,,,"Wolter, Synodalstatuten, 394-400, no. 54",,,,,,,,,"Library Scan
Hard Copy Scan",Yes,Concerning tonsure and habit of clerics,Reviewed ,
2486,1337,1337,10,2,Yes,"issued sometime after October 2, 1337",[Cologne],Cologne,Cologne,Germany,,50.94257,6.958976,D538,,,,,,Diocesan,Episcopal mandate,Walram von Jülich,,1332,1349,,Latin,,,,"Wolter, Synodalstatuten, 400-403, no. 55",,,,,,,,,"Library Scan
Hard Copy Scan",Yes,Concerning clerical attire,Reviewed ,
2487,1338,1338,2,28,,,Brühl,Cologne,Cologne,Germany,,50.833333,6.9,D538,,,,,,Diocesan,Episcopal mandate,Walram von Jülich,,1332,1349,,Latin,,,,"Wolter, Synodalstatuten, 403-405, no. 56",,,,,,,,,"Library Scan
Hard Copy Scan",Yes,,Reviewed ,
2488,1338,1338,2,28,,,Brühl,Cologne,Cologne,Germany,,50.833333,6.9,D538,,,,,,Diocesan,Episcopal mandate,Walram von Jülich,,1332,1349,,Latin,,,,"Wolter, Synodalstatuten, 405-408, no. 57",,,,,,,,,"Library Scan
Hard Copy Scan",Yes,,Reviewed ,
2489,1338,1338,9,28,,,Brühl,Cologne,Cologne,Germany,,50.833333,6.9,D538,,,,,,Diocesan,Episcopal mandate,Walram von Jülich,,1332,1349,,Latin,,"Münster, LAV NRW W St. Patrokli Soest, U. 126 ",,"Wolter, Synodalstatuten, 408-410, no. 58",,,,,,,,,"Library Scan
Hard Copy Scan",Yes,,Reviewed ,
2490,1338,1338,9,30,,,Brühl,Cologne,Cologne,Germany,,50.833333,6.9,D538,,,,,,Diocesan,Episcopal mandate,Walram von Jülich,,1332,1349,,Latin,,,,"Wolter, Synodalstatuten, 410-412, no. 59",,,,,,,,,"Library Scan
Hard Copy Scan",Yes,,Reviewed ,
2491,1338,1338,9,30,,,Brühl,Cologne,Cologne,Germany,,50.833333,6.9,D538,,,,,,Diocesan,Episcopal mandate,Walram von Jülich,,1332,1349,,Latin,,,,"Wolter, Synodalstatuten, 412-416, no. 60",,,,,,,,,"Library Scan
Hard Copy Scan",Yes,,Reviewed ,
2492,1339,1339,,,,,[Cologne],Cologne,Cologne,Germany,,50.94257,6.958976,D538,,,,,,Diocesan,Episcopal mandate,Walram von Jülich,,1332,1349,,Latin,,,,"Wolter, Synodalstatuten, 416-418, no. 61",,,,,,,,,"Library Scan
Hard Copy Scan",Yes,"Concerning the observance of the papal constitution Suscepti regiminis, as ordered in 1338 statute",Reviewed ,
2493,1344,1344,12,3,,,[Cologne],Cologne,Cologne,Germany,,50.94257,6.958976,D538,,,,,,Diocesan,Episcopal mandate,Walram von Jülich,,1332,1349,,Latin,,,,"Wolter, Synodalstatuten, 422-425, no. 63",,,,,,,,,"Library Scan
Hard Copy Scan",Yes,,Reviewed ,
2494,1346,1346,9,30,,,[Cologne],Cologne,Cologne,Germany,,50.94257,6.958976,D538,,,,,,Diocesan,Episcopal mandate,Walram von Jülich,,1332,1349,,Latin,,,,"Wolter, Synodalstatuten, 425-427, no. 64",,,,,,,,,"Library Scan
Hard Copy Scan",Yes,,Reviewed ,
2495,1346,1346,10,6,,or October 7,[Cologne],Cologne,Cologne,Germany,,50.94257,6.958976,D538,,,,,,Diocesan,Episcopal mandate,Walram von Jülich,,1332,1349,,Latin,,,,"Wolter, Synodalstatuten, 427-430, no. 65",,,,,,,,,"Library Scan
Hard Copy Scan",Yes,,Reviewed ,
2496,1348,1348,9,28,,,[Cologne],Cologne,Cologne,Germany,,50.94257,6.958976,D538,,,,,,Diocesan,Episcopal mandate,Walram von Jülich,,1332,1349,,Latin,,,,"Wolter, Synodalstatuten, 432-432, no. 66",,,,,,,,,"Library Scan
Hard Copy Scan",Yes,,Reviewed ,
2497,1348,1348,9,28,,,[Cologne],Cologne,Cologne,Germany,,50.94257,6.958976,D538,,,,,,Diocesan,Episcopal mandate,Walram von Jülich,,1332,1349,,Latin,,,,"Wolter, Synodalstatuten, 433-434, no. 67",,,,,,,,,"Library Scan
Hard Copy Scan",Yes,,Reviewed ,
2498,1348,1348,9,28,,,[Cologne],Cologne,Cologne,Germany,,50.94257,6.958976,D538,,,,,,Diocesan,Episcopal mandate,Walram von Jülich,,1332,1349,,Latin,,,,"Wolter, Synodalstatuten, 434-436, no. 68",,,,,,,,,"Library Scan
Hard Copy Scan",Yes,,Reviewed ,
2499,1350,1350,12,20,,,Cologne,Cologne,Cologne,Germany,,50.94257,6.958976,D538,,,,,,Other,"Episcopal mandate, not issued in synod",Wilhelm von Gennep,,1349,1362,,Latin,,,,"Wolter, Synodalstatuten, 436-437, no. 69","REK VI, no. 110 (Summary)",,,,,,,,"GoogleBooks
Data Capture",,,Reviewed ,
2500,1351,1351,3,5,,,Cologne,Cologne,Cologne,Germany,,50.94257,6.958976,D538,,,,,,Diocesan,,Wilhelm von Gennep,,1349,1362,,Latin,,,,"Wolter, Synodalstatuten, 438-446, no. 70","REK VI, no. 139 (Summary)",,,,,,,,"GoogleBooks
Data Capture",,Focuses in particular on canons,Reviewed ,
2501,1352,1352,2,25,,,Cologne,Cologne,Cologne,Germany,,50.94257,6.958976,D538,,,,,,Diocesan,,Wilhelm von Gennep,,1349,1362,,Latin,,,,"Wolter, Synodalstatuten, 446-448, no. 71","REK VI, no. 247 (Summary)",,,,,,,,"GoogleBooks
Data Capture",,,Reviewed ,
2502,1352,1352,10,2,,,Cologne,Cologne,Cologne,Germany,,50.94257,6.958976,D538,,,,,,Diocesan,,Wilhelm von Gennep,,1349,1362,,Latin,,,,"Wolter, Synodalstatuten, 448-450, no. 72","REK VI, no. 310 (Summary)",,,,,,,,"GoogleBooks
Data Capture",,,Reviewed ,
2503,1352,1352,10,2,,,Cologne,Cologne,Cologne,Germany,,50.94257,6.958976,D538,,,,,,Diocesan,,Wilhelm von Gennep,,1349,1362,,Latin,,,,"Wolter, Synodalstatuten, 450-454, no. 73","REK VI, no. 309 (Summary)",,,,,,,,"GoogleBooks
Data Capture",,,Reviewed ,
2504,1354,1354,3,3,,,Cologne,Cologne,Cologne,Germany,,50.94257,6.958976,D538,,,,,,Diocesan,,Wilhelm von Gennep,,1349,1362,,Latin,,,,"Wolter, Synodalstatuten, 478-480, no. 83",,,,,,,,,"GoogleBooks
Data Capture",,,Reviewed ,
2506,1354,1354,3,3,,,Cologne,Cologne,Cologne,Germany,,50.94257,6.958976,D538,,,,,,Diocesan,,Wilhelm von Gennep,,1349,1362,,Latin,,,,"Wolter, Synodalstatuten, 474-475, no. 81","Hartzheim IV, 477; REK VI, no. 508 (Summary)",https://books.google.com/books?id=kbNumdYKdrkC,,,,,,,"GoogleBooks
Data Capture",,,Reviewed ,
2507,1354,1354,3,3,,,Cologne,Cologne,Cologne,Germany,,50.94257,6.958976,D538,,,,,,Diocesan,,Wilhelm von Gennep,,1349,1362,,Latin,,,,"Wolter, Synodalstatuten, 476-478, no. 82","Hartzheim IV, 477-79; REK VI, no. 509 (Summary)",https://books.google.com/books?id=kbNumdYKdrkC,,,,,,,"GoogleBooks
Data Capture",,,Reviewed ,
2508,1355,1355,9,19,,,Cologne,Cologne,Cologne,Germany,,50.94257,6.958976,D538,,,,,,Diocesan,,Wilhelm von Gennep,,1349,1362,,Latin,,,,"Wolter, Synodalstatuten, 481-482, no. 86",,,,,,,,,"GoogleBooks
Hard Copy Scan",Yes,,Reviewed ,
2509,1355,1355,5,4,,,Brühl,Cologne,Cologne,Germany,,50.833333,6.9,D538,,,,,,Diocesan,"Episcopal mandate, not issued in synod",Wilhelm von Gennep,,1349,1362,,Latin,,,,"Wolter, Synodalstatuten, 481-482, no. 85","REK VI, no. 647 (Summary)",https://books.google.com/books?id=kbNumdYKdrkC,,,,,,,"GoogleBooks
Data Capture",,,Reviewed ,
2510,1356,1356,3,11,,,Bonn,Cologne,Cologne,Germany,,50.733889,7.099772,D538,,,,,,Diocesan,,Wilhelm von Gennep,,1349,1362,,Latin,,,,"Wolter, Synodalstatuten, 484-485, no. 87","REK VI, no. 777 (Summary)",https://books.google.com/books?id=kbNumdYKdrkC,,,,,,,"GoogleBooks
Data Capture",,,Reviewed ,
2511,1357,1357,3,12,,,Cologne,Cologne,Cologne,Germany,,50.94257,6.958976,D538,,,,,,Diocesan,,Wilhelm von Gennep,,1349,1362,,Latin,,,,"Wolter, Synodalstatuten, 512-514, no. 95",,https://books.google.com/books?id=kbNumdYKdrkC,,,,,,,"GoogleBooks
Data Capture",,,Reviewed ,
2512,1358,1358,2,8,,,Cologne,Cologne,Cologne,Germany,,50.94257,6.958976,D538,,,,,,Diocesan,,Wilhelm von Gennep,,1349,1362,,Latin,,,,"Wolter, Synodalstatuten, 527-528, no. 104",,,,,,,,,"GoogleBooks
Data Capture",,,Reviewed ,
2513,1360,1357x1362,,,Yes,,Cologne,Cologne,Cologne,Germany,,50.94257,6.958976,D538,,,,,,Other,,Wilhelm von Gennep,,1349,1362,,Latin,,,,"Wolter, Synodalstatuten, 543-545, no. 110",,,,,,,,,"GoogleBooks
Hard Copy Scan",,"The copyist used the incipit of ID 0025 (Cologne 1356; Wolter, Synodalstatuten, no. 88) and claims to be reissuing an earlier text verbatim 'sub hac forma verborum', but the remainder of the text differs from the exemplar (though it is possible that an earlier corresponding text has since been lost). ",Reviewed ,
2514,1365,1365,3,1,,,Cologne,Cologne,Cologne,Germany,,50.94257,6.958976,D538,,,,,,Diocesan,,Engelbert III von der Marck,,1364,1369,,Latin,,,,"Wolter, Synodalstatuten, 555-556, no. 116",,,,,,,,,"GoogleBooks
Data Capture",,,Reviewed ,
2515,1366,1366,10,2,,,Cologne,Cologne,Cologne,Germany,,50.94257,6.958976,D538,,,,,,Diocesan,,Engelbert III von der Marck,,1364,1369,,Latin,,,,"Wolter, Synodalstatuten, 569-571, no. 124",,,,,,,,,"GoogleBooks
Data Capture",,,Reviewed ,
2516,1368,1368,2,26,,,Cologne,Cologne,Cologne,Germany,,50.94257,6.958976,D538,,,,,,Diocesan,Issued by Coadjutor Cuno,,,,,,Latin,,"Cologne, Historiches Archiv, Best. 295 (Geistliche Abteilung 244), f. 91r-92r","Cologne, Diözesan- und Dombibliothek, Cod. 132, f. 64rb (only summary)","Wolter, Synodalstatuten, 578-579, no. 129",,,,,,,,,"GoogleBooks
Data Capture",,,Reviewed ,
2517,1369,1369,9,3,,,Godesberg,Cologne,Cologne,Germany,,50.683333,7.15,D538,,,,,,Diocesan,"issued by Cuno, AB Trier and Administrator of Cologne",,,,,,Latin,,,,"Wolter, Synodalstatuten, 584-586, no. 132",,,,,,,,,"Library Scan
Hard Copy Scan",Yes,,Reviewed ,
2524,1406,1406,5,31,,,Linköping,Linköping,Uppsala,Sweden,,58.4,15.616667,D699,,,,,,Diocesan,,Knut Bosson,,1391,1436,,Latin,,,,"Vadstenadiariet, ed. Gejrot, p. 106, no. 146",,,,,,,,Yes,,,"Only brief excerpts survive, concerning the introduction of new feasts",Reviewed ,
2525,1305,1305,10,11,,Day uncertain,Münster,Münster,Cologne,Germany,,51.962944,7.628694,D541,,,,,,Diocesan,,Otto III von Rietberg,,1301,1306,,Latin,,,,"Niesert, Beiträge zu einem Münsterischen Urkundenbuche, 1, 1, 28-31 (no. 3)",,https://books.google.com/books?id=TkdZAAAAcAAJ,,,,,,,"GoogleBooks
Hard Copy Scan",,,Reviewed ,
2526,1310,1310,10,12,,,Münster,Münster,Cologne,Germany,,51.962944,7.628694,D541,,,,,,Diocesan,,Ludwig II,,1310,1357,,Latin,,,,"Niesert, Beiträge zu einem Münsterischen Urkundenbuche, 1, 1, 31 (no. 4)","Westfaelisches Urkundenbuch, 8, p. 204, nr. 582",https://books.google.com/books?id=TkdZAAAAcAAJ,,,,,,,GoogleBooks,,,Reviewed ,
2527,1312,1312,10,16,,,Münster,Münster,Cologne,Germany,,51.962944,7.628694,D541,,,,,,Diocesan,,Ludwig II,,1310,1357,,Latin,,,,"Otte, Statuten, 101-132, at 129-30","Westfaelisches Urkundenbuch, 8, nr. 748; Niesert, Beiträge zu einem Münsterischen Urkundenbuche, 1, 1, 32-34 (no. 5)",,https://books.google.com/books?id=TkdZAAAAcAAJ,,,,,,GoogleBooks,,,Reviewed ,
2528,1315,1315,3,3,,,Münster,Münster,Cologne,Germany,,51.962944,7.628694,D541,,,,,,Diocesan,,Ludwig II,,1310,1357,,Latin,,,,"Westfaelisches Urkundenbuch, VIII, 333-334, nr. 921","Niesert, Beiträge zu einem Münsterischen Urkundenbuche, 1, 1, 34-38 (no. 6)",,https://books.google.com/books?id=TkdZAAAAcAAJ,,,,,,"GoogleBooks
Hard Copy Scan",,,Reviewed ,
2529,1370,1370,3,15,,,Münster,Münster,Cologne,Germany,,51.962944,7.628694,D541,,,,,,Diocesan,,Florenz von Wevelinghoven,,1364,1378,,Latin,,,,"Niesert, Beiträge zu einem Münsterischen Urkundenbuche, 1, 1, 47-49 (no. 9)","Hartzheim, IV, 511-513",https://books.google.com/books?id=TkdZAAAAcAAJ,https://books.google.com/books?id=M99KAAAAcAAJ,,,,,,"GoogleBooks
Hard Copy Scan",,,Reviewed ,
2530,1371,1371,3,15,,,Münster,Münster,Cologne,Germany,,51.962944,7.628694,D541,,,,,,Diocesan,,Florenz von Wevelinghoven,,1364,1378,,Latin,,,,"Niesert, Beiträge zu einem Münsterischen Urkundenbuche, 1, 1, 50-52 (no. 10)","Krabbe, Statuta synodalia, 251ff",https://books.google.com/books?id=TkdZAAAAcAAJ,https://books.google.com/books?id=mwZNAAAAcAAJ,,,,,,"GoogleBooks
Hard Copy Scan",,,Reviewed ,
2531,1372,1372,3,8,,,Münster,Münster,Cologne,Germany,,51.962944,7.628694,D541,,,,,,Diocesan,,Florenz von Wevelinghoven,,1364,1378,,Latin,,,,"Niesert, Beiträge zu einem Münsterischen Urkundenbuche, 1, 1, 53-54 (no. 11)",,https://books.google.com/books?id=TkdZAAAAcAAJ,,,,,,,"GoogleBooks
Hard Copy Scan",,,Reviewed ,
2533,1310,1310,6,17,,,Minden,Minden,Cologne,Germany,,52.283333,8.916667,D540,,,,,,Diocesan,,Gottfried von Waldeck,Godfrey of Waldeck,1304,1324,,Latin,,,,"Westfaelisches Urkundenbuch, X, p. 116, Nr. 324",,,,,,,,,"GoogleBooks
Hard Copy Scan",Yes,,Reviewed ,
2534,1313,1313,8,18,,,Minden,Minden,Cologne,Germany,,52.283333,8.916667,D540,,,,,,Diocesan,"Episcopal mandate, perhaps not issued in Synod?",Gottfried von Waldeck,Godfrey of Waldeck,1304,1324,,Latin,,,,"Westfaelisches Urkundenbuch, X, p. 150, Nr. 411",,,,,,,,,"GoogleBooks
Hard Copy Scan",Yes,,Reviewed ,
2535,1335,1324x1346,,,,,Minden,Minden,Cologne,Germany,,52.283333,8.916667,D540,,,,,,Diocesan,"Episcopal mandate, perhaps not issued in Synod?",Ludwig,,1324,1346,,Latin,,,,"Westfaelisches Urkundenbuch, X, p. 334, Nr. 945",,,,,,,,,"GoogleBooks
Hard Copy Scan",Yes,,Reviewed ,
2536,1325,1325,3,27,,,Minden,Minden,Cologne,Germany,,52.283333,8.916667,D540,,,,,,Diocesan,,Ludwig,,1324,1346,,Latin,,,,"Westfaelisches Urkundenbuch, X, p. 339-42, Nr. 957",,,,,,,,,"GoogleBooks
Hard Copy Scan",Yes,,Reviewed ,
2538,1407,1407,5,22,,,Brandenburg,Brandenburg,Magdeburg,Germany,,52.416667,12.533333,D545,,,,,,Diocesan,,Henning von Bredow,,1406,1414,,Latin,,,,"Codex Diplomaticus Brandenburgensis. Haupttheil I, Bd. 8, p387-388, no 419","Statuta synodalia Brandenburgensia (Leipzig, 1489), c. 31",https://books.google.com/books?id=XGBcAAAAcAAJ,https://www.bibliotekacyfrowa.pl/dlibra/publication/108196/edition/98919/content,"Wroclaw, Bib Uni, XV.Q.109 (other surviving copy, in Berlin, is imperfect)

",,,,,GoogleBooks,,Only partly reissued in 1488 printing,Reviewed ,
2539,1313,1313,,,,,Havelberg,Havelberg,Magdeburg,Germany,,52.825,12.074444,D546,,,,,,Diocesan,,Rainer von Dequede,,1312,1319,,Latin,,,,"Codex Diplomaticus Brandenburgensis. Haupttheil I, Bd. 3, p233-234, nr. 1",,https://books.google.com/books?id=-j0OAAAAQAAJ,,,,,,,Data Capture,,,Reviewed ,
2540,1327,1327,,,,,Havelberg,Havelberg,Magdeburg,Germany,,52.825,12.074444,D546,,,,,,Diocesan,,Dietrich I Kothe,,1325,1341,,Latin,,,,"Codex Diplomaticus Brandenburgensis. Haupttheil I, Bd. 3, p234, nr. 2",,https://books.google.com/books?id=-j0OAAAAQAAJ,,,,,,,Data Capture,,,Reviewed ,
2541,1345,1345,,,,,Havelberg,Havelberg,Magdeburg,Germany,,52.825,12.074444,D546,,,,,,Diocesan,,Burkhard I von Bardeleben,,1341,1348,,Latin,,,,"Codex Diplomaticus Brandenburgensis. Haupttheil I, Bd. 3, p234-35, nr. 3",,https://books.google.com/books?id=-j0OAAAAQAAJ,,,,,,,Data Capture,,,Reviewed ,
2542,1342,1342,,,,in die Sancti Sebastiani martiris,Havelberg,Havelberg,Magdeburg,Germany,,52.825,12.074444,D546,,,,,,Diocesan,,Burkhard I von Bardeleben,,1341,1348,,Latin,,,,"Codex Diplomaticus Brandenburgensis. Haupttheil I, Bd. 3, p235, nr. 4",,https://books.google.com/books?id=-j0OAAAAQAAJ,,,,,,,Data Capture,,,Reviewed ,
2543,1360,1360,,,Yes,Year uncertain; text dated 1309 but this is likely error of IX for LX,Havelberg,Havelberg,Magdeburg,Germany,,52.825,12.074444,D546,,,,,,Diocesan,,Burkhard II,,1348,1370,,Latin,,,,"Codex Diplomaticus Brandenburgensis. Haupttheil I, Bd. 3, p235-36, nr. 5",,https://books.google.com/books?id=-j0OAAAAQAAJ,,,,,,,Data Capture,,,Reviewed ,
2545,1375,1375,,,,,Havelberg,Havelberg,Magdeburg,Germany,,52.825,12.074444,D546,,,,,,Diocesan,,Dietrich Man,,1370,1385,,Latin,,,,"Codex Diplomaticus Brandenburgensis. Haupttheil I, Bd. 3, p237-38, nr. 7",,https://books.google.com/books?id=-j0OAAAAQAAJ,,,,,,,,,,Reviewed ,
2546,1390,1390,,,,,Havelberg,Havelberg,Magdeburg,Germany,,52.825,12.074444,D546,,,,,,Diocesan,,Johann III Wöplitz,,1385,1401,,Latin,,,,"Codex Diplomaticus Brandenburgensis. Haupttheil I, Bd. 3, p238-39, nr. 8",,https://books.google.com/books?id=-j0OAAAAQAAJ,,,,,,,Data Capture,,,Reviewed ,
2547,1427,1427,,,,,Havelberg,Havelberg,Magdeburg,Germany,,52.825,12.074444,D546,,,,,,Diocesan,,Konrad von Lintorf,,1427,1460,,Latin,,,,"Codex Diplomaticus Brandenburgensis. Haupttheil I, Bd. 3, p240-46, nr. 9",,https://books.google.com/books?id=-j0OAAAAQAAJ,,,,,,,Data Capture,,,Reviewed ,
2548,1463,1463,,,,,Havelberg,Havelberg,Magdeburg,Germany,,52.825,12.074444,D546,,,,,,Diocesan,,Witticho Gans zu Putlitz,,1461,1487,,Latin,,,,"Codex Diplomaticus Brandenburgensis. Haupttheil I, Bd. 3, p246-248, nr. 10",,https://books.google.com/books?id=-j0OAAAAQAAJ,,,,,,,Data Capture,,,Reviewed ,
2549,1464,1464,,,,,Havelberg,Havelberg,Magdeburg,Germany,,52.825,12.074444,D546,,,,,,Diocesan,,Witticho Gans zu Putlitz,,1461,1487,,Latin,,,,"Codex Diplomaticus Brandenburgensis. Haupttheil I, Bd. 3, p248-49, nr. 11",,https://books.google.com/books?id=-j0OAAAAQAAJ,,,,,,,Data Capture,,,Reviewed ,
2550,1464,1464,,,,,Havelberg,Havelberg,Magdeburg,Germany,,52.825,12.074444,D546,,,,,,Diocesan,,Witticho Gans zu Putlitz,,1461,1487,,Latin,,,,"Codex Diplomaticus Brandenburgensis. Haupttheil I, Bd. 3, p250-51, nr. 12",,https://books.google.com/books?id=-j0OAAAAQAAJ,,,,,,,Data Capture,,"(5) Item Quilibet plebanus, in loco murato habitans, habeat statuta prouincialia et sinodalia. Aliorum vero locorum plebani habeant statuta synodalia ad minus Quilibet etiam hujusmodi statuta et statuenda singulis annis aput alia statuta sinodalia conscribat Eaque nostro In spiritualibus vicario post lapsum duorum mensium exnunc requisitus exhibeat oculatim, si penam ob hoc condignam voluerit euitare. 
",Reviewed ,
2551,1465,1465,,,,,Havelberg,Havelberg,Magdeburg,Germany,,52.825,12.074444,D546,,,,,,Diocesan,,Witticho Gans zu Putlitz,,1461,1487,,Latin,,,,"Codex Diplomaticus Brandenburgensis. Haupttheil I, Bd. 3, p251-52, nr. 13",,https://books.google.com/books?id=-j0OAAAAQAAJ,,,,,,,Data Capture,,,Reviewed ,
2554,1471,1471,,,,,Havelberg,Havelberg,Magdeburg,Germany,,52.825,12.074444,D546,,,,,,Diocesan,,Witticho Gans zu Putlitz,,1461,1487,,Latin,,,,"Codex Diplomaticus Brandenburgensis. Haupttheil I, Bd. 3, p257-58, no. 17",,https://books.google.com/books?id=-j0OAAAAQAAJ,,,,,,,Data Capture,,,Reviewed ,
2555,1474,1474,,,,,Havelberg,Havelberg,Magdeburg,Germany,,52.825,12.074444,D546,,,,,,Diocesan,,Witticho Gans zu Putlitz,,1461,1487,,Latin,,,,"Codex Diplomaticus Brandenburgensis. Haupttheil I, Bd. 3, p258-59, no. 18",,https://books.google.com/books?id=-j0OAAAAQAAJ,,,,,,,Data Capture,,,Reviewed ,
2556,1485,1485,,,,,Havelberg,Havelberg,Magdeburg,Germany,,52.825,12.074444,D546,,,,,,Diocesan,,Witticho Gans zu Putlitz,,1461,1487,,Latin,,,,"Codex Diplomaticus Brandenburgensis. Haupttheil I, Bd. 3, p259, no. 19",,https://books.google.com/books?id=-j0OAAAAQAAJ,,,,,,,Data Capture,,,Reviewed ,
2557,1488,1488,,,,,Havelberg,Havelberg,Magdeburg,Germany,,52.825,12.074444,D546,,,,,,Diocesan,,Busso I von Alvensleben,,1487,1493,,Latin,,,,"Codex Diplomaticus Brandenburgensis. Haupttheil I, Bd. 3, p259-60, no. 20",,https://books.google.com/books?id=-j0OAAAAQAAJ,,,,,,,Data Capture,,,Reviewed ,
2558,1494,1494,,,,,Havelberg,Havelberg,Magdeburg,Germany,,52.825,12.074444,D546,,,,,,Diocesan,,Otto II von Königsmarck,,1493,1501,,Latin,,,,"Codex Diplomaticus Brandenburgensis. Haupttheil I, Bd. 3, p260-261, no. 21",,https://books.google.com/books?id=-j0OAAAAQAAJ,,,,,,,Data Capture,,,Reviewed ,
2559,1496,1496,,,,,Havelberg,Havelberg,Magdeburg,Germany,,52.825,12.074444,D546,,,,,,Diocesan,,Otto II von Königsmarck,,1493,1501,,Latin,,,,"Codex Diplomaticus Brandenburgensis. Haupttheil I, Bd. 3, p261-263, no. 22",,https://books.google.com/books?id=-j0OAAAAQAAJ,,,,,,,Data Capture,,,Reviewed ,
2562,1363,1363,5,30,,,Ziesar,Brandenburg,Magdeburg,Germany,,52.266667,12.283056,D545,,,,,,Diocesan,,Dietrich I. Rothe,,1347,1365,,Latin,,,,"Codex Diplomaticus Brandenburgensis. Haupttheil I, Bd. 8, p284, no. 270","Statuta synodalia Brandenburgensia (Leipzig, 1489), cap. 29",https://books.google.com/books?id=XGBcAAAAcAAJ,https://www.bibliotekacyfrowa.pl/dlibra/publication/108196/edition/98919/content,"Wroclaw, Bib Uni, XV.Q.109 (other surviving copy, in Berlin, is imperfect)
",,,,,GoogleBooks,,"Church rectors not only instructed to publicize the statutes to their congregations, but also to persuade the mendicant friars to disseminate them through preaching and confession.",Reviewed ,
2563,1406,1406,6,6,,,Brandenburg,Brandenburg,Magdeburg,Germany,,52.416667,12.533333,D545,,,,,,Diocesan,,Heinrich von Bodendieck,,1393,1406,,Latin,,,,"Codex Diplomaticus Brandenburgensis. Haupttheil I, Bd. 8, p384, Nr. 416","Statuta synodalia Brandenburgensia (Leipzig, 1489), c. 30",https://books.google.com/books?id=XGBcAAAAcAAJ,https://www.bibliotekacyfrowa.pl/dlibra/publication/108196/edition/98919/content,"Wroclaw, Bib Uni, XV.Q.109 (other surviving copy, in Berlin, is imperfect)
",,,,,GoogleBooks,,"Three passages were omitted from the 1488 printing: 
1) Priests were asked to exhort the faithful to hear the whole Mass in their own parish  on Sundays and holidays
2) Priests instructed not  to visit inns to eat and drink
3) All clerics and laity forbidden to live together with Jews, to summon them in case of illness or to accept medicine from them",Reviewed ,
2575,1315,1304x1324,,,,,Minden,Minden,Cologne,Germany,,52.283333,8.916667,D540,,,,,,Diocesan,"Episcopal mandate, not necessarily issued in synod",Gottfried von Waldeck,Godfrey of Waldeck,1304,1324,,Latin,,,,"Westfaelisches Urkundenbuch, X, p. 38, Nr. 119",,,,,,,,,"GoogleBooks
Hard Copy Scan",Yes,,Reviewed ,
2578,1309,1309,10,7,,,Noyon,Noyon,Reims,France,,49.581667,2.999722,D428,,,,,,Diocesan,issued by vicars general,André Lemoine,,1304,1315,Yes,Latin,,"Paris, BnF Latin 11067, fols. 23rv",,,,,,,Transcription by Christine Barralis,,,,,,,Reviewed ,
2580,1314,1314,5,13,,,Verden,Verden,Mainz,Germany,,52.923333,9.235,D559,,,,,,Diocesan,,Nikolaus Ketelhot,,1312,1332,,Latin,,,,"UB Verden, II, 107, no. 125",,,,,,,,,Hard Copy Scan,,,Reviewed ,
2581,1325,1325,9,16,,,Verden,Verden,Mainz,Germany,,52.923333,9.235,D559,,,,,,Diocesan,,Nikolaus Ketelhot,,1312,1332,,Latin,German,,,"UB Verden, II, 209, no. 238",,,,Survives only as a brief summary in Spangenberg's Chronicon; Latin version is a translation from the vernacular chronicle,,,,Yes,Hard Copy Scan,,,Reviewed ,
2582,1328,1328,11,4,,,Stade,,Bremen,Germany,,53.600833,9.476389,P017,,,,,,Provincial,,Burchard II,,1327,1344,,Latin,,,,"Bremisches UB 2, 296-298, nr. 300",,,,Includes numerous borrowings from 1287 Legatine statutes of Wurzburg and 1292 Bremen provincial council (edition gives these in smaller type),,,,,GoogleBooks,,"AB Burchard encouraged Bp Nikolaus of Verden to adopt these statutes for his diocese (even though Verden was a suffragan of Mainz rather than Bremen) ""because of the proximity of his diocese""; it is unclear whether he did so (see UB Verden, II, 250-51, no. 285)",Reviewed ,
2583,1333,1333,5,28,,,Lüneburg,Verden,Mainz,Germany,held in the Franciscan church St. Marien,53.2525,10.414444,D559,,,,,,Diocesan,,Johannes Hake,,1332,1340,,Latin,,,,"UB Verden, II, 329, no. 392",,,,,,,,,Hard Copy Scan,,,Reviewed ,
2584,1344,1344,3,12,,"held 8, 10, 12 March; These were reconfirmed in 1365 by Bp Gerhard II (see UB Verden II, 795-796, nr. 848.",Lüneburg,Verden,Mainz,Germany,Location of synod not certain; perhaps held in Verden,53.2525,10.414444,D559,,,,,,Diocesan,,Daniel von Wichtrich,,1342,1363,,Latin,,,,"UB Verden, II, 526-530, no. 593",,,,,,,,,Hard Copy Scan,,,Reviewed ,
2585,1351,1351,5,12,,,Lüneburg,Verden,Mainz,Germany,,53.2525,10.414444,D559,,,,,,Diocesan,,Daniel von Wichtrich,,1342,1363,,Latin,,,,"UB Verden, II, 620-626, no. 683",,,,,,,,,Hard Copy Scan,,,Reviewed ,
2587,1304,1304,4,7,,,Carcassonne,Carcassonne,Narbonne,France,,43.21306,2.352028,D402,,,,,,Diocesan,,Pierre de Rochefort,Pierre de Roquefort,1300,1322,,Latin,,"Paris BnF lat 1613, fols. 53r","Vatican, BAV, Vat Lat 9868, fol. 270r (partial 18th-c copy of Paris MS); Carcassonne, Bibliothèque diocésaine, ms. 3, fol. 54v (text added in lower margin)",,,http://gallica.bnf.fr/ark:/12148/btv1b10034655j,,,"Transcription by Jasmin Hauck (completed 25 April 2018), with readings of Paris MS checked against Vatican transcription and then partially checked  (by Christine Barralis) against readings of Carcassonne MS.",,,,Digital MS,,,Reviewed ,
2588,1315,1315,11,8,,,Carcassonne,Carcassonne,Narbonne,France,,43.21306,2.352028,D402,,,,,,Diocesan,,Pierre de Rochefort,Pierre de Roquefort,1300,1322,,Latin,,"Paris BnF lat 1613, fols. 53rv","Vatican, BAV, Vat Lat 9868, ff. 270rv (partial 18th-c copy of Paris MS); Carcassonne, Bibliothèque diocésaine, ms. 3, fol. 69rv",,,http://gallica.bnf.fr/ark:/12148/btv1b10034655j,,,"Transcription by Jasmin Hauck (completed 25 April 2018), with readings of Paris MS checked against Vatican transcription and then partially checked  (by Christine Barralis) against readings of Carcassonne MS.",,,,Digital MS,,,Reviewed ,
2589,1307,1307,,,,Easter synod,Carcassonne,Carcassonne,Narbonne,France,,43.21306,2.352028,D402,,,,,,Diocesan,,Pierre de Rochefort,Pierre de Roquefort,1300,1322,,Latin,,"Paris BnF lat 1613, fols. 53v","Vatican, BAV, Vat Lat 9868, fol. 270v (partial 18th-c copy of Paris MS); Carcassonne, Bibliothèque diocésaine, ms. 3, fol. 54v-55r",,,http://gallica.bnf.fr/ark:/12148/btv1b10034655j,,,"Transcription by Jasmin Hauck (completed 25 April 2018), with readings of Paris MS checked against Vatican transcription and then partially checked  (by Christine Barralis) against readings of Carcassonne MS. The last two capitula are only in Carcassonne Ms, and were transcribed by Christine Barralis.",,,,Digital MS,,,Reviewed ,
2590,1307,1307,11,7,,,Carcassonne,Carcassonne,Narbonne,France,,43.21306,2.352028,D402,,,,,,Diocesan,,Pierre de Rochefort,Pierre de Roquefort,1300,1322,,Latin,,"Paris BnF lat 1613, fols. 53v-54r","Vatican, BAV, Vat Lat 9868, fol. 270v (partial 18th-c copy of Paris MS); Carcassonne, Bibliothèque diocésaine, ms. 3, fol.55r",,,http://gallica.bnf.fr/ark:/12148/btv1b10034655j,,,"Transcription by Jasmin Hauck (completed 25 April 2018), with readings of Paris MS checked against Vatican transcription and then partially checked  (by Christine Barralis) against readings of Carcassonne MS. ",,,,Digital MS,,,Reviewed ,
2591,1309,1309,,,,Easter synod,Carcassonne,Carcassonne,Narbonne,France,,43.21306,2.352028,D402,,,,,,Diocesan,,Pierre de Rochefort,Pierre de Roquefort,1300,1322,,Latin,,"Paris BnF lat 1613, fols. 54rv","Vatican, BAV, Vat Lat 9868 (partial 18th-c copy of Paris MS); Carcassonne, Bibliothèque diocésaine, ms. 3, fol.55v-56v",,,http://gallica.bnf.fr/ark:/12148/btv1b10034655j,,,"Transcription by Jasmin Hauck (completed 25 April 2018), with readings of Paris MS checked against Vatican transcription and then partially checked  (by Christine Barralis) against readings of Carcassonne MS. ",,,,Digital MS,,,Reviewed ,
2592,1310,1310,,,,Winter (All Saints),Carcassonne,Carcassonne,Narbonne,France,,43.21306,2.352028,D402,,,,,,Diocesan,,Pierre de Rochefort,Pierre de Roquefort,1300,1322,,Latin,,"Paris BnF lat 1613, fols. 55r-56r","Vatican, BAV, Vat Lat 9868 (partial 18th-c copy of Paris MS); Carcassonne, Bibliothèque diocésaine, ms. 3, fol. 57r-58r",,,http://gallica.bnf.fr/ark:/12148/btv1b10034655j,,,"Transcription by Jasmin Hauck (completed 25 April 2018), with readings of Paris MS checked against Vatican transcription and then partially checked  (by Christine Barralis) against readings of Carcassonne MS. ",,,,Digital MS,,,Reviewed ,
2593,1311,1311,,,,Winter (All Saints),Carcassonne,Carcassonne,Narbonne,France,,43.21306,2.352028,D402,,,,,,Diocesan,,Pierre de Rochefort,Pierre de Roquefort,1300,1322,,Latin,,"Paris BnF lat 1613, fols. 61v-62r","Vatican, BAV, Vat Lat 9868, fol. 273v-274r (partial 18th-c copy of Paris MS); Carcassonne, Bibliothèque diocésaine, ms. 3, fol. 58rv",,,http://gallica.bnf.fr/ark:/12148/btv1b10034655j,,,"Transcription by Jasmin Hauck (completed 25 April 2018), with readings of Paris MS checked against Vatican transcription and then partially checked  (by Christine Barralis) against readings of Carcassonne MS. ",,,,Digital MS,,,Reviewed ,
2594,1312,1312,,,,Winter (All Saints),Carcassonne,Carcassonne,Narbonne,France,,43.21306,2.352028,D402,,,,,,Diocesan,,Pierre de Rochefort,Pierre de Roquefort,1300,1322,,Latin,,"Paris BnF lat 1613, fols. 62r-63v","Vatican, BAV, Vat Lat 9868, fol. 274rv (partial 18th-c copy of Paris MS); Carcassonne, Bibliothèque diocésaine, ms. 3, fol. 64r-66r",,,http://gallica.bnf.fr/ark:/12148/btv1b10034655j,,,"Transcription by Jasmin Hauck (completed 25 April 2018), with readings of Paris MS checked against Vatican transcription and then partially checked  (by Christine Barralis) against readings of Carcassonne MS. ",,,,Digital MS,,,Reviewed ,
2595,1262,1262,10,17,,,Paderborn,Paderborn,Mainz,Germany,,,,D556,,,,,,Diocesan,,Simon zur Lippe,,1247,1277,,Latin,,,,"Westfaelisches Urkundenbuch, IV, 475-476, no. 916",,,,,,,,,Hard Copy Scan,,,Reviewed ,
2601,1292,1292,5,13,,"Dating unclear; the 19th-c copy of this text (destroyed in 1943) read 1322, but since this was issued by Bp Conrad, this must have been a misreading of the original document (see editorial remarks to this document) ",Verden,Verden,Mainz,Germany,,52.923333,9.235,D559,,,,,,Other,Regulations concerning synodal attendance,Konrad I von Braunschweig-Lüneburg,,1269,1300,,Latin,,,,"UB Verden, I, 715, no. 682",,,,,,,,,Hard Copy Scan,,,Reviewed ,
2603,1313,1313,,,,Easter,Carcassonne,Carcassonne,Narbonne,France,,43.21306,2.352028,D402,,,,,,Diocesan,,Pierre de Rochefort,Pierre de Roquefort,1300,1322,,Latin,,"Paris BnF lat 1613, fols. 63v-64r","Carcassonne, Bibliothèque diocésaine, ms. 3, fol. 66r; Vatican, BAV, Vat Lat 9868, ff. 274v-275r (partial 18th-c copy of Paris MS)",,,http://gallica.bnf.fr/ark:/12148/btv1b10034655j,,,"Transcription by Jasmin Hauck (completed 25 April 2018), with readings of Paris MS checked against Vatican transcription and then partially checked  (by Christine Barralis) against readings of Carcassonne MS.",,,,Digital MS,,,Reviewed ,
2604,1313,1313,,,,Winter,Carcassonne,Carcassonne,Narbonne,France,,43.21306,2.352028,D402,,,,,,Diocesan,,Pierre de Rochefort,Pierre de Roquefort,1300,1322,,Latin,,"Paris BnF lat 1613, fols. 64r-65r","Carcassonne, Bibliothèque diocésaine, ms. 3, fol. 66r-67r; Vatican, BAV, Vat Lat 9868, ff. 275rv (partial 18th-c copy of Paris MS)",,,http://gallica.bnf.fr/ark:/12148/btv1b10034655j,,,"Transcription by Jasmin Hauck (completed 25 April 2018), with readings of Paris MS checked against Vatican transcription and then partially checked  (by Christine Barralis) against readings of Carcassonne MS.",,,,Digital MS,,,Reviewed ,
2605,1314,1314,,,,Easter,Carcassonne,Carcassonne,Narbonne,France,,43.21306,2.352028,D402,,,,,,Diocesan,,Pierre de Rochefort,Pierre de Roquefort,1300,1322,,Latin,,"Paris BnF lat 1613, fol. 65rv","Carcassonne, Bibliothèque diocésaine, ms. 3, fol. 67v-68r; Vatican, BAV, Vat Lat 9868, f. 275v (partial 18th-c copy of Paris MS)",,,http://gallica.bnf.fr/ark:/12148/btv1b10034655j,,,"Transcription by Jasmin Hauck (completed 25 April 2018), with readings of Paris MS checked against Vatican transcription and then partially checked  (by Christine Barralis) against readings of Carcassonne MS.",,,,Digital MS,,,Reviewed ,
2606,1314,1314,,,,Winter,Carcassonne,Carcassonne,Narbonne,France,,43.21306,2.352028,D402,,,,,,Diocesan,,Pierre de Rochefort,Pierre de Roquefort,1300,1322,,Latin,,"Paris BnF lat 1613, fols. 65v-66r","Carcassonne, Bibliothèque diocésaine, ms. 3, fol. 68rv; Vatican, BAV, Vat Lat 9868, f. 275v (partial 18th-c copy of Paris MS)",,,http://gallica.bnf.fr/ark:/12148/btv1b10034655j,,,"Transcription by Jasmin Hauck (completed 25 April 2018), with readings of Paris MS checked against Vatican transcription and then partially checked  (by Christine Barralis) against readings of Carcassonne MS.",,,,Digital MS,,,Reviewed ,
2607,1316,1316,,,,Easter,Carcassonne,Carcassonne,Narbonne,France,,43.21306,2.352028,D402,,,,,,Diocesan,,Pierre de Rochefort,Pierre de Roquefort,1300,1322,,Latin,,"Paris BnF lat 1613, fols 66rv; ","Vatican, BAV, Vat Lat 9868, ff. 276 (partial 18th-c copy of Paris MS); Carcassonne, Bibliothèque diocésaine, ms. 3, fol. 69v",,,http://gallica.bnf.fr/ark:/12148/btv1b10034655j,,,"Transcription by Jasmin Hauck (completed 25 April 2018), with readings of Paris MS checked against Vatican transcription and then partially checked  (by Christine Barralis) against readings of Carcassonne MS. Caps. 1 and 2 are missing in BnF and BAV : transcription by Christine Barralis (completed october 2022).

",,,,Digital MS,,,Reviewed ,
2609,1318,1318,5,25,,Easter,Carcassonne,Carcassonne,Narbonne,France,,43.21306,2.352028,D402,,,,,,Diocesan,,Pierre de Rochefort,Pierre de Roquefort,1300,1322,,Latin,,"Paris BnF lat 1613, fols 67r","Vatican, BAV, Vat Lat 9868, ff. 276rv (partial 18th-c copy of Paris MS); Carcassonne, Bibliothèque diocésaine, ms. 3, fol. 70v-71r",,,http://gallica.bnf.fr/ark:/12148/btv1b10034655j,,,"Transcription by Jasmin Hauck (completed 25 April 2018), with readings of Paris MS checked against Vatican transcription and then partially checked  (by Christine Barralis) against readings of Carcassonne MS. ",,,,Digital MS,,,Reviewed ,
2610,1319,1319,4,17,,,Carcassonne,Carcassonne,Narbonne,France,,43.21306,2.352028,D402,,,,,,Diocesan,,Pierre de Rochefort,Pierre de Roquefort,1300,1322,,Latin,,"Paris BnF lat 1613, fols 67v","Vatican, BAV, Vat Lat 9868, ff. 276v (partial 18th-c copy of Paris MS); Carcassonne, Bibliothèque diocésaine, ms. 3, fol. 71v",,,http://gallica.bnf.fr/ark:/12148/btv1b10034655j,,,"Transcription by Jasmin Hauck (completed 25 April 2018), with readings of Paris MS checked against Vatican transcription and then partially checked  (by Christine Barralis) against readings of Carcassonne MS.",,,,Digital MS,,,Reviewed ,
2611,1320,1320,,,Yes,,Carcassonne,Carcassonne,Narbonne,France,,43.21306,2.352028,D402,,,,,,Diocesan,,Pierre de Rochefort,Pierre de Roquefort,1300,1322,,Latin,,"Paris BnF lat 1613, fols 67v","Vatican, BAV, Vat Lat 9868, ff. 276v (partial 18th-c copy of Paris MS); Carcassonne, Bibliothèque diocésaine, ms. 3, fol. 73r",,,http://gallica.bnf.fr/ark:/12148/btv1b10034655j,,,"Transcription by Jasmin Hauck (completed 25 April 2018), with readings of Paris MS checked against Vatican transcription and then partially checked  (by Christine Barralis) against readings of Carcassonne MS.",,,,Digital MS,,,Reviewed ,
2612,1320,1320,4,28,,,Carcassonne,Carcassonne,Narbonne,France,,43.21306,2.352028,D402,,,,,,Diocesan,,Pierre de Rochefort,Pierre de Roquefort,1300,1322,,Latin,,"Paris BnF lat 1613, fols 67v-68r","Vatican, BAV, Vat Lat 9868, ff. 276v-277r (partial 18th-c copy of Paris MS); Carcassonne, Bibliothèque diocésaine, ms. 3, fol. 73r-74r",,,http://gallica.bnf.fr/ark:/12148/btv1b10034655j,,,"Transcription by Jasmin Hauck (completed 25 April 2018), with readings of Paris MS checked against Vatican transcription and then partially checked  (by Christine Barralis) against readings of Carcassonne MS.",,,,Digital MS,,,Reviewed ,
2613,1322,1322,,,,Easter,Carcassonne,Carcassonne,Narbonne,France,,43.21306,2.352028,D402,,,,,,Diocesan,"general vicars of the bishopric, sede vacante",,,,,Yes,Latin,,"Paris BnF lat 1613, fol. 70v","Vatican, BAV, Vat Lat 9868, ff. 277v (partial 18th-c copy of Paris MS); Carcassonne, Bibliothèque diocésaine, ms. 3, fol. 76r",,,http://gallica.bnf.fr/ark:/12148/btv1b10034655j,,,"Transcription by Jasmin Hauck (completed 25 April 2018), with readings of Paris MS checked against Vatican transcription and then partially checked  (by Christine Barralis) against readings of Carcassonne MS.",,,,Digital MS,,,Reviewed ,
2614,1324,1324,,,,Easter,Carcassonne,Carcassonne,Narbonne,France,,43.21306,2.352028,D402,,,,,,Diocesan,"issued by Beraldus de Labestorti, general vicar",Pierre Rodier,,1323,1330,Yes,Latin,,"Paris BnF lat 1613, fol. 70v-71r","Vatican, BAV, Vat Lat 9868, ff. 277v (partial 18th-c copy of Paris MS); Carcassonne, Bibliothèque diocésaine, ms. 3, fol. 76v",,,http://gallica.bnf.fr/ark:/12148/btv1b10034655j,,,"Transcription by Jasmin Hauck (completed 25 April 2018), with readings of Paris MS checked against Vatican transcription and then partially checked  (by Christine Barralis) against readings of Carcassonne MS.",,,,Digital MS,,,Reviewed ,
2615,1328,1328,,,,Easter,Carcassonne,Carcassonne,Narbonne,France,,43.21306,2.352028,D402,,,,,,Diocesan,,Pierre Rodier,,1323,1330,,Latin,,"Paris BnF lat 1613, fol. 71r","Vatican, BAV, Vat Lat 9868, ff. 277v (partial 18th-c copy of Paris MS); Carcassonne, Bibliothèque diocésaine, ms. 3, fol. 76v",,,http://gallica.bnf.fr/ark:/12148/btv1b10034655j,,,"Transcription by Jasmin Hauck (completed 25 April 2018), with readings of Paris MS checked against Vatican transcription and then partially checked  (by Christine Barralis) against readings of Carcassonne MS.",,,,Digital MS,,,Reviewed ,
2616,1333,1333,11,9,,Easter,Carcassonne,Carcassonne,Narbonne,France,,43.21306,2.352028,D402,,,,,,Diocesan,,Pierre de Jean,,1330,1338,,Latin,,"Paris BnF lat 1613, fol. 75r-76r","Vatican, BAV, Vat Lat 9868, ff. 278v (partial 18th-c copy of Paris MS); Carcassonne, Bibliothèque diocésaine, ms. 3, fol. 78r-79r",,,http://gallica.bnf.fr/ark:/12148/btv1b10034655j,,,"Transcription by Jasmin Hauck (completed 25 April 2018), with readings of Paris MS checked against Vatican transcription and then partially checked  (by Christine Barralis) against readings of Carcassonne MS.",,,,Digital MS,,,Reviewed ,
2617,1334,1334,11,8,,Easter,Carcassonne,Carcassonne,Narbonne,France,,43.21306,2.352028,D402,,,,,,Diocesan,,Pierre de Jean,,1330,1338,,Latin,,"Paris BnF lat 1613, fol. 76r-77r","Vatican, BAV, Vat Lat 9868, ff. 278v-279r (partial 18th-c copy of Paris MS); Carcassonne, Bibliothèque diocésaine, ms. 3, fol. 79rv",,,http://gallica.bnf.fr/ark:/12148/btv1b10034655j,,,"Transcription by Jasmin Hauck (completed 25 April 2018), with readings of Paris MS checked against Vatican transcription and then partially checked  (by Christine Barralis) against readings of Carcassonne MS.",,,,Digital MS,,,Reviewed ,
2618,1360,1342x1382,,,Yes,,Le Puy,Le Puy,Bourges,France,,45.0442,3.8858,D380,,,,,,Diocesan,,,,,,,Latin,,"Le Puy, Archives départementales Haute-Loire, G 781 n° 1-2, f. 3rv",,,,,,,Transcription by Christine Barralis,,,,Digital MS,,,Reviewed ,
2619,1357,1357,2,25,,,Cologne,Cologne,Cologne,Germany,,50.94257,6.958976,D538,,,,,,Diocesan,,Wilhelm von Gennep,,1349,1362,,Latin,,,,"Wolter, Synodalstatuten, 507-508, no. 92","Hartzheim IV, 483; REK VI, no. 933",https://books.google.com/books?id=kbNumdYKdrkC,,,,,,,"Library Scan
Hard Copy Scan",Yes,,Reviewed ,
2620,1357,1357,2,25,,,Cologne,Cologne,Cologne,Germany,,50.94257,6.958976,D538,,,,,,Diocesan,,Wilhelm von Gennep,,1349,1362,,Latin,,,,"Wolter, Synodalstatuten, 508-510, no. 93","Hartzheim IV, 483-484; REK VI, no. 934",https://books.google.com/books?id=kbNumdYKdrkC,,,,,,,"Library Scan
Hard Copy Scan",Yes,,Reviewed ,
2621,1357,1357,2,26,,,Cologne,Cologne,Cologne,Germany,,50.94257,6.958976,D538,,,,,,Diocesan,,Wilhelm von Gennep,,1349,1362,,Latin,,,,"Wolter, Synodalstatuten, 510-511, no. 94","Hartzheim IV, 484-485; REK VI, no. 935",https://books.google.com/books?id=kbNumdYKdrkC,,,,,,,"Library Scan
Hard Copy Scan",Yes,,Reviewed ,
2622,1357,1357,9,30,,,Cologne,Cologne,Cologne,Germany,,50.94257,6.958976,D538,,,,,,Diocesan,,Wilhelm von Gennep,,1349,1362,,Latin,,,,"Wolter, Synodalstatuten, 517-518, no. 98","Hartzheim IV, 486; REK VI, no. 994",https://books.google.com/books?id=kbNumdYKdrkC,,,,,,,"GoogleBooks
Data Capture",,,Reviewed ,
2623,1357,1357,9,30,,,Cologne,Cologne,Cologne,Germany,,50.94257,6.958976,D538,,,,,,Diocesan,,Wilhelm von Gennep,,1349,1362,,Latin,,,,"Wolter, Synodalstatuten, 518-519, no. 99","Hartzheim IV, 487; REK VI, no. 995",https://books.google.com/books?id=kbNumdYKdrkC,,,,,,,"GoogleBooks
Data Capture",,,Reviewed ,
2624,1357,1357,9,30,,,Cologne,Cologne,Cologne,Germany,,50.94257,6.958976,D538,,,,,,Diocesan,,Wilhelm von Gennep,,1349,1362,,Latin,,,,"Wolter, Synodalstatuten, 519-521, no. 100","Hartzheim IV, 487-488; REK VI, no. 996",https://books.google.com/books?id=kbNumdYKdrkC,,,,,,,"GoogleBooks
Data Capture",,,Reviewed ,
2625,1357,1357,9,30,,Date/month uncertain,Cologne,Cologne,Cologne,Germany,,50.94257,6.958976,D538,,,,,,Diocesan,,Wilhelm von Gennep,,1349,1362,,Latin,,,,"Wolter, Synodalstatuten, 521-523, no. 101","Hartzheim IV, 488-489; REK VI, no. 997",https://books.google.com/books?id=kbNumdYKdrkC,,,,,,,"GoogleBooks
Data Capture",,,Reviewed ,
2626,1357,1357,10,2,,,Cologne,Cologne,Cologne,Germany,,50.94257,6.958976,D538,,,,,,Diocesan,,Wilhelm von Gennep,,1349,1362,,Latin,,"Brussels, KBR, MS 2804, f. 176rv","Cologne, Diözesan- und Dombibliothek, Cod. 132, f. 64rb","Wolter, Synodalstatuten, 525-526, no. 103","Hartzheim IV, 482; REK VI, no. 1000",https://books.google.com/books?id=kbNumdYKdrkC,,"Two different redactions, with the second (Cologne MS) being shorter version of the first (Brussels MS).","CoSyn transcription follows Brussels, KBR, MS 2804, f. 176rv",,,,"GoogleBooks
Data Capture",,,Reviewed ,
2627,1363,1363,11,6,,,Cologne,Cologne,Cologne,Germany,,50.94257,6.958976,D538,,,,,,Diocesan,issued as bishop-elect,Adolph von der Marck,,1363,1363,,Latin,,,,"Wolter, Synodalstatuten, 549-551, no. 112",,,,,,,,,"GoogleBooks
Data Capture",,,Reviewed ,
2628,1364,1364,9,30,,,Cologne,Cologne,Cologne,Germany,,50.94257,6.958976,D538,,,,,,Diocesan,,Engelbert III von der Marck,,1364,1369,,Latin,,,,"Wolter, Synodalstatuten, 554-555, no. 115","REK VI, nr. 207 (summary)",,,,,,,,Digital MS,,"Largely a reissue of 1358 (Wolter, no. 105)",Reviewed ,
2629,1365,1365,3,1,,,Cologne,Cologne,Cologne,Germany,,50.94257,6.958976,D538,,,,,,Diocesan,issued by official,Engelbert III von der Marck,,1364,1369,Yes,Latin,,,,"Wolter, Synodalstatuten, 557-558, no. 117",,,,,,,,,"GoogleBooks
Data Capture",,,Reviewed ,
2630,1365,1365,3,1,,,Cologne,Cologne,Cologne,Germany,,50.94257,6.958976,D538,,,,,,Diocesan,,Engelbert III von der Marck,,1364,1369,,Latin,,,,"Wolter, Synodalstatuten, 558-559, no. 118",,,,,,,,,"GoogleBooks
Data Capture",,"Confirmation of earlier statute of Wikbold von Holte (1298x1303, c. 2 - Wolter, no. 6)",Reviewed ,
2631,1365,1365,3,1,,,Cologne,Cologne,Cologne,Germany,,50.94257,6.958976,D538,,,,,,Diocesan,,Engelbert III von der Marck,,1364,1369,,Latin,,,,"Wolter, Synodalstatuten, 560-562, no. 119",,,,,,,,,"GoogleBooks
Data Capture",,,Reviewed ,
2632,1365,1365,3,2,,,Cologne,Cologne,Cologne,Germany,,50.94257,6.958976,D538,,,,,,Diocesan,,Engelbert III von der Marck,,1364,1369,,Latin,,,,"Wolter, Synodalstatuten, 562-564, no. 120",,,,,,,,,"GoogleBooks
Data Capture",,Renewal of earlier provincial canon (1266 c. 2; Wolter no. 4),Reviewed ,
2633,1365,1365,3,2,,,Cologne,Cologne,Cologne,Germany,,50.94257,6.958976,D538,,,,,,Diocesan,,Engelbert III von der Marck,,1364,1369,,Latin,,,,"Wolter, Synodalstatuten, 564-566, no. 121",,,,,,,,,"GoogleBooks
Data Capture",,Follows almost verbatim an earlier statute of AB Wilhelm from 1358 (Wolter no. 106),Reviewed ,
2634,1366,1366,2,14,,,Cologne,Cologne,Cologne,Germany,,50.94257,6.958976,D538,,,,,,Diocesan,evidently not issued in a synod,Engelbert III von der Marck,,1364,1369,,Latin,,,,"Wolter, Synodalstatuten, 566-567, no. 122",,,,,,,,,"GoogleBooks
Data Capture",,,Reviewed ,
2635,1366,1366,10,2,Yes,issued shortly before October 2,Cologne,Cologne,Cologne,Germany,,50.94257,6.958976,D538,,,,,,Diocesan,issued by official,Engelbert III von der Marck,,1364,1369,Yes,Latin,,,,"Wolter, Synodalstatuten, 567-569, no. 123",,,,,,,,,"GoogleBooks
Data Capture",,,Reviewed ,
2636,1366,1366,10,2,,,Cologne,Cologne,Cologne,Germany,,50.94257,6.958976,D538,,,,,,Diocesan,,Engelbert III von der Marck,,1364,1369,,Latin,,,,"Wolter, Synodalstatuten, 571-572, no. 125",,,,,,,,,"GoogleBooks
Data Capture",,,Reviewed ,
2637,1366,1366,10,2,,,Cologne,Cologne,Cologne,Germany,,50.94257,6.958976,D538,,,,,,Diocesan,,Engelbert III von der Marck,,1364,1369,,Latin,,,,"Wolter, Synodalstatuten, 573-576, no. 126",,,,,,,,,"GoogleBooks
Data Capture",,,Reviewed ,
2638,1366,1366,10,2,,,Cologne,Cologne,Cologne,Germany,,50.94257,6.958976,D538,,,,,,Diocesan,,Engelbert III von der Marck,,1364,1369,,Latin,,,,"Wolter, Synodalstatuten, 576-577, no. 127",,,,,,,,,"GoogleBooks
Data Capture",,,Reviewed ,
2639,1368,1368,2,26,,,Cologne,Cologne,Cologne,Germany,,50.94257,6.958976,D538,,,,,,Diocesan,Issued by Coadjutor Cuno,,,,,,Latin,,,,"Wolter, Synodalstatuten, 580-582, no. 130",,,,,,,,,"GoogleBooks
Data Capture",,,Reviewed ,
2640,1368,1368,2,26,,,Cologne,Cologne,Cologne,Germany,,50.94257,6.958976,D538,,,,,,Diocesan,Issued by Coadjutor Cuno,,,,,,Latin,,,,"Wolter, Synodalstatuten, 582-583, no. 131",,,,,,,,,"GoogleBooks
Data Capture",,,Reviewed ,
2641,1371,1371,9,29,,,Cologne,Cologne,Cologne,Germany,Perhaps issued in Lechenich?,50.94257,6.958976,D538,,,,,,Diocesan,,Friedrich von Saarwerden,,1370,1414,,Latin,,,,"Wolter, Synodalstatuten, 586-588, no. 134","Hartzheim IV, 498",,,,,,,,"Digital MS
Data Capture",,,Reviewed ,"Lepper, Unbekannte, 339-56."
2642,1371,1371,9,29,,,Cologne,Cologne,Cologne,Germany,Perhaps issued in Lechenich?,50.94257,6.958976,D538,,,,,,Diocesan,,Friedrich von Saarwerden,,1370,1414,,Latin,,,,"Wolter, Synodalstatuten, 589-591, no. 135","Hartzheim IV, 497",,,,,,,,"Digital MS
Data Capture",,,Reviewed ,"Lepper, Unbekannte, 339-56."
2643,1371,1371,9,29,,,Lechenich,Cologne,Cologne,Germany,,50.8,6.766667,D538,,,,,,Diocesan,,Friedrich von Saarwerden,,1370,1414,,Latin,,,,"Wolter, Synodalstatuten, 591-592, no. 136","Hartzheim IV, 507-508",,,,,,,,"Digital MS
Data Capture",,,Reviewed ,"Lepper, Unbekannte, 339-56."
2644,1371,1371,10,2,,,Cologne,Cologne,Cologne,Germany,,50.94257,6.958976,D538,,,,,,Diocesan,,Friedrich von Saarwerden,,1370,1414,,Latin,,,,"Wolter, Synodalstatuten, 615-617, no. 138",,,,,,,,,Data Capture,,,Reviewed ,
2645,1372,1372,10,2,,,Cologne,Cologne,Cologne,Germany,,50.94257,6.958976,D538,,,,,,Diocesan,,Friedrich von Saarwerden,,1370,1414,,Latin,,,,"Wolter, Synodalstatuten, 626-627, no. 141","REK VIII, no. 731",,,,,Yes,,,Data Capture,,Suspends statute of 29 September 1371 (Wolter no. 136),Reviewed ,
2646,1372,1372,10,2,,,Cologne,Cologne,Cologne,Germany,,50.94257,6.958976,D538,,,,,,Diocesan,,Friedrich von Saarwerden,,1370,1414,,Latin,,,,"Wolter, Synodalstatuten, 627, no. 142","REK VIII, no. 781",,,,,Yes,,,Data Capture,,Temporarily suspends all statutes concerning clerical reform issued by his predecessors and absolves all those who have suspended or excommunicated for violating these statutes,Reviewed ,
2647,1373,1373,3,6,,,Cologne,Cologne,Cologne,Germany,,50.94257,6.958976,D538,,,,,,Diocesan,,Friedrich von Saarwerden,,1370,1414,,Latin,,,,"Wolter, Synodalstatuten, 628-629, no. 143","REK VIII, no. 818 (Summary)",,,,,,,,Data Capture,,,Reviewed ,
2648,1374,1374,9,29,,,Cologne,Cologne,Cologne,Germany,,50.94257,6.958976,D538,,,,,,Diocesan,,Friedrich von Saarwerden,,1370,1414,,Latin,,,,"Wolter, Synodalstatuten, 629-632, no. 144","REK VIII, no. 1053 (Summary)",,,,,,,,Data Capture,,,Reviewed ,
2649,1374,1374,9,29,,,Cologne,Cologne,Cologne,Germany,,50.94257,6.958976,D538,,,,,,Diocesan,,Friedrich von Saarwerden,,1370,1414,,Latin,,,,"Wolter, Synodalstatuten, 632-634, no. 145","REK VIII, no. 1054 (Summary)",,,,,,,,Data Capture,,,Reviewed ,
2650,1374,1374,10,2,,,Cologne,Cologne,Cologne,Germany,,50.94257,6.958976,D538,,,,,,Diocesan,,Friedrich von Saarwerden,,1370,1414,,Latin,,,,"Wolter, Synodalstatuten, 635-636, no. 146","REK VIII, no. 1056 (Summary)",,,,,,,,Data Capture,,,Reviewed ,
2651,1374,1374,10,6,,,Cologne,Cologne,Cologne,Germany,,50.94257,6.958976,D538,,,,,,Other,,Friedrich von Saarwerden,,1370,1414,,Latin,,,,"Wolter, Synodalstatuten, 637, no. 147","REK VIII, no. 1058 (Summary)",,,,,,,Yes,Data Capture,,,Reviewed ,
2652,1375,1375,3,1,,,Poppelsdorf,Cologne,Cologne,Germany,,50.725,7.092222,D538,,,,,,Diocesan,,Friedrich von Saarwerden,,1370,1414,,Latin,,,,"Wolter, Synodalstatuten, 638-640, no. 148","REK VIII, no. 1145 (Summary)",,,,,,,,Data Capture,,Renews earlier statute of 1371 (Wolter no. 136),Reviewed ,
2653,1375,1375,3,11,,,Bonn,Cologne,Cologne,Germany,,50.733889,7.099772,D538,,,,,,Diocesan,,Friedrich von Saarwerden,,1370,1414,,Latin,,,,"Wolter, Synodalstatuten, 640-642, no. 149","Hartzheim IV, 517-519; REK VIII, no. 1151 (Summary)",https://books.google.com/books?id=kbNumdYKdrkC,,,,,,,Data Capture,,Renews earlier statute of 1371 (Wolter no. 136),Reviewed ,
2654,1375,1375,3,11,,,Bonn,Cologne,Cologne,Germany,,50.733889,7.099772,D538,,,,,,Diocesan,,Friedrich von Saarwerden,,1370,1414,,Latin,,,,"Wolter, Synodalstatuten, 642-646, no. 150","Hartzheim IV, 519-520; REK VIII, no. 1152 (Summary)",https://books.google.com/books?id=kbNumdYKdrkC,,,,,,,Data Capture,,,Reviewed ,
2655,1351,1351,4,3,,,Bremen,Bremen,Bremen,Germany,,53.075833,8.8075,D532,,,,,,Diocesan,,Gottfried von Arnsberg,,1348,1360,,Latin,,,,"Bremisches UB III, 7, no. 7",,https://brema.suub.uni-bremen.de/content/titleinfo/24117,,,,,,,"GoogleBooks
Hard Copy Scan",,Revocation of a statute issued at the preceding synod,Reviewed ,
2656,1393,1393,3,12,,,Münster,Münster,Cologne,Germany,,51.962944,7.628694,D541,,,,,,Diocesan,,Otto IV von Hoya,,1392,1424,,Latin,,,,"Niesert, Münsterische Urkundensammlung, IV, 9-16, no. 3",,https://books.google.com/books?id=0tQGAAAAYAAJ,,,,,,,"GoogleBooks
Hard Copy Scan",,,Reviewed ,
2657,1398,1398,3,18,,,Münster,Münster,Cologne,Germany,,51.962944,7.628694,D541,,,,,,Diocesan,,Otto IV von Hoya,,1392,1424,,Latin,,,,"Niesert, Münsterische Urkundensammlung, IV, 17-18, no. 4",,https://books.google.com/books?id=0tQGAAAAYAAJ,,,,,,,"GoogleBooks
Hard Copy Scan",,,Reviewed ,
2658,1413,1413,4,1,,,Münster,Münster,Cologne,Germany,,51.962944,7.628694,D541,,,,,,Diocesan,,Otto IV von Hoya,,1392,1424,,Latin,,,,"Niesert, Münsterische Urkundensammlung, IV, 18-28, no. 5","Hartzheim, IV, 543-548",https://books.google.com/books?id=0tQGAAAAYAAJ,,,,,,,"GoogleBooks
Hard Copy Scan",,,Reviewed ,
2662,1339,1339,,,,in festo remigii,Cambrai,Cambrai,Reims,France,,50.175579,3.2345,D430,,,,,,Diocesan,issued by vicars general,Guillaume II d'Auxonne,,1336,1342,Yes,Latin,,,,"Caspers, Synodale Statuten, 311 (from Tilburg MS)",,,,,,,,,Hard Copy Scan,,,Reviewed ,
2664,1476,1476,11,5,,Synod held 4-5 November,Rouen,Rouen,Rouen,France,,49.443889,1.103333,D433,,,,,,Diocesan,issued by Vicars general,Guillaume VII d'Estouteville,,1453,1483,Yes,Latin,,,,"Bessin, Concilia Rothomagensis, II, 104-105",,https://books.google.com/books?id=0SGIk69vxS0C,,"
",,,,,"GoogleBooks
WebDownload",,"List of reserved cases, ""ex severtio summa excomm""",Reviewed ,
2678,1276,1276,4,29,,,Saint-Quentin,Saint-Quentin,Reims,France,Saint-Quentin (en Vermandois) ,49.8486,3.2864,P061,,,,,,Provincial,,Pierre I Barbet,,1273,1298,,Latin,,"Vatican City, BAV, Regin. lat. 986, fol. 10v-12r",,,,,,,Transcription from Christine Barralis. The capitula are not numbered and not separated by line breaks in the MS.,,,,Other,,,Reviewed ,
2687,1438,1438,4,29,,,Aosta,Aosta,Tarentaise,Italy,,45.733333,7.316667,D461,,,,,,Diocesan,issued by Archdeacon Pierre de Gilaren,Giorgio di Saluzzo,,,,Yes,Latin,,,,"Colliard, Atti sinodali, 105-107",,https://cordela.regione.vda.it/pubblicazioni/Libri/Atti%20sinodali%20Aosta%20Atti%20sinodali%20Colliard%20sec%20-%20M%20R%20Colliard/index.html,,,,,,,Library Scan,,,Reviewed ,
2688,1440,1440,,,,,Aosta,Aosta,Tarentaise,Italy,,45.733333,7.316667,D461,,,,,,Diocesan,issued by canons/officials Jean Andree & Gerard Blaverii; characterized as 'synodal statutes' in MS,jean de Prangins,,,,Yes,Latin,,,,"Colliard, Atti sinodali, 108-111",,https://cordela.regione.vda.it/pubblicazioni/Libri/Atti%20sinodali%20Aosta%20Atti%20sinodali%20Colliard%20sec%20-%20M%20R%20Colliard/index.html,,,,,,,Library Scan,,,Reviewed ,
2689,1446,1446,5,3,,,Aosta,Aosta,Tarentaise,Italy,,45.733333,7.316667,D461,,,,,,Diocesan,,Antoine de Prez,,,,,Latin,,,,"Colliard, Atti sinodali, 112-13",,https://cordela.regione.vda.it/pubblicazioni/Libri/Atti%20sinodali%20Aosta%20Atti%20sinodali%20Colliard%20sec%20-%20M%20R%20Colliard/index.html,,,,,,,Library Scan,,,Reviewed ,
2691,1410,1410,,,,"In Paris BnF latin 12826, this statute appears under the same rubric (and the same date)  as the statute of 14 October 1410 (CoSyn ID 0939) but in the other mss. and editions, the two statutes are presented separately.",Arras,Arras,Reims,France,,50.289722,2.780833,D431,,,,,,Diocesan,,Martin Poré,,1408,1426,,Latin,,"Lille BM 81, fol. 48v","BnF latin 1610, fol. 50v ; BnF latin 12826, fol. 33v","Constitutiones synodales episcopatus Attrebatensis, [Louvain], [Thierry Martens], [ca 1500-1501], BnF, Rés. B 27837, fols. not numbered","Statuta synodalia Atrebatensis (1570 ed), p. 172-74; Hartzheim, VIII, 300-301 (copying 1570 ed, which itself copies the 1500 ed); Gousset, APER, 3, 344-345 (copying 1570 ed)",https://arca.irht.cnrs.fr/ark:/63955/md913n204f45,https://gallica.bnf.fr/ark:/12148/bpt6k315011x,[IRHT MF 01571 / MF 66277] ,"Transcription from Lille MS by Christine Barralis, with the 1500-01 edition collated against BnF latin 1610 (defective) and the Gousset edition.",,,,"GoogleBooks
Digital MS",,,Reviewed ,
0510,1370,1361x1382,,,Yes,,Le Puy,Le Puy,Bourges,France,,45.0442,3.8858,D380,,,,,,Diocesan,,Bertrand de la Tour,Bertrandus de Turre,1361,1382,,Latin,,"Le Puy, Archives départementales Haute-Loire, G 781 n° 1-2, f. 3v-4v",,,,,,"Text is incomplete (manuscript breaks off at fol. 4v, before end of the statutes)",,,,,,,contains at f.4v an earlier statute issued 1326x1334 (since it notes that Durand de Saint-Pourcain is then the bishop of Meaux); probably issued by Bernard le Brun,Reviewed ,
1116,1411,1411,10,22,,,Nantes,Nantes,Tours,France,,47.21806,-1.55278,D443,,,,,,Diocesan,,Henri le Barbu,,1404,1419,,Latin,,"Paris, Bib Arsenal, 796, fol. 55v-56r",,,,https://gallica.bnf.fr/ark:/12148/btv1b52507387b,,,,,,,,,,Reviewed ,
1117,1415,1415,5,23,,,Nantes,Nantes,Tours,France,,47.21806,-1.55278,D443,,,,,,Diocesan,,Henri le Barbu,,1404,1419,,Latin,,"Paris, Bib Arsenal, 796, fol. 56-57",,,,https://gallica.bnf.fr/ark:/12148/btv1b52507387b,,,,,,,,,,Reviewed ,
2608,1316,1316,,,,Winter,Carcassonne,Carcassonne,Narbonne,France,,43.21306,2.352028,D402,,,,,,Diocesan,,Pierre de Rochefort,Pierre de Roquefort,1300,1322,,Latin,,"Paris BnF lat 1613, fols 66v-67r","Vatican, BAV, Vat Lat 9868, ff. 276r (partial 18th-c copy of Paris MS); Carcassonne, Bibliothèque diocésaine, ms. 3, fol. 69v-70r",,,http://gallica.bnf.fr/ark:/12148/btv1b10034655j,,"Transcription by Jasmin Hauck (completed 25 April 2018), with readings of Paris MS checked against Vatican transcription and then partially checked  (by Christine Barralis) against readings of Carcassonne MS. 

",,,,,,,,Reviewed ,
