Date,Subways: Total Estimated Ridership,Buses: Total Estimated Ridership,LIRR: Total Estimated Ridership,Metro-North: Total Estimated Ridership,Access-A-Ride: Total Scheduled Trips,Bridges and Tunnels: Total Traffic,Staten Island Railway: Total Estimated Ridership
2020-03-01,2212965,984908,86790,55825,19922,786960,1636
2020-03-02,5329915,2209066,321569,180701,30338,874619,17140
2020-03-03,5481103,2228608,319727,190648,32767,882175,17453
2020-03-04,5498809,2177165,311662,192689,34297,905558,17136
2020-03-05,5496453,2244515,307597,194386,33209,929298,17203
2020-03-06,5189447,2066743,289171,205056,30970,945408,15285
2020-03-07,2814637,1249085,106058,75838,18117,827907,2445
2020-03-08,2120656,957163,81565,60800,19477,765083,1672
2020-03-09,4973513,2124770,277001,183953,29609,860073,16122
2020-03-10,4867818,2111989,259324,179050,31315,855585,15805
2020-03-11,4697122,2112967,245798,175074,32198,866706,15340
2020-03-12,4149505,1938424,197178,169547,30814,881188,14169
2020-03-13,3484996,1715737,158582,167176,26640,860419,11769
2020-03-14,1670665,993287,44885,39701,13394,631101,2135
2020-03-15,1157711,711555,33407,32641,12480,535987,1368
2020-03-16,2178555,1237309,119333,153262,21145,708869,5741
2020-03-17,1788786,1094949,83578,147391,18173,650444,4573
2020-03-18,1625280,1059502,74883,146118,15942,634853,4133
2020-03-19,1422112,933602,59538,144466,14116,569696,3452
2020-03-20,1309125,868602,50021,145160,12744,563261,3124
2020-03-21,619618,411491,12438,23700,6467,382992,1044
2020-03-22,408723,73517,8891,20830,4824,277050,641
2020-03-23,709499,59321,30564,139285,9902,361513,1639
2020-03-24,741587,60334,29785,139194,9133,395493,1727
2020-03-25,690032,51769,26143,138239,9512,375767,1572
2020-03-26,680360,49970,23809,138668,8795,390117,1563
2020-03-27,656817,45514,20355,138903,8409,396777,1495
2020-03-28,332393,19745,5279,19088,4491,240702,600
2020-03-29,263700,14307,4358,18152,3374,197154,419
2020-03-30,545215,33659,19741,137762,8084,344689,1140
2020-03-31,508106,32211,16194,137464,7672,337626,1043
2020-04-01,513481,29373,10548,9300,8151,342221,720
2020-04-02,485586,26788,10057,9492,7077,339734,882
2020-04-03,483357,24418,9657,9770,7794,340272,843
2020-04-04,282278,13168,3727,4451,4375,243323,425
2020-04-05,227303,9748,2969,3601,2763,209151,300
2020-04-06,445454,22418,10127,9832,7093,335768,819
2020-04-07,434986,21623,9312,9589,7041,335469,732
2020-04-08,427485,20361,9039,9292,6950,324881,721
2020-04-09,404635,18734,8413,8931,6243,303480,690
2020-04-10,400275,17135,8247,9573,5378,314099,672
2020-04-11,257061,9718,2749,4179,4235,254754,406
2020-04-12,198399,7041,2245,3281,2525,217871,294
2020-04-13,363312,14408,8192,8824,6205,284608,649
2020-04-14,430155,17937,8816,9592,6585,356104,791
2020-04-15,419059,16895,8596,9492,6928,340212,792
2020-04-16,420223,16632,8462,9528,6563,346341,790
2020-04-17,432368,16350,8271,9989,7048,378350,738
2020-04-18,254453,8115,2449,3965,4202,254734,339
2020-04-19,224411,6929,2159,3884,2742,276406,340
2020-04-20,437852,16522,8912,10063,7050,371776,770
2020-04-21,422107,15231,8264,9374,6613,356098,753
2020-04-22,458781,16487,8674,9694,7496,398703,793
2020-04-23,453520,15786,8425,9527,6969,386937,780
2020-04-24,443956,14237,7821,9722,7040,386935,688
2020-04-25,295387,8832,2869,4987,4719,350299,449
2020-04-26,218787,5498,1903,3495,2506,231540,309
2020-04-27,462888,15283,8828,10243,6922,384123,812
2020-04-28,489247,16380,9167,10531,7542,436346,826
2020-04-29,477799,15406,9100,10165,7844,410502,790
2020-04-30,465869,14062,9335,9971,7253,405168,764
2020-05-01,494549,14893,6200,9206,8332,445621,763
2020-05-02,325865,8912,3959,5908,5493,401938,489
2020-05-03,258865,6404,3314,4839,3263,353314,334
2020-05-04,511866,16315,11158,10764,8287,447424,897
2020-05-05,522085,16377,13265,10604,8445,462085,894
2020-05-06,508824,15677,14489,10107,8832,444179,822
2020-05-07,535073,16130,16139,11247,8509,488836,930
2020-05-08,526054,14571,15714,11242,8656,483830,811
2020-05-09,316883,7594,7651,6017,5055,371426,489
2020-05-10,271947,6367,7990,5878,3962,415867,406
2020-05-11,520873,15176,18349,11434,7636,458041,829
2020-05-12,553372,15989,19018,11488,8271,488406,914
2020-05-13,565377,16170,19356,11931,9437,509243,956
2020-05-14,567392,15905,19310,12131,8855,520395,923
2020-05-15,587808,15481,20092,12936,9473,562990,976
2020-05-16,360844,8742,11075,8100,5947,477097,485
2020-05-17,287418,6504,8793,6168,3577,391606,337
2020-05-18,595469,17206,22113,13141,8969,505314,1036
2020-05-19,610884,17296,21599,12777,9290,524482,1067
2020-05-20,623749,17674,22224,12753,10224,542409,1044
2020-05-21,629298,17565,22585,13294,9731,585552,1069
2020-05-22,633883,16453,22830,14711,9782,626983,1046
2020-05-23,335830,7186,10983,7613,5550,394091,420
2020-05-24,320015,6642,11871,8977,4117,461170,361
2020-05-25,393918,7996,19321,12982,5428,445015,441
2020-05-26,656766,17819,26691,14937,9875,587269,1173
2020-05-27,674465,17911,26483,14432,11088,601140,1240
2020-05-28,658057,17535,25175,14161,10030,584628,1191
2020-05-29,657259,16378,25070,15697,10185,598607,1094
2020-05-30,426737,9112,15557,11003,6143,537179,18
2020-05-31,344426,6724,13554,9390,4216,495487,2
2020-06-01,687162,17833,34339,16184,10760,595059,1358
2020-06-02,693760,16576,33769,16294,11206,579411,1516
2020-06-03,681714,17830,32523,15649,11962,582624,1323
2020-06-04,726672,18538,29771,17149,12000,650868,1346
2020-06-05,703576,16863,33482,18065,11698,643562,1249
2020-06-06,464198,8912,18090,12179,6591,551793,9
2020-06-07,377990,7579,16797,11231,4650,538418,95
2020-06-08,804542,25663,42630,20140,11957,644829,1596
2020-06-09,842306,26247,42274,19543,12869,680462,1662
2020-06-10,857015,26735,43083,20517,13616,680270,1767
2020-06-11,818297,24284,40961,19525,12514,656695,1576
2020-06-12,896658,24459,45072,24165,13224,765491,1656
2020-06-13,545316,12115,25355,16675,7794,631064,17
2020-06-14,430439,8731,20859,13794,5195,563725,7
2020-06-15,897112,27057,47545,22841,12953,674785,1813
2020-06-16,932671,28049,46876,22555,12939,695359,1874
2020-06-17,948461,27924,47166,24167,14595,709679,1857
2020-06-18,942382,27516,47851,24081,13808,729486,1936
2020-06-19,986929,25578,50201,27772,13868,797518,1751
2020-06-20,576075,11899,28959,18559,8185,666226,22
2020-06-21,449497,9072,27094,16719,6328,654913,0
2020-06-22,1000046,30863,53878,25367,13314,733290,2027
2020-06-23,1050786,32305,52898,24909,15069,744822,2219
2020-06-24,1068333,32504,52354,25277,15155,752749,2194
2020-06-25,1078796,32393,53444,25644,14854,781617,2210
2020-06-26,1102382,30480,55647,29700,15048,830887,2115
2020-06-27,615398,12942,26773,17932,8541,630730,686
2020-06-28,535898,10167,25680,15918,5748,623131,590
2020-06-29,1100769,33264,63309,28163,14705,767165,2317
2020-06-30,1113124,33996,57955,27077,15291,758785,2386
2020-07-01,1120537,32921,56505,27770,16451,779409,2305
2020-07-02,1170483,32730,64261,31948,15981,881471,2365
2020-07-03,851877,16862,56181,32049,10915,713240,1138
2020-07-04,591605,10769,38388,22085,8391,569212,690
2020-07-05,533692,9832,34569,19136,6280,659099,528
2020-07-06,1084956,31548,63862,30556,14886,750583,2222
2020-07-07,1157185,33595,61756,30507,16003,749832,2403
2020-07-08,1172279,34242,63048,30174,16980,758208,2454
2020-07-09,1211280,34762,65483,31913,17017,818034,2571
2020-07-10,1030632,25544,55929,29683,15738,712635,2117
2020-07-11,692977,12872,30059,18683,8453,625288,812
2020-07-12,628187,10966,34905,19859,7395,703589,731
2020-07-13,1175700,33302,66384,31876,15928,756122,2504
2020-07-14,1241080,35391,66321,31921,17081,794837,2669
2020-07-15,1248413,34701,66549,32603,18149,803399,2751
2020-07-16,1249128,34199,66732,33258,17230,819850,2756
2020-07-17,1207265,29696,64806,35414,16401,819471,2427
2020-07-18,778936,14335,41235,24071,9785,747444,786
2020-07-19,584994,9845,36429,18675,7052,696110,504
2020-07-20,1156735,30196,67721,32279,15957,770606,2428
2020-07-21,1241819,32482,67594,33213,16831,792954,2725
2020-07-22,1233668,33863,65348,32485,17582,784013,2716
2020-07-23,1233795,33999,65637,32975,17056,791577,2632
2020-07-24,1218138,29987,65889,36639,17311,826030,2511
2020-07-25,816604,14777,43340,25173,10350,769898,799
2020-07-26,606910,9711,36164,20170,7429,697533,542
2020-07-27,1203503,32072,70114,31568,16607,793224,2626
2020-07-28,1241770,33753,66687,31677,16892,782225,2635
2020-07-29,1296102,35257,69995,33733,18216,816959,2778
2020-07-30,1270172,33982,68958,34122,17333,820274,2746
2020-07-31,1258539,29917,67648,38040,17654,859774,2429
2020-08-01,842468,16087,44405,26261,10685,799744,904
2020-08-02,590060,9874,30502,17885,7431,648735,615
2020-08-03,1272996,36945,70779,32884,17594,818732,2955
2020-08-04,1027187,29426,36835,22286,14924,577415,1499
2020-08-05,1348202,38283,58005,26598,18299,847329,2824
2020-08-06,1334694,37059,66671,28283,19117,847497,3125
2020-08-07,1283894,32170,65969,32882,17502,844096,2741
2020-08-08,833287,15143,41729,23513,10613,730738,806
2020-08-09,662993,11534,37616,20503,8287,744618,649
2020-08-10,1275268,34883,73548,33500,18178,826000,2995
2020-08-11,1319814,36426,72436,33509,18546,821975,3164
2020-08-12,1298963,36053,68345,33736,19346,800864,3124
2020-08-13,1291277,34723,69223,33822,18608,819018,2971
2020-08-14,1355786,32713,72916,39342,18113,893657,3012
2020-08-15,860789,15522,46806,27677,11487,804345,974
2020-08-16,554451,8603,29858,18164,7902,620685,529
2020-08-17,1304485,34768,74453,35362,17377,806108,3058
2020-08-18,1369617,36646,74213,34361,19274,838007,2951
2020-08-19,1292148,34181,70104,34377,19915,816805,2783
2020-08-20,1410489,35059,75643,37078,19344,889781,2960
2020-08-21,1387463,31342,76062,41110,19035,909773,2769
2020-08-22,882522,13705,49095,27784,11456,812307,871
2020-08-23,671560,9698,37891,22496,8297,737096,633
2020-08-24,1307345,34021,75145,35904,17643,815664,2756
2020-08-25,1346490,34993,73331,35689,18682,821596,2845
2020-08-26,1407639,35975,76583,36621,20659,859624,3012
2020-08-27,1358272,33969,73060,35551,19271,847284,2856
2020-08-28,1388583,31956,76114,41222,18845,899891,2716
2020-08-29,773667,14035,37641,22234,9814,645955,798
2020-08-30,748061,16027,45147,26520,9752,805095,825
2020-08-31,1397264,787291,78122,37727,18185,817543,3184
2020-09-01,1469274,947758,76483,36035,18929,809684,3217
2020-09-02,1487969,972213,77585,36159,19990,810144,3192
2020-09-03,1529185,1022623,82554,39920,19992,869126,3327
2020-09-04,1568385,1030811,88345,47152,20223,936602,3148
2020-09-05,1013725,715922,50550,34621,12118,798822,21
2020-09-06,819409,559273,44727,28565,10160,753035,191
2020-09-07,870964,615802,80050,27326,9261,697865,1210
2020-09-08,1555816,1039401,90603,42963,19806,833995,3496
2020-09-09,1610076,1072887,86063,41954,21801,825411,3586
2020-09-10,1543662,997030,82142,39296,20181,801431,3403
2020-09-11,1690334,1070920,88582,47781,20809,895765,3442
2020-09-12,1083698,752875,44546,32400,12349,800189,29
2020-09-13,796740,557231,36686,24009,9315,703809,4
2020-09-14,1604381,1065601,89498,41286,19888,799572,3515
2020-09-15,1678078,1091806,87025,41288,20763,815699,3696
2020-09-16,1686909,1097389,87034,41417,22070,816708,3496
2020-09-17,1692368,1094592,86854,42339,21005,848024,3617
2020-09-18,1725443,1083295,90657,48213,20702,894931,3367
2020-09-19,1136947,752437,46777,34608,12246,802613,1001
2020-09-20,827605,558863,38973,26328,9269,705596,760
2020-09-21,1624139,1058256,89706,41901,19488,788504,3497
2020-09-22,1698504,1095678,87376,41389,21103,808350,3821
2020-09-23,1735333,1119904,88998,42506,22501,834468,3710
2020-09-24,1722364,1107707,89129,42969,21554,857578,3816
2020-09-25,1761591,1110956,92506,49819,21233,912599,3708
2020-09-26,1120143,755197,47169,35771,12128,824514,32
2020-09-27,846179,576684,39994,28480,9491,731090,5
2020-09-28,1489240,985185,89664,43237,17678,753158,3371
2020-09-29,1661264,1057135,88444,40515,20517,790861,3632
2020-09-30,1740820,1101663,89223,41967,21424,822682,3704
2020-10-01,1809958,1159859,86082,42390,22309,870605,4003
2020-10-02,1790612,1115793,87291,48883,21626,891268,3589
2020-10-03,1168040,777674,45018,36907,12759,810625,33
2020-10-04,852830,570608,34976,27667,10010,706562,761
2020-10-05,1678792,1102675,88694,42257,19971,783540,3587
2020-10-06,1758454,1137217,87748,43803,21475,802900,3866
2020-10-07,1770617,1123231,87119,43534,23027,814866,3791
2020-10-08,1798005,1126770,87959,44802,21964,845788,3913
2020-10-09,1808079,1117172,78663,52686,21274,896404,3700
2020-10-10,1170227,771088,44528,41409,12627,823775,1430
2020-10-11,848469,564051,34593,28784,9470,692668,1049
2020-10-12,1284655,767564,76776,39838,15722,685981,2237
2020-10-13,1715183,1063680,76552,42205,20909,765671,3670
2020-10-14,1838682,1162256,89173,45148,23169,824528,3956
2020-10-15,1853753,1152434,90288,46249,22834,866244,4069
2020-10-16,1671320,974110,83798,47291,20776,820105,3366
2020-10-17,1209473,778070,43768,37764,11831,794519,1588
2020-10-18,896812,583350,34682,30690,9998,752261,1074
2020-10-19,1719153,1105134,89186,44368,20812,782238,3570
2020-10-20,1780231,1119283,86591,42741,21936,790017,3859
2020-10-21,1812949,1140385,86210,44102,22959,806737,3848
2020-10-22,1825208,1140210,88686,45770,22391,845063,3927
2020-10-23,1842588,1123540,89931,51765,21766,881994,3680
2020-10-24,1185612,775122,43618,38673,12916,805453,0
2020-10-25,885001,572347,33678,28321,10074,725808,0
2020-10-26,1690651,1061566,86745,43557,20817,760603,3429
2020-10-27,1815242,1143906,87401,43340,21870,789371,3642
2020-10-28,1819352,1119450,86652,43289,23258,801965,3676
2020-10-29,1705072,987440,81794,41157,20925,776466,3539
2020-10-30,1768018,1030639,84254,47967,21243,824679,3270
2020-10-31,1174059,747636,41538,34077,12816,743811,20
2020-11-01,786675,510820,29495,22602,10180,660914,3
2020-11-02,1747908,1072262,87198,40609,21127,772129,3535
2020-11-03,1602912,1027710,82140,39749,20416,720561,3184
2020-11-04,1690489,1089354,81551,38818,22174,754703,3448
2020-11-05,1793796,1130774,86987,41550,22937,818991,3793
2020-11-06,1837314,1120729,89499,48138,22659,858167,3546
2020-11-07,1246321,752851,46368,35870,13409,790711,35
2020-11-08,927670,587220,38485,27961,10474,726041,846
2020-11-09,1752614,1111203,91681,42627,21444,773216,3561
2020-11-10,1836902,1151911,91532,43083,23138,800964,3848
2020-11-11,1614812,969123,83306,40073,20263,713639,3050
2020-11-12,1776666,1054132,86189,40381,22059,779141,3546
2020-11-13,1816693,1061680,86252,45127,22054,821059,3332
2020-11-14,1215477,755951,41422,31397,12928,735029,14
2020-11-15,820858,528421,30948,20946,9763,596389,697
2020-11-16,1741750,1079560,89463,41961,21851,757987,3532
2020-11-17,1788847,1092416,86965,40078,22524,764724,3584
2020-11-18,1787688,1065597,84069,39693,23390,776421,3495
2020-11-19,1757535,1056928,84662,40122,21780,800461,3529
2020-11-20,1800423,1079029,87402,44683,22945,843069,3473
2020-11-21,1157957,750801,39204,27716,13193,742369,19
2020-11-22,817963,542124,31019,20269,10694,598348,92
2020-11-23,1646525,1005225,87693,40668,21297,755374,3223
2020-11-24,1735702,1068789,89805,41772,22814,821449,3405
2020-11-25,1688227,1037242,93444,46209,21450,853222,3166
2020-11-26,652276,444391,72572,20393,12151,564192,847
2020-11-27,1263473,815993,77273,25009,12395,671213,2046
2020-11-28,1032823,689580,37770,24688,10808,649087,1203
2020-11-29,826974,548548,32628,21898,9360,631798,826
2020-11-30,1459131,849277,80033,37026,19751,652663,3035
2020-12-01,1706348,1068627,73589,35225,21693,752069,3432
2020-12-02,1699968,1026056,73631,35615,22712,746840,3277
2020-12-03,1736045,1070197,75093,37013,22941,767310,3325
2020-12-04,1701628,1024641,72062,39228,21960,775709,3121
2020-12-05,1000240,617332,33528,19727,10151,572557,996
2020-12-06,878393,547330,35055,19652,9904,590525,885
2020-12-07,1656627,1032813,77787,36890,21424,729674,3209
2020-12-08,1540893,1034410,75033,36403,22177,744112,3185
2020-12-09,1701926,1018247,74734,35917,22459,749886,3233
2020-12-10,1761336,1075970,76847,37600,22845,784406,3346
2020-12-11,1786290,1064457,79717,42420,22751,821871,3278
2020-12-12,1091352,703892,41791,24118,12307,671668,20
2020-12-13,911439,582389,39293,22669,10208,659446,80
2020-12-14,1584089,955525,75008,36057,21333,723908,2979
2020-12-15,1783388,1088287,78446,38322,23432,819063,3353
2020-12-16,1569079,853797,68092,33572,19296,625006,2899
2020-12-17,1079818,523854,21417,12527,9940,297298,1613
2020-12-18,1735664,943587,74908,41287,17537,736356,3063
2020-12-19,1112827,670787,41101,24217,11589,651814,25
2020-12-20,821265,516593,32597,18767,9585,555254,736
2020-12-21,1716035,1028489,81225,39814,21647,777049,3244
2020-12-22,1760948,1046799,82001,39579,22820,814975,3254
2020-12-23,1772537,1048565,84404,42100,23305,864271,3201
2020-12-24,1312480,822916,75759,38899,15928,760624,2176
2020-12-25,485208,314171,51348,14435,8611,476547,631
2020-12-26,879170,559111,36047,22076,9094,593895,1014
2020-12-27,760350,474033,34432,20470,9457,594862,901
2020-12-28,1510168,922336,81566,41012,18820,743305,3027
2020-12-29,1555198,930711,78904,39416,19717,759864,3097
2020-12-30,1582486,948194,79298,40962,20922,799839,2990
2020-12-31,1274984,792993,75157,39947,17167,704297,2162
2021-01-01,613692,378288,28977,14988,5960,445950,805
2021-01-02,988418,608686,28879,23139,10450,624765,1194
2021-01-03,653187,413820,20819,15546,9745,496494,728
2021-01-04,1557977,964597,71078,35679,20612,688045,3260
2021-01-05,1597518,990479,70424,35805,21641,708610,3392
2021-01-06,1613629,996123,70289,35857,22795,726679,3260
2021-01-07,1611099,989097,69695,36344,21571,736609,3149
2021-01-08,1619242,982175,68649,39102,21641,754548,3017
2021-01-09,990412,643475,26962,22332,12023,630790,806
2021-01-10,763097,501437,23751,18076,9467,564543,593
2021-01-11,1568207,966517,72285,36015,21089,708058,3123
2021-01-12,1640428,997279,71403,36563,21623,730831,3297
2021-01-13,1641652,996646,70591,36488,22720,737859,3160
2021-01-14,1647396,1017757,70937,37403,21950,754071,3234
2021-01-15,1627120,981817,70180,41025,21819,788779,2978
2021-01-16,991500,645625,27116,22548,11654,631135,1099
2021-01-17,797654,504031,24223,20269,9880,580771,910
2021-01-18,1276978,766926,68674,22337,14124,689251,2141
2021-01-19,1635915,1013616,72565,36885,21049,736254,3328
2021-01-20,1575075,921371,67925,35263,19281,712711,2963
2021-01-21,1652842,1007042,71225,37003,19925,760221,3258
2021-01-22,1672001,1018584,71317,40981,20375,787474,3174
2021-01-23,997551,619673,27942,22216,10536,640381,1114
2021-01-24,741139,458203,23974,17881,8317,560522,821
2021-01-25,1592468,978987,73131,36509,19991,727393,3226
2021-01-26,1550953,911579,68237,34574,18115,653068,2965
2021-01-27,1660278,1004792,70353,35635,19841,740154,3098
2021-01-28,1646806,950205,70023,37015,20139,768600,3208
2021-01-29,1511680,812264,65128,37760,19047,780131,2646
2021-01-30,942615,566837,26642,21229,10284,652550,811
2021-01-31,722853,427945,23091,17531,8616,573512,620
2021-02-01,583230,337228,8611,12093,12202,156759,954
2021-02-02,1005985,543073,22756,22258,8155,311607,1517
2021-02-03,1702598,949695,69068,36347,16869,656614,3057
2021-02-04,1785833,1033791,71341,37590,20328,742193,3381
2021-02-05,1741015,1001775,68866,40322,20136,766091,3115
2021-02-06,1148477,715717,29248,25168,12020,689415,1280
2021-02-07,652521,367095,17110,14068,7115,340122,736
2021-02-08,1639753,964007,70984,36921,17786,701146,3075
2021-02-09,1666467,992290,69548,34582,19386,682085,3123
2021-02-10,1750121,1052021,71257,36580,22169,769088,3284
2021-02-11,1714656,1005348,70196,37230,20144,755367,3148
2021-02-12,1706430,965421,72130,42228,20165,803912,2823
2021-02-13,1092063,656637,29284,25456,11669,666722,1198
2021-02-14,858014,479319,23392,20489,7835,551288,863
2021-02-15,1218593,726412,65652,21792,11437,641883,1764
2021-02-16,1627528,963223,72718,36234,19126,726224,3211
2021-02-17,1733160,1061711,74219,39205,22336,821333,3349
2021-02-18,1381886,725951,57987,31747,15843,456327,2521
2021-02-19,1566021,809308,64121,38307,14172,608152,2707
2021-02-20,1110589,679240,30920,25729,10578,657045,1381
2021-02-21,836095,516715,25208,19844,9195,605395,956
2021-02-22,1582054,927414,69741,35468,19015,691608,3079
2021-02-23,1730198,1040398,73492,37505,20852,759850,3406
2021-02-24,1806306,1099351,74777,39124,23223,797488,3546
2021-02-25,1798165,1069420,75030,39397,22138,814611,3543
2021-02-26,1822812,1065376,76696,44410,21911,851052,3359
2021-02-27,1072932,635820,28849,24256,11319,681969,1324
2021-02-28,810071,491545,23778,20086,8910,619960,972
2021-03-01,1696274,1020837,74430,36339,20359,747909,3333
2021-03-02,1749511,1024511,75335,36611,20640,763489,3472
2021-03-03,1846431,1119137,78770,39651,22823,798577,3569
2021-03-04,1808744,1078036,78642,39730,21727,807284,3456
2021-03-05,1825915,1041408,79104,45027,21842,846071,3270
2021-03-06,1167884,696719,37158,27276,11951,728236,3
2021-03-07,894119,525930,29306,21547,9843,662461,58
2021-03-08,1719586,1039763,79355,39763,20685,767707,3344
2021-03-09,1834068,1101988,79269,40944,22200,791512,3602
2021-03-10,1849077,1104610,78069,41488,22774,804700,3625
2021-03-11,1881902,1107502,80398,42543,22617,836773,3682
2021-03-12,1914465,1092388,82399,48553,21724,873014,3507
2021-03-13,1257372,730218,38465,31500,11932,776744,0
2021-03-14,923968,531754,30405,22347,9732,673170,0
2021-03-15,1730024,1023990,79331,39529,19986,774146,3264
2021-03-16,1798288,1062179,77672,40038,20903,786996,3394
2021-03-17,1866414,1103979,81431,41682,22323,808876,3465
2021-03-18,1771092,1019472,76532,39884,20264,799478,3283
2021-03-19,1906749,1083647,80041,46605,20357,863187,3331
2021-03-20,1307403,768908,41743,33068,12558,787777,0
2021-03-21,1013386,579358,34693,26380,10358,735673,0
2021-03-22,1801438,1095241,84171,43281,20427,788542,3646
2021-03-23,1879574,1133504,83106,41654,21590,810243,3727
2021-03-24,1828084,1075968,79590,40301,21651,794315,3578
2021-03-25,1925768,1127964,83556,44105,21763,847633,3747
2021-03-26,1938246,1091753,84436,49529,20805,865970,3536
2021-03-27,1374266,781981,47484,38301,12900,841595,0
2021-03-28,807247,459949,28347,21000,9104,601860,0
2021-03-29,1742162,1002597,86467,44240,18543,763647,3378
2021-03-30,1881537,1079381,91258,46574,21019,842154,3806
2021-03-31,1808546,995873,84850,43954,20374,833052,3526
2021-04-01,1841815,1030209,77285,38466,20490,856466,3434
2021-04-02,1757698,958085,79770,49308,18839,845252,3070
2021-04-03,1318461,750682,47662,37706,12735,779701,1503
2021-04-04,950194,519812,40868,30673,11632,749910,1066
2021-04-05,1818703,1088750,87048,46156,19970,832239,3431
2021-04-06,1942198,1155101,85757,45178,21695,840351,3873
2021-04-07,1985370,1172362,85479,45747,23469,858593,3809
2021-04-08,2013413,1177833,86715,47059,22579,877834,3893
2021-04-09,2026724,1144311,87051,52445,21978,895229,3686
2021-04-10,1391245,790023,45962,36629,12713,822112,1500
2021-04-11,899646,504407,32034,22933,9742,666435,1020
2021-04-12,1845836,1087799,83124,43563,21192,793402,3418
2021-04-13,2012153,1196355,87182,46150,22728,832482,3877
2021-04-14,2018126,1199954,86698,47970,23462,852606,3810
2021-04-15,1906733,1083083,81762,44175,21198,822207,3593
2021-04-16,2078856,1157507,87190,54355,21632,889711,3591
2021-04-17,1425036,803352,49901,39789,13313,813162,0
2021-04-18,1082503,607333,38263,30983,10865,753446,0
2021-04-19,1911326,1147977,87167,45925,21274,816540,3634
2021-04-20,2082495,1223642,90034,49100,23528,860511,4135
2021-04-21,1965922,1139762,83533,45253,22379,828447,3788
2021-04-22,2040232,1166357,86606,46790,21832,871573,3837
2021-04-23,2121350,1184193,92834,56155,22035,920588,3737
2021-04-24,1520057,809163,51570,43227,13351,854964,0
2021-04-25,985027,540989,34054,23855,9777,695863,0
2021-04-26,1955370,1156913,89303,46752,21083,826605,3761
2021-04-27,2041698,1198299,89028,47310,22603,839788,4020
2021-04-28,2135793,1227777,92150,50011,24412,888723,4027
2021-04-29,2028524,1166096,88705,47785,22201,873037,3881
2021-04-30,2159476,1185321,93530,57364,22322,922720,3699
2021-05-01,1515211,818655,51067,41395,13263,849633,0
2021-05-02,1153471,620063,41827,32683,11541,809865,0
2021-05-03,1971010,1165505,91084,45800,21492,828506,3744
2021-05-04,2120071,1227250,93107,49415,22962,851039,4181
2021-05-05,2074543,1158445,91994,48351,23236,841968,3851
2021-05-06,2199943,1258536,94244,52748,23792,905604,4168
2021-05-07,2238033,1222741,101637,61477,22730,936747,3827
2021-05-08,1444674,779188,56309,42664,13339,854156,0
2021-05-09,1107878,576000,54074,37795,13897,854809,856
2021-05-10,1990039,1149109,96813,50090,20751,844563,3850
2021-05-11,2148322,1231886,97358,51588,22751,873176,4227
2021-05-12,2182277,1238990,98930,53548,23946,887381,4193
2021-05-13,2163052,1182347,103047,55558,23439,918259,4112
2021-05-14,2266974,1220112,104885,63394,22437,947064,3963
2021-05-15,1637231,844096,63079,49401,13516,891574,11
2021-05-16,1201904,621750,49166,36227,11062,814177,14
2021-05-17,2022584,1157960,98458,52803,20779,810018,3990
2021-05-18,2150049,1215676,100430,54920,22367,838307,4321
2021-05-19,2257549,1253578,104762,56851,23784,915644,4367
2021-05-20,2269471,1243965,106604,57425,23659,931659,4441
2021-05-21,2331876,1221591,110077,67283,22520,965528,4264
2021-05-22,1645268,839877,66293,51249,13397,911148,1787
2021-05-23,1268928,645466,58005,40613,11765,885740,1358
2021-05-24,2118877,1192453,105528,55179,21563,869940,4252
2021-05-25,2270945,1253998,110871,58737,22854,902577,4683
2021-05-26,2275882,1241052,114548,59613,23594,921084,4429
2021-05-27,2352019,1246269,117293,62852,23450,970920,4619
2021-05-28,2232599,1135369,112780,66048,21520,931760,4047
2021-05-29,1370135,648192,54774,38894,11734,744860,1332
2021-05-30,1065176,484864,43418,30072,10028,664029,956
2021-05-31,1389651,702801,102292,43039,10380,756187,1651
2021-06-01,2258831,1230127,114759,94923,22308,907698,4705
2021-06-02,2343745,1249102,112503,90821,24325,910385,4772
2021-06-03,2233917,1143159,102751,84815,23026,895524,4419
2021-06-04,2310032,1160335,104564,88908,22743,930743,4308
2021-06-05,1792204,874545,72827,62687,14636,946758,0
2021-06-06,1363344,654780,61866,51469,12514,921829,0
2021-06-07,2223265,1200737,112097,89412,21511,897208,4348
2021-06-08,2265591,1175335,108346,87986,22948,878376,4561
2021-06-09,2386026,1259005,107918,90641,23868,908563,4586
2021-06-10,2473818,1276901,113236,91323,23498,951274,4801
2021-06-11,2468258,1221484,118259,94566,23324,968763,4371
2021-06-12,1775538,849178,68188,61468,14450,919318,0
2021-06-13,1379959,647385,59186,51712,12047,887098,0
2021-06-14,2223186,1176722,115254,91064,21568,869235,4205
2021-06-15,2469785,1277203,117580,96688,23460,917933,4925
2021-06-16,2519444,1288040,119205,94690,24788,945955,4745
2021-06-17,2552497,1281552,121580,98435,23292,973485,4989
2021-06-18,2572013,1235675,122848,104304,22491,989296,4549
2021-06-19,1784312,841519,76508,66134,13949,952944,0
2021-06-20,1389352,652557,76969,60876,13189,951631,0
2021-06-21,2264368,1191844,123918,95740,20512,926300,4601
2021-06-22,2354873,1172110,116165,97637,22293,896868,4648
2021-06-23,2547416,1264095,121867,101864,24223,946870,5027
2021-06-24,2552639,1248843,121542,100509,22842,978351,5045
2021-06-25,2582713,1214123,126722,100537,22400,988675,4712
2021-06-26,1854179,841585,76560,66738,13520,950086,1682
2021-06-27,1559967,656004,75058,62411,11883,900039,1436
2021-06-28,2252362,1152019,122263,101482,20503,924740,4564
2021-06-29,2343739,1169268,119355,97829,21612,930011,4717
2021-06-30,2346388,1139886,119358,99455,23001,945822,4476
2021-07-01,2292461,1104516,114363,90018,22011,933638,4598
2021-07-02,2296044,1121116,116542,94252,21489,920188,4258
2021-07-03,1541988,738089,63827,57381,12676,777262,1768
2021-07-04,1468510,615001,70165,63948,12816,773629,1815
2021-07-05,1495709,770321,78370,59711,10303,838087,2005
2021-07-06,2302002,1181416,127893,100494,22648,903777,4690
2021-07-07,2437064,1234617,122603,99137,23637,926634,5028
2021-07-08,2364250,1164513,116274,93197,22941,897858,4785
2021-07-09,2318387,1115969,109420,88347,20632,888932,4325
2021-07-10,1781717,855908,72964,64429,14518,925950,2204
2021-07-11,1365854,635511,62559,53178,11725,830775,1549
2021-07-12,2245412,1171521,120503,99023,20623,866231,4563
2021-07-13,2457526,1239045,123373,105314,22286,895705,5117
2021-07-14,2517615,1260044,120455,101843,23662,919213,5018
2021-07-15,2581582,1275846,125587,105171,23772,971048,5209
2021-07-16,2536569,1219118,123465,104331,21730,983846,4626
2021-07-17,1717480,795347,73001,64513,13228,897001,0
2021-07-18,1405344,640618,67362,56174,11313,838604,0
2021-07-19,2327756,1208792,126653,103403,20276,897298,4717
2021-07-20,2462002,1217802,125809,107009,22213,924495,5015
2021-07-21,2504568,1225595,121530,104862,22865,914902,4934
2021-07-22,2582151,1279778,127275,102275,23122,963493,5187
2021-07-23,2552330,1219255,130474,101070,22314,985198,4713
2021-07-24,1852402,856250,84852,68579,14042,950568,0
2021-07-25,1364830,625645,66417,53090,11419,864361,0
2021-07-26,2318455,1219135,129875,101260,19910,907205,4714
2021-07-27,2487947,1267804,128262,102950,22609,918908,5132
2021-07-28,2534756,1276296,126767,99976,23145,932094,5004
2021-07-29,2428764,1186642,120318,94716,22164,918380,4743
2021-07-30,2557677,1235623,131905,103531,22127,988596,4812
2021-07-31,1841007,857333,85371,67121,13932,953445,0
2021-08-01,1351294,629963,66030,51978,11627,869092,0
2021-08-02,2333923,1208484,126151,102349,19824,903514,4799
2021-08-03,2483802,1262043,123949,103249,22828,904753,5262
2021-08-04,2529002,1257876,123700,99332,23611,921068,5016
2021-08-05,2529190,1259332,119999,98290,22610,956306,5097
2021-08-06,2519444,1222343,123238,101218,22179,979833,4500
2021-08-07,1780458,836715,76835,67267,14108,923751,0
2021-08-08,1333885,598574,61066,54265,11934,843489,0
2021-08-09,2289434,1183050,109865,95599,20540,891525,4845
2021-08-10,2442194,1245670,122544,95330,23079,905508,5037
2021-08-11,2475949,1246306,119708,94737,23338,931264,4928
2021-08-12,2448589,1223666,119717,90818,22427,965578,4764
2021-08-13,2430102,1189426,123849,91861,21336,973883,4522
2021-08-14,1718222,811826,75664,57650,13157,904780,0
2021-08-15,1430620,661705,72983,54362,12395,918288,0
2021-08-16,2287627,1170216,123942,100258,20087,910779,4769
2021-08-17,2427611,1209633,120737,103616,22245,909180,5081
2021-08-18,2445638,1210760,117216,97853,22715,917872,4878
2021-08-19,2439624,1194375,117409,93036,21838,939085,4871
2021-08-20,2456334,1183308,124627,99533,21451,969814,4590
2021-08-21,1715030,822340,72843,61997,13046,941331,1409
2021-08-22,745240,369246,27528,16121,7979,489334,560
2021-08-23,2052669,1032792,110003,84223,18809,821654,4062
2021-08-24,2462365,1234884,130591,98325,22679,942935,5041
2021-08-25,2498255,1236342,127392,93307,23351,957036,5165
2021-08-26,2480137,1222996,122067,91039,22068,950534,4995
2021-08-27,2388210,1147249,119665,90532,21211,973335,4392
2021-08-28,1659434,776489,68988,56208,12760,890293,1661
2021-08-29,1398566,630281,68832,54068,11558,890505,2076
2021-08-30,2321000,1182908,131574,97092,19224,911105,4695
2021-08-31,2532584,1246463,133641,99949,22724,936181,5390
2021-09-01,2294448,1086148,118437,90598,20878,811053,4551
2021-09-02,1661558,1188941,105647,37898,21179,851145,2620
2021-09-03,2390392,1221668,139807,97937,22585,1014806,4450
2021-09-04,1777639,834456,84764,57137,13382,927358,2104
2021-09-05,1415352,618622,71004,45169,11931,832200,1541
2021-09-06,1521388,733947,77906,51338,10077,812884,1966
2021-09-07,2233674,1102372,137623,113742,21143,902400,4795
2021-09-08,2529619,1192895,135722,110925,22354,896020,5228
2021-09-09,2702713,1249341,139547,111708,23653,911040,5378
2021-09-10,2840443,1322430,150895,113495,23037,995486,5377
2021-09-11,1983091,870791,82235,65329,13070,917704,2182
2021-09-12,1589976,694561,77028,58979,12239,899864,1679
2021-09-13,2852796,1441516,147829,122504,21898,914827,6133
2021-09-14,3011275,1511145,144904,120532,23132,908024,6672
2021-09-15,2987334,1503627,139927,116413,23966,904733,6410
2021-09-16,2534545,1210069,127995,107680,20826,864413,5308
2021-09-17,3028545,1456201,142120,119349,23282,982085,6131
2021-09-18,2014848,871175,77267,76288,14054,949178,2582
2021-09-19,1596823,674024,69397,64139,12612,914623,1897
2021-09-20,2883211,1481676,148068,122101,21889,895109,6548
2021-09-21,3018312,1505803,142672,123923,22399,860050,6998
2021-09-22,3021113,1506211,139853,120056,23157,872883,6812
2021-09-23,3016106,1483075,140127,115473,23031,915198,6724
2021-09-24,3121747,1469705,142827,116730,21941,986694,6294
2021-09-25,2129492,872490,88460,81282,13909,953628,2719
2021-09-26,1614677,657257,80069,64937,12034,895286,2238
2021-09-27,2873368,1489441,146154,121534,21209,881116,6715
2021-09-28,2927715,1457421,141188,118253,21727,831192,6827
2021-09-29,3063720,1513184,137483,120032,23323,886785,6789
2021-09-30,3146861,1516081,144838,121842,23555,953501,7104
2021-10-01,3162881,1492942,140003,116182,23098,985786,6325
2021-10-02,2063660,883902,86563,80946,14145,923455,2562
2021-10-03,1575738,673253,74851,66758,12936,887540,1904
2021-10-04,2864349,1419155,152598,121256,21794,871945,6591
2021-10-05,3091160,1499767,150226,124670,23644,887129,7027
2021-10-06,3140986,1532668,149640,123097,24677,913993,6972
2021-10-07,3190747,1523168,150072,121407,24571,951212,7298
2021-10-08,3168473,1473912,153755,123609,23356,1001210,6660
2021-10-09,2052699,856308,84631,81969,13634,919384,47
2021-10-10,1499385,601821,65636,59049,11794,806025,166
2021-10-11,2263615,1045865,131714,114458,16917,878443,3883
2021-10-12,3102879,1514608,154602,128194,23848,910639,7292
2021-10-13,3157457,1511356,151319,124790,24396,907632,7198
2021-10-14,3240686,1527543,154572,126815,24144,952876,7386
2021-10-15,3227068,1491099,150932,124654,23251,990940,6786
2021-10-16,2042027,856990,83415,74913,13307,896392,2369
2021-10-17,1629991,663944,74826,69729,12564,891527,1853
2021-10-18,2982883,1461843,153681,127381,21454,889996,6810
2021-10-19,3178208,1510722,153382,129993,23403,899389,7250
2021-10-20,3234327,1525608,155242,131127,24474,916246,7148
2021-10-21,3267697,1476434,149850,127259,24007,948652,7498
2021-10-22,3225816,1471199,145810,126554,22843,986548,6297
2021-10-23,2077488,847596,74720,82865,13556,914737,2243
2021-10-24,1599927,659283,69611,68154,12314,883371,1908
2021-10-25,2994936,1461023,158330,125755,21724,883887,7026
2021-10-26,2702635,1233660,130109,104517,21220,738636,5278
2021-10-27,3300580,1503535,155865,129881,24144,914494,7054
2021-10-28,3365971,1515489,159574,132170,24814,959835,7605
2021-10-29,3251779,1426938,153317,122632,22477,963442,6597
2021-10-30,2044310,819620,76471,69281,12642,854656,2177
2021-10-31,1746769,656203,68674,66300,12233,824978,1910
2021-11-01,3034306,1448304,158356,131251,21387,898451,6783
2021-11-02,2848222,1258180,147832,129297,22016,853432,5679
2021-11-03,3293732,1507287,154203,130954,23349,901230,7371
2021-11-04,3284315,1486942,151353,126533,24009,931012,7210
2021-11-05,3293438,1457014,150227,121824,23009,966007,6769
2021-11-06,2195864,864499,84943,80784,13672,910587,2410
2021-11-07,1888985,614513,81181,72175,10647,780686,2978
2021-11-08,3065533,1461178,159723,131127,22136,889544,6921
2021-11-09,3279457,1518264,157181,134070,24504,898518,7677
2021-11-10,3351992,1514453,159254,134400,24608,926005,7445
2021-11-11,2922235,1198235,143386,122940,19846,895643,5493
2021-11-12,3158682,1350608,141671,117650,21598,919941,6082
2021-11-13,2169863,815114,80829,74296,13124,869112,2286
2021-11-14,1703136,657129,72488,62856,12460,858311,1772
2021-11-15,3110969,1437414,160952,132234,22208,890524,6792
2021-11-16,3340844,1492110,161362,137235,23694,902386,7472
2021-11-17,3369069,1501740,158372,131113,24396,915266,7453
2021-11-18,3412249,1505488,157433,132632,24071,959226,7511
2021-11-19,3316999,1429787,151795,127093,22662,987149,6842
2021-11-20,2135731,861772,94412,82894,13195,915131,2367
2021-11-21,1674206,674551,80467,66859,12774,841901,1827
2021-11-22,3130363,1418226,156874,127776,21441,901942,6896
2021-11-23,3286591,1424890,162241,136562,22574,989345,7194
2021-11-24,3085289,1343391,165349,139391,21002,992568,6589
2021-11-25,1357198,509782,125417,69945,15459,861084,1990
2021-11-26,2089772,843588,128452,108747,11077,789915,3205
2021-11-27,1880422,750986,83676,76112,10620,850980,2216
2021-11-28,1465745,592081,75197,65128,10481,825585,1669
2021-11-29,2996015,1381661,166154,132498,21124,900399,6692
2021-11-30,3207209,1432539,166738,136630,22469,897216,7124
2021-12-01,3326469,1463384,163163,136126,23347,899319,7266
2021-12-02,3358843,1449142,154723,127508,22540,923179,7290
2021-12-03,3374097,1419078,144500,119424,22518,940827,6442
2021-12-04,2318147,864764,91477,81392,13317,864918,56
2021-12-05,1737352,665129,72716,60526,12541,818544,193
2021-12-06,3135869,1394230,154970,127260,21761,865595,6687
2021-12-07,3367790,1453136,153749,131033,23262,883027,7367
2021-12-08,3378727,1430106,156218,130222,22691,889409,6948
2021-12-09,3433600,1436883,154367,126159,22743,927903,7222
2021-12-10,3417451,1404176,152524,127711,22237,962125,6331
2021-12-11,2266265,786137,91894,81068,13396,863814,2291
2021-12-12,1829872,627007,80874,66471,12189,828121,1833
2021-12-13,3120850,1333718,153387,129698,21617,874293,6769
2021-12-14,3274170,1378221,154939,131812,23042,894669,7124
2021-12-15,3242168,1436154,153128,129761,23732,921048,6908
2021-12-16,3219799,1438193,152710,126131,23623,948535,7043
2021-12-17,3112088,1375383,146111,121037,22539,968689,6404
2021-12-18,1880969,786073,74306,66097,12312,832994,1987
2021-12-19,1579809,636393,65698,56292,12238,784051,1694
2021-12-20,2716451,1277654,132078,102695,20318,856849,5979
2021-12-21,2697325,1299476,124376,97141,21656,866595,5772
2021-12-22,2634565,1252621,117678,92941,21673,878197,5594
2021-12-23,2486489,1166953,118388,97238,19335,899513,5000
2021-12-24,1575449,746809,97408,81055,12009,738612,2289
2021-12-25,810937,329549,39466,31575,9021,582582,1008
2021-12-26,1284738,518897,56467,51478,8744,673477,1746
2021-12-27,2007649,890096,108463,89427,14952,744547,4026
2021-12-28,2168419,953933,109904,89719,16736,764364,4372
2021-12-29,2167077,921562,105898,92605,16859,768653,3996
2021-12-30,2198415,928012,110101,90827,16177,804654,3944
2021-12-31,1627589,699749,96699,85232,11498,628305,2270
2022-01-01,1027918,350845,33980,30341,4904,498515,1262
2022-01-02,1219735,475096,49155,42587,8383,624655,1571
2022-01-03,2168229,1000002,102961,83990,16437,692740,4515
2022-01-04,2289352,1082360,104247,81978,17909,733369,4795
2022-01-05,2267942,1078511,98251,77579,18861,709060,4659
2022-01-06,2391176,1146904,103562,82567,18672,780026,4909
2022-01-07,2121941,880997,90207,73067,14203,559774,3628
2022-01-08,1486065,631341,51707,46428,9126,641533,1672
2022-01-09,1102472,475438,43383,35309,7916,567494,1210
2022-01-10,2347323,1147341,116463,90220,18268,762712,4954
2022-01-11,2266378,1040581,104378,81438,17388,753381,4655
2022-01-12,2459224,1179931,111022,86050,19679,784901,5024
2022-01-13,2524197,1218552,112519,87672,19918,821641,5132
2022-01-14,2522972,1186647,109199,88634,18878,866901,4774
2022-01-15,1434676,573037,53410,45309,9510,703293,1449
2022-01-16,1165626,456257,43578,38025,8545,621361,1140
2022-01-17,1600048,694066,98738,44075,8760,649397,2190
2022-01-18,2541044,1222195,125615,100364,19389,815605,5381
2022-01-19,2642129,1286788,121249,96281,21111,829778,5598
2022-01-20,2545486,1181953,112595,88196,18616,766608,5031
2022-01-21,2565781,1151816,113474,91079,19079,864079,4748
2022-01-22,1583650,655490,59412,53737,10455,735629,1642
2022-01-23,1245716,529115,48672,43647,9446,685007,1245
2022-01-24,2536827,1244112,127750,100520,19472,791390,5188
2022-01-25,2701246,1308979,124499,98859,21233,817021,5625
2022-01-26,2711803,1266798,118625,96253,21033,833936,5197
2022-01-27,2724979,1275573,119039,95748,20934,869615,5271
2022-01-28,2703403,1208092,120912,96409,20115,866261,4994
2022-01-29,999347,271959,8142,22016,5353,174348,852
2022-01-30,1262477,460299,47852,45002,5974,506466,1233
2022-01-31,2575762,1139164,132248,109718,18400,777628,4968
2022-02-01,2635083,1127084,135255,111424,20357,804390,4993
2022-02-02,2940152,1314898,140059,110996,22427,846701,5830
2022-02-03,2914198,1304726,126901,104093,22325,853193,5750
2022-02-04,2725725,1176367,117899,94290,18557,781068,5072
2022-02-05,1792780,726750,61201,61496,11377,775134,1835
2022-02-06,1323892,558211,51472,48395,10621,744779,1388
2022-02-07,2784230,1297024,136455,111297,21120,809094,5711
2022-02-08,3016648,1387432,141653,119190,22667,851665,6254
2022-02-09,3088775,1421706,143673,115341,23863,868057,6297
2022-02-10,3112489,1423775,143062,115707,23341,905812,6362
2022-02-11,3015472,1348189,131038,110674,22608,939270,5570
2022-02-12,2026308,820629,71709,71813,13376,867255,2295
2022-02-13,1349864,510307,50534,46395,10013,655107,1322
2022-02-14,2907825,1272100,142507,113260,20812,862473,5803
2022-02-15,3030742,1340123,146607,119034,21922,873240,6447
2022-02-16,3100639,1406714,140431,115325,23513,875377,6337
2022-02-17,3109956,1408571,141226,115718,23713,911310,6527
2022-02-18,2953785,1285978,129403,112030,21470,947650,5677
2022-02-19,1792136,723602,64696,66545,12171,813140,2108
2022-02-20,1477125,571789,55015,54863,11017,768971,1517
2022-02-21,1942267,873961,109882,63892,12500,816227,2781
2022-02-22,2669508,1143526,135406,112764,19233,846877,5767
2022-02-23,2894245,1247209,140229,119188,23807,892767,6116
2022-02-24,2858146,1196924,132496,110395,21868,911720,5879
2022-02-25,2575630,1027563,114658,90953,18740,794852,4544
2022-02-26,1824833,775358,71783,61573,12226,847294,2012
2022-02-27,1403227,604646,62913,51604,11337,802377,1523
2022-02-28,2915786,1362855,134902,118572,21929,859177,6170
2022-03-01,3138181,1435834,165769,150787,22944,873348,6655
2022-03-02,3208166,1463263,159238,140945,24289,896503,6680
2022-03-03,3207495,1434851,152883,132506,23800,923154,6674
2022-03-04,3077537,1363159,145518,125143,22821,957694,5807
2022-03-05,1955535,812774,69010,70427,13269,865292,2116
2022-03-06,1444501,600501,53034,52874,12557,787598,1550
2022-03-07,2980920,1395540,153907,129784,22465,861409,6161
2022-03-08,3244473,1456451,158652,138811,24076,894132,6923
2022-03-09,3113559,1338822,153393,129056,23477,832720,6200
2022-03-10,3339363,1476288,163931,140107,24515,945191,6914
2022-03-11,3195956,1419371,158985,135371,23736,986555,6150
2022-03-12,1663893,637601,51679,59927,10655,669502,1748
2022-03-13,1479406,590753,59964,57548,11491,792377,1524
2022-03-14,3008800,1406578,159962,134093,22480,879699,6416
2022-03-15,3275906,1454522,171406,146786,24272,906028,7287
2022-03-16,3332335,1476356,168768,145085,25305,914284,7009
2022-03-17,3175784,1350810,166884,135727,22946,888875,6768
2022-03-18,3275433,1402806,163169,137528,24019,978491,6288
2022-03-19,2001839,820933,74087,73974,12877,872810,2050
2022-03-20,1656673,628693,67551,63818,12736,879711,1722
2022-03-21,3034759,1418900,165487,134182,22229,880846,6367
2022-03-22,3276940,1471299,168328,144765,23948,891089,7082
2022-03-23,3275708,1438665,161202,138873,24574,891509,6540
2022-03-24,3212181,1373850,162392,134129,22998,900384,6513
2022-03-25,3218970,1397899,158528,133368,23274,967743,6075
2022-03-26,2024596,783499,71809,73933,13208,875353,2154
2022-03-27,1534056,628313,64950,58044,11809,830360,1602
2022-03-28,2989874,1336330,153222,130886,22114,868259,6096
2022-03-29,3291883,1430099,163218,143870,23981,886086,6900
2022-03-30,3336073,1465351,164882,143216,24620,913063,6920
2022-03-31,3323135,1450363,164074,139602,24308,941530,6890
2022-04-01,3237107,1411421,145251,120557,24017,972802,5972
2022-04-02,2128435,879513,77205,80471,14382,893814,2484
2022-04-03,1463932,607152,58819,53761,12947,790600,1419
2022-04-04,3127667,1447820,159541,135920,23746,899510,6676
2022-04-05,3356454,1484961,170140,150671,24873,904813,7089
2022-04-06,3311547,1403198,163830,142810,25103,890470,6569
2022-04-07,3307076,1379678,161276,140249,24107,901454,6636
2022-04-08,3347754,1443367,160905,140791,24488,998348,6342
2022-04-09,2190396,868945,81562,86611,13969,897690,66
2022-04-10,1707748,667662,63204,66112,13935,850153,13
2022-04-11,3205728,1433226,161131,140224,23569,901316,6354
2022-04-12,3078069,1496004,172294,149369,25286,936334,7099
2022-04-13,3220964,1495891,163448,147043,25847,949712,6593
2022-04-14,3297697,1438990,162946,144335,25073,982717,6381
2022-04-15,2761532,1137728,166068,140217,20908,973156,4728
2022-04-16,1986306,830874,89011,83725,13413,885536,2133
2022-04-17,1512633,596619,71258,71704,14704,845418,1640
2022-04-18,2676254,1145261,154315,139151,20245,901207,5209
2022-04-19,2962130,1189960,168354,151518,22359,895086,5841
2022-04-20,3098046,1265823,171730,155674,24212,942383,6097
2022-04-21,3033422,1231047,165823,147535,23239,920202,5738
2022-04-22,2985684,1217380,157943,145606,22298,935779,5340
2022-04-23,2109188,844146,79436,89804,13459,907580,59
2022-04-24,1655860,648591,64842,67580,12927,875218,3
2022-04-25,3026541,1415638,159569,138979,22370,883942,6322
2022-04-26,3281657,1453452,172171,153893,23800,897493,7024
2022-04-27,3432282,1500437,172613,153109,25229,934481,6903
2022-04-28,3404938,1468093,167300,146321,24321,968651,6765
2022-04-29,3257634,1429909,164944,136881,23421,994415,5900
2022-04-30,2108746,884540,82887,82838,14223,938739,2123
2022-05-01,1683953,676070,64630,62502,12976,870826,2694
2022-05-02,2732825,1176867,146394,126784,21695,883276,5425
2022-05-03,3402882,1500109,177868,155261,24680,929868,7400
2022-05-04,3364902,1465639,168539,147078,25462,921590,6747
2022-05-05,3502522,1523580,174640,150087,25903,982930,7061
2022-05-06,3190556,1353750,154325,129417,23411,953902,5729
2022-05-07,1842808,706551,72948,68612,13033,841086,1523
2022-05-08,1582133,630228,73703,73027,15375,891361,1449
2022-05-09,3114506,1428758,163741,140940,22008,917036,6564
2022-05-10,3412902,1504314,175823,158627,24148,933451,7176
2022-05-11,3440378,1514922,178061,156792,25548,948266,7159
2022-05-12,3430104,1495220,169543,149204,25158,981139,6866
2022-05-13,3252002,1410923,164843,140065,23539,998394,6050
2022-05-14,2149046,840921,89636,86652,13580,918398,69
2022-05-15,1760359,692876,76052,69705,13379,908702,5
2022-05-16,3080043,1396300,163431,140702,22187,898690,5996
2022-05-17,3536021,1519740,182683,162082,24353,951399,7259
2022-05-18,3605606,1511142,182181,161135,25365,982156,6816
2022-05-19,3467327,1426027,172517,149985,24271,983011,6790
2022-05-20,3271914,1396732,175666,146403,23767,1011794,6040
2022-05-21,2324245,883795,94322,92552,14985,983575,2530
2022-05-22,1760638,683500,78635,72063,13279,920057,1863
2022-05-23,3111755,1431781,170546,151349,22696,943933,6356
2022-05-24,3378506,1488152,182570,163943,24560,942307,7023
2022-05-25,3426530,1493506,178124,158814,25418,959442,6862
2022-05-26,3341059,1464696,176469,148011,24866,1001574,6549
2022-05-27,3031130,1353398,167840,135294,22894,975898,5737
2022-05-28,1872775,788135,91250,77192,12805,833464,2191
2022-05-29,1755236,701173,84784,76982,14490,891666,2276
2022-05-30,1694970,755616,80533,68206,10771,839398,2251
2022-05-31,3176109,1426470,184088,163018,23778,968335,6634
2022-06-01,3381297,1465383,178742,159050,25586,943747,7084
2022-06-02,3351902,1433303,170537,151492,24764,959324,6783
2022-06-03,3283271,1431042,174500,153744,24838,1002106,6178
2022-06-04,2178024,904623,93431,92199,14409,957009,1844
2022-06-05,1724983,691644,75675,74005,13955,865693,1361
2022-06-06,3092181,1411725,167062,148152,22794,892799,6552
2022-06-07,3392224,1440940,185736,163756,25256,940766,7169
2022-06-08,3492805,1496144,181126,162417,26058,958676,7114
2022-06-09,3297157,1333103,179521,157460,25135,975009,6430
2022-06-10,3376125,1435660,187819,159223,25437,1028117,6304
2022-06-11,2231451,870550,117891,95108,14776,961805,1835
2022-06-12,1674607,626471,80792,74580,13440,883990,1209
2022-06-13,3168681,1440429,174264,150375,23697,943626,6608
2022-06-14,3494822,1493761,191198,174340,25372,954427,7276
2022-06-15,3526802,1478668,192593,169462,26904,965644,7153
2022-06-16,3409624,1397317,190212,162513,25856,993952,6720
2022-06-17,3247379,1397243,187179,148590,24338,1036376,6036
2022-06-18,2186635,884050,106091,94130,15136,987511,2613
2022-06-19,1725762,693231,90581,80654,15622,946443,1903
2022-06-20,2460659,1077190,167670,138080,15440,942148,4009
2022-06-21,3339793,1408052,190339,172400,25299,951906,7183
2022-06-22,3357113,1361456,178850,164196,25774,937068,6910
2022-06-23,3407485,1382605,188546,169144,25286,1004103,6716
2022-06-24,3296412,1331442,187818,161647,24414,1035312,6066
2022-06-25,2286963,888953,106000,102466,15274,994834,50
2022-06-26,2011977,696910,102452,99103,14574,962670,618
2022-06-27,2932598,1279403,171627,149284,22331,928436,6260
2022-06-28,3248338,1328144,199956,174878,24179,960666,6903
2022-06-29,3249261,1325530,191855,169146,25392,977984,6792
2022-06-30,3151572,1300241,191868,158265,24651,1011864,6407
2022-07-01,2827549,1221837,151245,117791,23983,998259,5291
2022-07-02,1847093,827668,84481,75179,12878,823425,2042
2022-07-03,1654774,703282,86602,73949,14822,845877,1909
2022-07-04,1608084,689986,85709,72464,10976,772949,2148
2022-07-05,2802814,1246208,169990,150170,22800,925869,5935
2022-07-06,3066462,1330990,173648,153543,25372,917894,6448
2022-07-07,3115604,1333373,173393,151105,25119,946553,6463
2022-07-08,2902322,1249434,163715,134620,24108,949529,5625
2022-07-09,2061419,885289,92765,89757,14546,917802,2563
2022-07-10,1681041,707984,82276,71195,14147,921110,2016
2022-07-11,2876587,1312895,167475,148113,23255,913992,6163
2022-07-12,3148320,1350346,180172,164494,24697,913137,6780
2022-07-13,3229387,1365172,178413,166187,25800,944299,6536
2022-07-14,3203104,1355975,174794,159599,25312,977841,6413
2022-07-15,3021651,1291217,171615,148858,24177,994183,5527
2022-07-16,2093206,859537,101758,98156,15226,939649,64
2022-07-17,1674922,701796,82028,80166,13868,900361,7
2022-07-18,2720012,1209240,162178,132779,22670,877737,5543
2022-07-19,3169016,1372407,180693,160294,24933,932398,6593
2022-07-20,3190942,1357383,180707,156988,25590,945289,6167
2022-07-21,3109097,1302978,173070,150414,24308,954280,6166
2022-07-22,2942752,1267907,174861,138068,23926,993037,5322
2022-07-23,2028696,862976,99341,86245,14503,945847,32
2022-07-24,1596195,674189,82656,68265,12751,908767,6
2022-07-25,2727722,1220826,163454,140432,22355,893016,5692
2022-07-26,3175001,1360570,186182,162994,24990,942025,6479
2022-07-27,3232796,1369023,185332,161241,25759,957557,6667
2022-07-28,3151913,1332113,173264,156936,24413,974290,6421
2022-07-29,2932846,1260714,166723,147568,23697,979719,5532
2022-07-30,2074421,893846,89426,96840,15068,954809,56
2022-07-31,1649097,693700,77991,78953,14046,929822,3
2022-08-01,2739262,1240007,151752,138431,22892,904119,5673
2022-08-02,3070101,1346324,173023,158236,24865,919127,6452
2022-08-03,3124038,1367848,173751,158305,26785,947338,6170
2022-08-04,3049076,1323229,174491,147770,25326,976459,5409
2022-08-05,2822155,1260961,161323,129376,23824,976443,4754
2022-08-06,1999580,865676,95704,84495,14893,944842,33
2022-08-07,1542311,670866,78449,66242,14367,882525,153
2022-08-08,2705428,1276524,165363,137457,22965,926426,5496
2022-08-09,3013784,1308034,173284,151624,25056,922400,5935
2022-08-10,3134434,1347916,178656,147931,26098,948711,6117
2022-08-11,3093548,1315101,171390,146019,25553,966856,5842
2022-08-12,2963913,1273620,175220,137578,24849,996504,5422
2022-08-13,2089217,878499,103227,89569,15889,953867,1632
2022-08-14,1677803,692644,88242,72900,14492,931953,1339
2022-08-15,2768347,1234308,161519,144170,23199,921408,5395
2022-08-16,3045892,1288800,173651,157888,24994,919835,6228
2022-08-17,3074027,1284966,172248,155815,25904,935484,6080
2022-08-18,3077928,1283965,181136,150643,25701,982598,5834
2022-08-19,2918737,1239929,164682,141791,24141,995590,5132
2022-08-20,2038622,875371,96552,97718,15903,952947,1699
2022-08-21,1619422,692309,84669,81666,14617,918196,1272
2022-08-22,2622885,1144254,160918,141482,21887,884589,5185
2022-08-23,2992615,1261782,173898,155953,24448,921483,5903
2022-08-24,3020710,1288092,177790,151169,25654,946975,6036
2022-08-25,3090901,1310134,177178,142659,24964,981024,6122
2022-08-26,2863653,1217448,171765,133306,23417,967932,4969
2022-08-27,2066542,874084,103192,90006,15575,977708,2214
2022-08-28,1651689,681823,86867,76296,14506,940460,1816
2022-08-29,2836374,1263000,180588,140540,22503,927114,5705
2022-08-30,3091873,1326293,195986,152025,24300,934163,6228
2022-08-31,3144027,1342568,197154,149499,25541,972327,6261
2022-09-01,3114667,1338287,186311,140082,25382,997846,6189
2022-09-02,2925306,1250956,185153,138009,24696,1006354,5307
2022-09-03,2116811,867750,116405,94997,15863,924383,2455
2022-09-04,1802349,701646,97728,77386,15428,901892,1894
2022-09-05,1691887,682671,93198,74585,9722,801463,1977
2022-09-06,3063503,1231759,190260,164255,24963,892569,6016
2022-09-07,3444556,1412342,203983,179628,26773,939358,6698
2022-09-08,3644407,1517502,199489,178788,27121,966189,7185
2022-09-09,3481756,1492297,189930,161197,25627,1009058,6432
2022-09-10,2356865,914744,103789,98043,15345,982329,1948
2022-09-11,1737251,659929,82638,72789,14467,862493,1275
2022-09-12,3382150,1519324,187548,163430,24947,925590,6863
2022-09-13,3618354,1557686,200171,180183,26317,921108,7552
2022-09-14,3741978,1590666,202713,181619,28124,954907,7740
2022-09-15,3747731,1573907,197284,175672,27391,981703,7725
2022-09-16,3502358,1501956,184424,155750,26025,1015255,6797
2022-09-17,2350888,916215,99403,101734,15828,971118,2693
2022-09-18,1844317,712161,86329,79158,15588,935291,1944
2022-09-19,3369999,1490926,187831,164392,24491,909943,7155
2022-09-20,3767024,1554448,203873,188771,26148,930442,7962
2022-09-21,3878782,1543632,204572,188361,27479,946181,8112
2022-09-22,3732919,1433737,190703,174952,26136,938754,7883
2022-09-23,3626482,1413234,190670,168866,25738,981726,6902
2022-09-24,2377091,860948,98192,115822,15593,944900,1975
2022-09-25,1759832,660871,81212,87366,14770,861534,1582
2022-09-26,2812853,1206954,177235,153930,21532,868980,5848
2022-09-27,3204114,1290217,192275,176941,24344,886658,6744
2022-09-28,3712354,1541900,201525,179234,27423,930967,7903
2022-09-29,3707751,1503472,194288,173138,26857,960265,7738
2022-09-30,3503239,1477082,181549,164028,26614,997765,6623
2022-10-01,2032983,758826,72081,80394,13718,820869,1855
2022-10-02,1621851,591909,61918,68450,13897,793492,1302
2022-10-03,3370048,1426633,173268,153913,25390,880633,6824
2022-10-04,3397689,1354099,181887,166868,25282,833631,6825
2022-10-05,3077346,1206674,176091,158117,24305,816200,6012
2022-10-06,3848909,1554806,203783,182247,28527,981805,7907
2022-10-07,3591080,1480214,204261,166955,26725,1018633,6865
2022-10-08,2397249,888506,114687,110122,15448,965140,1975
2022-10-09,1917721,691656,97984,88783,14776,911141,2200
2022-10-10,2556722,1034288,163310,152488,17806,845129,4220
2022-10-11,3649405,1521587,203885,192887,26435,899509,7841
2022-10-12,3776129,1554226,203866,185488,28193,945786,7820
2022-10-13,3682799,1463795,195360,173174,26422,935038,7593
2022-10-14,3578772,1468602,186594,170188,26877,1000719,6877
2022-10-15,2363501,914771,100804,108230,15945,964859,1897
2022-10-16,1773903,705073,80395,85438,15338,898969,1385
2022-10-17,3314497,1430672,182855,170716,24045,860596,6952
2022-10-18,3693627,1510826,199026,191540,26135,894481,7917
2022-10-19,3814404,1545140,202921,185202,28002,916246,7934
2022-10-20,3810901,1532692,201886,180234,27649,970479,7784
2022-10-21,3570334,1452280,185797,166539,26385,997993,6848
2022-10-22,2430406,916539,97921,122863,15832,970862,90
2022-10-23,1740520,668183,76024,83665,14434,872119,19
2022-10-24,3357840,1432728,182390,161772,24643,887372,6929
2022-10-25,3712582,1512725,200671,183507,27080,903935,7864
2022-10-26,3794534,1539557,201843,181254,27891,932571,7978
2022-10-27,3892985,1543031,196789,179032,28035,971657,7848
2022-10-28,3624748,1455834,179633,159109,26237,992291,6647
2022-10-29,2440601,912721,86888,102975,15778,949043,42
2022-10-30,1875953,711004,69358,80576,15324,903170,5
2022-10-31,3410892,1394453,177547,157055,24178,862337,6759
2022-11-01,3706707,1501329,196102,178425,26993,911552,7756
2022-11-02,3788123,1549724,198277,181158,28493,918835,7788
2022-11-03,3802455,1521975,197940,178498,28364,941513,7676
2022-11-04,3586358,1459619,180084,161378,27340,975347,6813
2022-11-05,2449943,918127,96845,110793,16790,940206,2628
2022-11-06,2116063,648085,92648,94517,13926,779295,3122
2022-11-07,3456868,1478731,190295,168401,26193,901997,7365
2022-11-08,3431700,1356894,201028,183142,25939,888462,6463
2022-11-09,3772030,1517250,199030,180581,28589,921392,7722
2022-11-10,3802230,1516812,203722,180584,28385,976695,7749
2022-11-11,2994708,1077574,172756,154511,20634,870209,4558
2022-11-12,2431419,893837,94911,106101,15153,889070,2262
2022-11-13,1794024,662034,76869,76460,15544,859975,1658
2022-11-14,3401075,1441705,181582,165573,25728,889804,7135
2022-11-15,3713627,1483782,196179,182790,28155,903257,7776
2022-11-16,3751773,1484607,194893,179233,28574,912685,7589
2022-11-17,3797815,1493119,193797,178147,28778,962670,7633
2022-11-18,3539202,1412974,183576,161777,27236,981421,6546
2022-11-19,2323449,864766,97654,101076,16076,929687,1630
2022-11-20,1721187,645986,74524,74870,15556,830876,1079
2022-11-21,3363626,1393031,185570,166517,25766,896487,7017
2022-11-22,3548882,1447618,200264,183771,27957,982740,7462
2022-11-23,3263998,1358016,210438,184135,25032,983719,6862
2022-11-24,1382266,515903,90771,90057,18369,859064,2006
2022-11-25,2058658,842892,163354,148368,12834,766290,3361
2022-11-26,1999608,781665,105304,106685,12576,852829,2286
2022-11-27,1476228,562073,79973,76680,13063,814703,1408
2022-11-28,3265971,1397963,186710,163694,24969,904337,7120
2022-11-29,3596894,1455294,192494,181370,27009,891057,7510
2022-11-30,3568413,1356729,189152,177367,26469,857882,7204
2022-12-01,3770495,1459934,181825,166856,27018,931376,7538
2022-12-02,3600504,1395642,172860,152746,27007,933219,6576
2022-12-03,2291687,760109,87730,89976,15540,815868,1467
2022-12-04,1990479,681713,81381,80173,15763,804122,1266
2022-12-05,3481640,1429308,183238,164873,26409,873767,7013
2022-12-06,3753299,1414979,195892,178862,27305,878388,7447
2022-12-07,3835333,1442871,194436,178345,27941,899007,7526
2022-12-08,3931499,1480877,192958,182314,28292,948091,7541
2022-12-09,3710928,1386473,185104,165147,26213,964167,6379
2022-12-10,2663493,869320,112142,119858,16232,900034,1873
2022-12-11,1865579,618870,77607,74273,14949,777867,1103
2022-12-12,3466978,1384864,182973,163516,25771,876300,6838
2022-12-13,3763568,1437228,197613,183214,28234,908198,7570
2022-12-14,3777173,1435020,196921,183484,29081,940858,7400
2022-12-15,3726154,1363160,191261,173709,27034,931870,7001
2022-12-16,3270016,1221634,170615,151244,24074,917332,5823
2022-12-17,2577771,884283,114272,123286,16788,933667,2071
2022-12-18,1967199,668994,87146,87425,16036,842911,1487
2022-12-19,3381411,1352455,178278,159383,25529,886717,6591
2022-12-20,3586084,1398728,191991,173346,27148,923333,7046
2022-12-21,3563236,1393290,191684,168379,28480,953676,6993
2022-12-22,3187083,1269330,177675,147366,25244,936662,5728
2022-12-23,2738016,1057686,163716,138857,20359,812831,4523
2022-12-24,1411469,497129,61701,60373,12759,746316,1304
2022-12-25,1008452,321245,51896,47454,13709,730783,1005
2022-12-26,1812842,644828,87401,89137,9327,764686,2214
2022-12-27,2729514,1027687,178880,156503,21363,881989,5228
2022-12-28,2947028,1088279,182226,163499,23571,891790,5407
2022-12-29,3039432,1099513,189075,167129,23200,916565,5597
2022-12-30,3063480,1087122,193989,176215,22951,926881,5338
2022-12-31,1927101,651474,81590,81198,14090,686434,1847
2023-01-01,1675507,475226,67722,66309,11476,737533,1771
2023-01-02,1938154,739507,76247,72403,10136,692984,2671
2023-01-03,3175777,1268913,179109,167136,24868,815532,6853
2023-01-04,3413052,1391449,182834,170847,26848,839120,7282
2023-01-05,3428520,1378698,175278,166642,26808,859218,7042
2023-01-06,3229858,1319595,161259,142524,25824,873654,6050
2023-01-07,2116138,806981,87215,85244,14828,808570,2297
2023-01-08,1610764,628612,68647,64893,15157,739656,1529
2023-01-09,3145743,1353638,173594,157335,24923,829372,6629
2023-01-10,3469177,1412543,196817,179530,27309,859974,7414
2023-01-11,3508962,1421914,188904,174349,27991,864282,7166
2023-01-12,3472709,1364715,188850,168701,27119,881579,7150
2023-01-13,3270020,1345748,167475,147885,26085,922864,6042
2023-01-14,2072387,785952,84718,83565,15407,817979,2059
2023-01-15,1705804,621041,72479,70493,15198,757778,1510
2023-01-16,2172218,884152,82416,75892,14617,812347,3140
2023-01-17,3451604,1399573,193345,183674,27214,870650,7492
2023-01-18,3603344,1449590,198264,182209,29223,877542,7488
2023-01-19,3492226,1327804,179752,170122,26737,862336,6925
2023-01-20,3375887,1383181,173943,150003,26548,915022,6192
2023-01-21,2137169,823236,88435,84763,15580,826850,2058
2023-01-22,1593386,611151,64883,61728,14721,744230,1479
2023-01-23,3135214,1281037,172927,155439,25087,809261,6210
2023-01-24,3566756,1410676,196319,182127,27701,863886,7335
2023-01-25,3511071,1342717,188247,171748,26738,815210,6937
2023-01-26,3629029,1408545,190219,173696,27061,890830,7093
2023-01-27,3335372,1341589,178881,149763,26826,920095,6051
2023-01-28,2248107,861680,98609,89845,15577,841863,2333
2023-01-29,1637398,647923,73109,65422,15371,764625,1694
2023-01-30,3223530,1371537,180476,159176,25676,850406,6624
2023-01-31,3654404,1365926,198755,183484,27308,852930,7593
2023-02-01,3682758,1460146,184043,169846,28492,868518,7588
2023-02-02,3699932,1478477,187799,169864,27917,894790,7457
2023-02-03,3189550,1246821,158579,135908,26238,887417,5819
2023-02-04,1742435,598818,69433,64032,13439,737000,1555
2023-02-05,1625375,650623,69379,62639,15413,758529,1522
2023-02-06,3372445,1431232,181320,157813,26639,849008,7068
2023-02-07,3738539,1491417,201438,183389,28688,867827,7736
2023-02-08,3780682,1513135,197370,180852,29653,884755,7647
2023-02-09,3754859,1462622,193326,172507,28515,909007,7403
2023-02-10,3539529,1422781,179637,154760,28094,947991,6477
2023-02-11,2333625,865782,94434,88281,16638,865505,1615
2023-02-12,1746099,659496,67457,63383,16305,749533,1227
2023-02-13,3303337,1381524,180002,159741,25900,854394,6188
2023-02-14,3812943,1480867,200327,179811,29001,897813,7557
2023-02-15,3762817,1499155,197344,181992,29119,904926,7491
2023-02-16,3683782,1461093,189802,172189,28364,915758,7318
2023-02-17,3253165,1315466,172113,150151,26759,936689,5892
2023-02-18,2271106,822505,91478,93213,15612,860646,1266
2023-02-19,1824136,639980,75448,75064,16165,784650,959
2023-02-20,2238557,929439,90371,79984,14818,809578,1547
2023-02-21,3325542,1273578,194967,174283,27224,864047,6525
2023-02-22,3454362,1305744,193753,171187,27895,869960,6538
2023-02-23,3498367,1328927,188438,167193,27336,906322,6695
2023-02-24,3246699,1246797,179793,153058,26077,928057,5551
2023-02-25,2043635,800947,86403,81742,15461,831613,1396
2023-02-26,1625191,676041,74226,67702,15891,807475,1095
2023-02-27,3337916,1423292,180277,160346,26730,854625,6752
2023-02-28,3412079,1349173,177532,139326,26116,751643,6690
2023-03-01,3780713,1511792,192142,176661,29449,901530,7403
2023-03-02,3765925,1493623,195243,176678,28978,934427,7434
2023-03-03,3481830,1417670,172623,150603,27298,933992,6167
2023-03-04,2173217,870341,96720,84352,16263,844751,1449
2023-03-05,1772121,712408,81079,72918,16956,831376,1215
2023-03-06,3427019,1460599,185896,163314,27550,875696,6849
2023-03-07,3773780,1490272,205559,186615,28417,887227,7607
2023-03-08,3842861,1514182,203258,186940,30476,918426,7452
2023-03-09,3827656,1515155,201711,186197,29847,944406,7211
2023-03-10,3502339,1408909,182873,160550,28209,964271,6135
2023-03-11,2230530,821990,78979,88667,15493,842108,1796
2023-03-12,1773585,686039,75970,70403,16644,832873,1547
2023-03-13,3352388,1377045,179787,157310,26027,852961,6358
2023-03-14,3577250,1360497,189402,159031,26262,775384,6866
2023-03-15,3912366,1493605,205092,187128,29687,916918,7473
2023-03-16,3949788,1522248,209838,187573,30151,976134,7562
2023-03-17,3661519,1408472,199191,171443,28094,965113,6790
2023-03-18,2417873,921569,102021,101788,16828,924274,1839
2023-03-19,1894476,661736,82032,72936,16471,880371,1247
2023-03-20,3442589,1444823,191367,167256,26951,896248,6895
2023-03-21,3801084,1511670,213026,189925,29466,918684,7850
2023-03-22,3797399,1509096,202826,184321,29999,920292,7589
2023-03-23,3774396,1466839,200870,177877,29189,934634,7208
2023-03-24,3534300,1420346,188352,159574,27883,959147,6133
2023-03-25,2153554,784068,89101,82702,15556,830547,1765
2023-03-26,1939984,724870,83054,81819,16878,871824,1648
2023-03-27,3397258,1426226,192461,166543,26394,885237,6675
2023-03-28,3765920,1490842,207837,189294,28923,894984,7541
2023-03-29,3872948,1521968,208736,187520,29771,922903,7825
2023-03-30,3860289,1486845,200601,187344,29363,957635,7512
2023-03-31,3573735,1423686,184342,158879,28599,977962,6426
2023-04-01,2283533,842213,82140,88096,16428,856286,1520
2023-04-02,1949665,716880,76059,79027,17660,855422,1319
2023-04-03,3597785,1475017,182947,162370,27387,899177,7076
2023-04-04,3906882,1519740,200063,188769,29698,913561,7633
2023-04-05,3799965,1432322,205060,185283,29462,938533,7163
2023-04-06,3421271,1264311,193340,169192,27061,914933,6122
2023-04-07,3130675,1150222,187800,159262,23831,900772,4925
2023-04-08,2393347,882727,108740,99273,16256,872566,2393
2023-04-09,1855826,654259,98030,85620,19026,904505,1916
2023-04-10,3142740,1236634,191412,170713,24135,922582,6121
2023-04-11,3537843,1316710,210828,193831,27777,895251,7081
2023-04-12,3576687,1311418,207802,191574,28326,890891,6863
2023-04-13,3628304,1311906,200072,183658,28451,939226,6668
2023-04-14,3471420,1294357,190858,173790,27514,989052,5869
2023-04-15,2365464,890050,99793,103902,16804,916008,1743
2023-04-16,1864753,728462,80318,85026,16835,881923,1309
2023-04-17,3418834,1438043,188445,167759,27611,897271,6926
2023-04-18,3862133,1526133,207882,194548,29658,929653,7879
2023-04-19,3927706,1530452,206116,195085,30829,952981,7889
2023-04-20,4002433,1520258,208664,189699,30106,1014633,7577
2023-04-21,3492257,1310737,195442,174727,27777,994549,6005
2023-04-22,2506140,893014,106134,106032,16865,931077,1715
2023-04-23,1923243,673668,87793,79003,15947,880726,1326
2023-04-24,3561262,1466762,196593,173997,27254,911973,7020
2023-04-25,3956922,1529162,216767,192115,29504,927611,7806
2023-04-26,3994837,1531476,216097,191885,30191,947254,7758
2023-04-27,3999831,1506783,216674,184365,29969,981809,7564
2023-04-28,3703088,1424078,195436,160861,28306,996548,6441
2023-04-29,2179978,715608,85167,77009,15688,832504,1871
2023-04-30,1744098,578075,75065,65334,15451,786171,1355
2023-05-01,3664755,1465598,188566,167178,27445,922971,6960
2023-05-02,3961858,1498566,211550,197217,29472,916459,7749
2023-05-03,4030601,1533714,209450,195363,30850,940822,7862
2023-05-04,3985001,1497427,206323,189538,30449,966836,7417
2023-05-05,3759375,1450598,200675,170610,28952,1011491,6514
2023-05-06,2563102,934630,111525,103318,18349,976630,2584
2023-05-07,2033790,705419,92076,83007,17822,902067,2705
2023-05-08,3563340,1460932,198056,180789,27771,935045,7196
2023-05-09,3925555,1524892,221290,205069,29923,955033,7827
2023-05-10,4014009,1528140,221747,203414,31360,981586,7998
2023-05-11,4015942,1535264,210683,201006,30899,1016578,7619
2023-05-12,3723192,1436385,201367,185027,29397,1043802,6629
2023-05-13,2487178,918257,113810,109940,18340,1008311,1973
2023-05-14,1926966,690606,102178,101088,20222,981015,1654
2023-05-15,3553443,1440741,201209,184909,25892,947897,6956
2023-05-16,4002015,1519397,227489,207484,29747,965091,7930
2023-05-17,4104786,1518546,223059,206630,30423,985531,7118
2023-05-18,4082154,1492657,218955,198433,29842,1008886,7530
2023-05-19,3789929,1431269,208310,181114,28381,1024064,6362
2023-05-20,2314672,760830,102957,95625,16570,888784,1970
2023-05-21,2132724,727850,103484,91335,17545,959948,1919
2023-05-22,3571748,1446015,203122,186008,27038,942741,6935
2023-05-23,3929003,1500973,219619,214621,29538,953703,7928
2023-05-24,3960264,1499943,219886,208487,30495,983724,7667
2023-05-25,3859385,1459601,215946,201855,29311,1007341,7183
2023-05-26,3496511,1370252,207347,187188,27037,994185,5747
2023-05-27,2375741,848442,116439,120011,16731,925766,2913
2023-05-28,2029088,707787,102985,102009,17527,906089,2426
2023-05-29,1952779,758893,99456,86149,12121,836613,2520
2023-05-30,3714864,1438285,227623,205661,27645,959824,7398
2023-05-31,3911382,1480801,229227,211998,30078,971602,7691
2023-06-01,3894167,1457503,210483,191410,30088,1006107,7152
2023-06-02,3626490,1399462,202543,170399,29570,1011244,6470
2023-06-03,2411704,899212,115723,102668,18118,958346,1837
2023-06-04,1988330,714218,103120,88859,18429,931347,1573
2023-06-05,3544106,1432156,200806,183510,27920,938818,6892
2023-06-06,3929131,1474317,218376,213292,29999,945555,7795
2023-06-07,3743889,1390834,212982,202951,31147,941798,7334
2023-06-08,3268529,1216291,189487,176985,27689,932162,5503
2023-06-09,3425232,1256670,214001,185677,25845,1005974,5482
2023-06-10,2608756,892936,139304,117616,17996,991238,1978
2023-06-11,2075651,695200,106971,98115,17958,976811,1582
2023-06-12,3479404,1394575,202015,185343,27520,939370,6744
2023-06-13,3968160,1500122,233588,212364,30441,971010,7850
2023-06-14,3893073,1434687,235667,207746,30661,971437,7234
2023-06-15,3928393,1475300,228608,206188,31298,1028832,7390
2023-06-16,3395938,1300751,214883,177916,28693,1025514,5960
2023-06-17,2399521,872453,138654,111460,17967,1000053,2632
2023-06-18,1977582,707615,119996,95597,19384,971860,2029
2023-06-19,2636887,1075747,196645,168591,17494,964071,4094
2023-06-20,3782810,1434258,235806,224371,29482,979074,7540
2023-06-21,3902298,1430476,242162,221141,31019,999201,7551
2023-06-22,3782472,1367709,233588,208969,29220,1013372,6956
2023-06-23,3470575,1282954,222283,188373,28619,1022942,6167
2023-06-24,2467994,844674,128075,109217,16937,951605,2551
2023-06-25,2222704,689020,123527,113238,17103,948428,2248
2023-06-26,3341322,1314743,218393,185070,26823,962862,6516
2023-06-27,3744227,1391914,231738,209234,29246,969784,7633
2023-06-28,3634270,1305832,233457,207293,29092,988315,6762
2023-06-29,3653631,1307649,233625,200724,28876,1036568,6946
2023-06-30,3259767,1248822,219673,178064,28028,1043286,5817
2023-07-01,2239529,859295,120270,99597,17093,956890,2745
2023-07-02,1783757,668297,92780,74415,16717,832828,1988
2023-07-03,2662052,1117930,149641,128417,23795,860662,4718
2023-07-04,1791179,631937,96458,84010,13059,715453,2305
2023-07-05,3318379,1296583,211448,189434,28774,963342,6472
2023-07-06,3494806,1333630,209335,186822,29894,959636,6608
2023-07-07,3292266,1273900,197892,171597,28609,977009,5868
2023-07-08,2308794,867047,120931,107854,17879,949008,2695
2023-07-09,1776607,651953,95243,83783,16695,869686,1914
2023-07-10,3208730,1307297,196506,171497,27354,925569,6175
2023-07-11,3613670,1381701,221923,200151,30085,952112,7149
2023-07-12,3696737,1383484,218097,199169,31015,977898,6901
2023-07-13,3648007,1359302,218715,190952,29980,990761,6888
2023-07-14,3209393,1231624,198119,163840,28489,986748,5588
2023-07-15,2326054,889709,124007,107124,18043,983132,2409
2023-07-16,1599858,583645,89763,72406,16496,817659,1559
2023-07-17,3282092,1310810,205378,182216,27637,964710,6345
2023-07-18,3584819,1313665,225299,204203,29105,944208,6766
2023-07-19,3679343,1342781,224202,203857,30527,969944,6938
2023-07-20,3711017,1333607,224327,197400,29745,1004167,6858
2023-07-21,3227154,1211839,201177,176892,27485,1000836,5389
2023-07-22,2459990,894490,133328,93215,18283,1005606,2117
2023-07-23,1984503,723774,116485,94729,18021,988636,1511
2023-07-24,3255379,1302964,206025,180716,27222,948855,6175
2023-07-25,3630414,1307716,226651,211053,29285,939926,7050
2023-07-26,3758378,1382345,226363,210315,30501,977673,7298
2023-07-27,3580012,1313385,219460,187729,28692,973315,6788
2023-07-28,3266199,1246295,205845,170128,27522,1023958,5631
2023-07-29,2251524,856921,120457,100508,16747,957063,2314
2023-07-30,1952433,705279,116784,91861,17450,989071,2077
2023-07-31,3204920,1283835,205976,185348,26682,969712,6161
2023-08-01,3598379,1357252,221518,199547,29354,954649,7060
2023-08-02,3640307,1359233,219641,201003,30380,964978,6913
2023-08-03,3609076,1350472,220565,197044,30483,994978,6753
2023-08-04,3228510,1241122,193528,171533,28128,987994,5593
2023-08-05,2364364,879423,122596,114660,18835,969702,2838
2023-08-06,1910841,715130,107399,96010,18805,956499,2171
2023-08-07,3041001,1208443,191530,163799,27174,901342,5884
2023-08-08,3510047,1339073,218555,193867,29435,933802,7035
2023-08-09,3613062,1369095,224241,192028,30849,960119,6858
2023-08-10,3429304,1262073,208782,178768,29758,956875,6333
2023-08-11,3311714,1275618,206947,171116,29109,1018825,6119
2023-08-12,2366787,844749,131586,109269,18390,970527,2835
2023-08-13,1953558,690541,112932,93730,18071,965362,2196
2023-08-14,3092801,1246445,201352,168873,27185,939920,6051
2023-08-15,3385996,1273782,212116,187441,29122,924053,6680
2023-08-16,3447648,1300953,217398,190267,30763,956351,6652
2023-08-17,3385056,1275993,212321,180631,30045,975018,6360
2023-08-18,3182516,1208502,208639,174410,27468,999976,5361
2023-08-19,2358962,856814,144076,124069,19246,983353,2665
2023-08-20,1870625,689829,101351,94332,18004,958807,2065
2023-08-21,2971166,1199440,198534,170102,26325,929844,5857
2023-08-22,3352769,1263459,213724,194321,28913,928605,6463
2023-08-23,3412842,1272485,215258,192053,30187,954470,6566
2023-08-24,3297927,1201155,204439,176827,28689,958830,6191
2023-08-25,3034255,1143010,191119,153854,26511,953126,4891
2023-08-26,2281885,844428,122930,100194,18024,954892,2700
2023-08-27,1909806,702984,106913,85878,18022,943519,2088
2023-08-28,3121505,1240688,215843,170897,26613,932328,6179
2023-08-29,3401088,1284953,235092,189077,28250,930248,6677
2023-08-30,3462970,1267435,230912,180304,29450,959898,6639
2023-08-31,3450532,1315113,229477,176676,29312,1017088,6537
2023-09-01,3196284,1225370,202450,152974,28920,1025352,5372
2023-09-02,2307416,842591,132551,107230,18536,939962,2633
2023-09-03,2013506,692079,119566,90729,19598,939811,2185
2023-09-04,1879819,686326,114475,87538,12292,856049,2188
2023-09-05,3483755,1349438,239334,218899,29869,969997,6739
2023-09-06,3712071,1395521,238477,211126,32290,963978,6909
2023-09-07,3867746,1441437,226937,206910,31704,981360,7044
2023-09-08,3609701,1365283,225125,183785,30083,1015782,6257
2023-09-09,2425515,840378,125177,102373,17897,953082,2575
2023-09-10,1822230,626222,96835,81850,17916,870988,1623
2023-09-11,3596538,1400268,213280,191592,29057,911493,7182
2023-09-12,4014480,1519571,241196,221092,31779,955533,8031
2023-09-13,3938516,1482320,229765,210001,31900,936338,7787
2023-09-14,4045169,1517040,232039,206374,32717,989072,7847
2023-09-15,3694845,1398937,225904,192398,30957,1022344,6429
2023-09-16,2446139,881354,117997,115065,18923,972924,2864
2023-09-17,1988003,666392,107302,96229,18330,902993,2197
2023-09-18,3539047,1294777,215151,192103,28341,876621,7010
2023-09-19,4140301,1480863,241135,224426,31109,934708,8652
2023-09-20,4179861,1478618,242203,219540,32181,958671,8671
2023-09-21,4139288,1478606,232409,211375,31455,978561,8554
2023-09-22,3840412,1403811,223821,194197,30086,1020253,7175
2023-09-23,2116140,682092,96073,86985,15680,803480,2012
2023-09-24,1701656,562224,83669,75103,15255,742634,1863
2023-09-25,2885921,1035021,194611,175651,24609,812779,5320
2023-09-26,3946624,1393963,235620,214987,30558,909652,7655
2023-09-27,4074930,1463309,232823,212978,32758,943929,7877
2023-09-28,4051444,1433729,227819,201304,31804,965165,7587
2023-09-29,2467295,1053306,188008,128570,29054,826445,5183
2023-09-30,2205573,789587,104842,100703,16536,864863,1936
2023-10-01,1995361,669243,94222,92724,18586,898064,1984
2023-10-02,3649389,1390842,208901,183892,28672,931216,7289
2023-10-03,4008201,1471939,235305,214111,32295,937269,7953
2023-10-04,4026878,1467384,231999,209399,33186,949285,7928
2023-10-05,4030304,1457151,233470,207356,32414,973371,7814
2023-10-06,3639729,1325428,225040,193065,30643,1000568,6284
2023-10-07,2199478,720734,105975,95026,16919,842763,2010
2023-10-08,2044534,654443,98315,105952,18471,896319,2722
2023-10-09,2833654,1023375,206491,189567,21655,905490,4576
2023-10-10,3954925,1423532,239967,220445,31970,935467,8356
2023-10-11,4056504,1451764,236033,214437,33382,950384,8630
2023-10-12,4104598,1436967,248974,215284,32865,988904,8255
2023-10-13,3560964,1322576,226873,193658,31134,1002148,6429
2023-10-14,2219786,717223,110177,96158,17155,873287,2298
2023-10-15,2013096,689581,102493,100633,18455,911179,2148
2023-10-16,3661144,1381665,228147,203627,29453,925864,7735
2023-10-17,4021342,1439468,243917,222110,31921,944335,8354
2023-10-18,4074460,1440292,236072,213952,33615,948559,8356
2023-10-19,4121563,1440111,234999,212946,32909,986310,8148
2023-10-20,3616336,1232782,222385,192383,29766,961759,6272
2023-10-21,2438387,793917,113139,101963,17530,907106,2464
2023-10-22,1983271,678536,98471,93659,18954,928307,2021
2023-10-23,3667240,1375311,221569,199199,29261,925334,7615
2023-10-24,4040571,1431006,241544,218201,31757,932897,8176
2023-10-25,4120011,1443766,237292,217420,32821,947018,8368
2023-10-26,4142420,1431016,242021,215171,32549,985290,8147
2023-10-27,3853546,1348576,229895,203068,31164,1027312,6705
2023-10-28,2743759,874941,124172,139276,20126,1019478,2995
2023-10-29,1834459,589929,86843,80705,18145,871500,1766
2023-10-30,3623778,1314380,225140,197550,29075,893690,7287
2023-10-31,4016482,1334020,224816,203951,30712,873724,7789
2023-11-01,4043524,1369637,226067,208249,32374,927384,8010
2023-11-02,4082807,1380510,231370,206350,32242,953269,7997
2023-11-03,3808235,1307247,218703,193580,31816,980512,6755
2023-11-04,2588115,832986,122433,123922,19920,945189,2582
2023-11-05,2310457,614666,109258,109891,16889,791269,3407
2023-11-06,3686141,1349481,225898,198934,30167,923453,7474
2023-11-07,3655078,1270763,238656,215344,30843,891546,6785
2023-11-08,4066029,1401268,238727,213738,33515,937630,8306
2023-11-09,4020939,1376822,235844,210130,32982,980310,7929
2023-11-10,3611367,1250528,224512,200669,25506,974996,5596
2023-11-11,2588540,817146,122170,118398,18654,939492,2712
2023-11-12,1947270,642431,99171,91623,19187,891716,1958
2023-11-13,3597029,1320693,225204,194691,30479,907109,7353
2023-11-14,3991767,1382768,235487,214218,33027,921728,8271
2023-11-15,4036442,1389217,235718,214486,34166,941983,8322
2023-11-16,4048862,1391273,235070,207671,34102,978274,8010
2023-11-17,3741391,1303240,227909,201231,31496,999520,6792
2023-11-18,2477547,831053,124053,120273,19452,946515,2630
2023-11-19,1943926,657965,100792,100924,19835,867625,2058
2023-11-20,3647283,1300978,228502,203599,30889,925548,7426
2023-11-21,3774952,1254277,236079,213162,32139,977248,7467
2023-11-22,3378351,1160847,254968,220030,28409,985528,6524
2023-11-23,1628385,471662,116969,107690,21741,898291,2257
2023-11-24,2457591,807221,215833,197178,15381,818916,3718
2023-11-25,2123590,696466,124716,117682,14245,866561,2454
2023-11-26,1686490,566395,101486,95729,16900,864505,1834
2023-11-27,3523494,1253990,228127,200017,29418,921303,7294
2023-11-28,3916476,1279327,234794,216450,31716,914381,7835
2023-11-29,4032882,1268990,234738,212929,32809,915384,7851
2023-11-30,4072271,1340370,236142,210592,32650,945909,7737
2023-12-01,3723171,1226677,185151,164628,31284,947287,6432
2023-12-02,2748170,826725,126374,125483,19675,903346,2618
2023-12-03,1827959,553618,87340,76999,18450,778118,1633
2023-12-04,3709458,1312507,223257,201080,30841,900224,7559
2023-12-05,3991835,1346216,243329,224065,33235,914419,7964
2023-12-06,4116059,1350594,230920,211076,33502,936802,7951
2023-12-07,4088438,1314833,231114,204586,32511,960536,7424
2023-12-08,3863961,1261796,225208,198539,31875,972091,6435
2023-12-09,2922085,828894,156237,147745,20580,944411,3181
2023-12-10,1838048,539117,90884,82225,17542,779314,1648
2023-12-11,3642743,1213923,219022,191110,29271,894318,6949
2023-12-12,4051574,1309303,236348,219393,33458,935591,7655
2023-12-13,4067457,1314167,238451,215546,34323,959767,7859
2023-12-14,4122091,1296909,236516,213415,33406,988876,7414
2023-12-15,3845234,1246465,235800,208572,32517,1011336,6540
2023-12-16,2866544,814457,149340,149013,20483,972314,3085
2023-12-17,1954707,569005,96415,88502,18445,809015,1787
2023-12-18,3314782,1082334,201289,174850,28309,809201,5381
2023-12-19,3912934,1275002,244031,213625,32542,946648,7555
2023-12-20,3838407,1245547,236060,206420,33205,964384,7363
2023-12-21,3675448,1200899,229252,199411,31713,976632,6860
2023-12-22,3372318,1110555,231036,206169,29324,979372,5878
2023-12-23,2244175,708808,139904,130053,17627,876791,2700
2023-12-24,1657096,549448,92540,77874,20241,793031,1912
2023-12-25,1273729,381879,80587,65350,14750,748318,1668
2023-12-26,2668642,906670,219149,192910,20706,867072,5158
2023-12-27,2912007,955890,220010,186541,25945,881140,5373
2023-12-28,3064841,969231,218546,193235,26462,887521,5395
2023-12-29,3198885,1007697,237781,210361,26892,909062,5784
2023-12-30,2440211,720564,121688,121647,16983,833538,2780
2023-12-31,1934651,548344,99817,89554,20005,671873,2029
2024-01-01,1648734,455965,82811,73957,9165,730489,2018
2024-01-02,3290639,1091104,209680,184978,25961,829660,7107
2024-01-03,3555082,1212761,217373,194441,31304,856822,7565
2024-01-04,3560703,1242971,212217,190588,31233,867791,7450
2024-01-05,3263064,1185046,199441,173362,30480,886766,5963
2024-01-06,1942458,684686,92741,82890,15850,721283,2070
2024-01-07,1472438,502518,72971,57280,13723,566397,1533
2024-01-08,3303727,1226783,208960,184150,28890,844853,7001
2024-01-09,3353192,1135694,213699,188888,30430,780334,6944
2024-01-10,3557166,1248493,217461,191221,31338,844710,7216
2024-01-11,3688916,1293940,229117,199799,32790,921166,7337
2024-01-12,3365791,1228696,207670,182896,31096,930218,6286
2024-01-13,2167383,755670,101558,97439,17168,819900,2210
2024-01-14,1743556,588809,85521,78197,18588,750002,1745
2024-01-15,2169917,783032,91887,80498,16502,816628,3017
2024-01-16,3235935,1078860,205716,178389,29826,712714,5414
2024-01-17,3616923,1193111,217173,199986,32054,863242,6891
2024-01-18,3655850,1235693,217911,197257,32318,896766,7014
2024-01-19,3176408,1109408,191999,171490,27175,793429,5330
2024-01-20,2024041,677335,96128,82817,15487,758923,1926
2024-01-21,1576126,548497,78041,66955,17147,718777,1482
2024-01-22,3305387,1210644,209302,185181,30092,841078,6558
2024-01-23,3652488,1264199,233311,205300,33111,864670,7194
2024-01-24,3666907,1247798,223928,201969,33082,867077,7027
2024-01-25,3681867,1256481,223766,199560,32517,890573,6845
2024-01-26,3380816,1193175,213749,184511,31329,913609,5681
2024-01-27,2283244,801262,117555,102600,19099,853000,2409
2024-01-28,1549077,535857,75177,66794,17473,712530,1455
2024-01-29,3297571,1211703,214890,187702,29367,838882,6755
2024-01-30,3717520,1284597,230931,207896,32782,868230,7744
2024-01-31,3808584,1325692,228148,204353,33417,882805,7651
2024-02-01,3814682,1337508,214275,189621,33540,911954,7465
2024-02-02,3457807,1239617,200395,174044,32175,917639,6207
2024-02-03,2324038,808103,113576,102310,20070,845878,2357
2024-02-04,1742107,626299,86327,77083,20480,790429,1746
2024-02-05,3481777,1297578,218879,190181,31372,855224,7053
2024-02-06,3857533,1346868,233524,208252,33618,880296,7709
2024-02-07,3900992,1341486,229426,202871,34799,896482,7655
2024-02-08,3903673,1350925,232069,198010,34386,937494,7442
2024-02-09,3547321,1268268,218909,185475,32233,953705,6121
2024-02-10,2385448,795892,118074,99942,20462,876746,2596
2024-02-11,1774698,628400,83832,73614,20610,759996,1769
2024-02-12,3374596,1254403,212628,185118,30323,888941,6132
2024-02-13,2273584,724893,166803,134355,23271,480178,3641
2024-02-14,3963628,1282121,230505,201686,32796,909016,7645
2024-02-15,3874860,1305830,228885,202704,33402,948001,7500
2024-02-16,3504536,1225865,210552,186547,32442,962249,6269
2024-02-17,2178047,680638,95271,92423,17545,769698,2038
2024-02-18,1850840,604537,89877,81659,18975,794483,1720
2024-02-19,2244741,842548,96569,85973,17585,814165,3007
2024-02-20,3490990,1201850,233827,207099,32208,895208,7023
2024-02-21,3591484,1222440,230058,201074,33590,892324,7112
2024-02-22,3588173,1212903,225465,195315,32702,924554,6674
2024-02-23,3219121,1126271,208527,182348,30262,916874,5479
2024-02-24,2308808,788962,114816,98942,19456,866204,2407
2024-02-25,1740477,608010,88104,78248,19822,822624,1800
2024-02-26,3439079,1275320,217914,187542,30867,873604,6969
2024-02-27,3802458,1332209,233207,208042,33571,893537,7659
2024-02-28,3784177,1290829,228110,199671,33664,889784,7428
2024-02-29,3905888,1334777,232010,204828,33637,957616,7295
2024-03-01,3573658,1276428,181633,157348,33416,968878,6220
2024-03-02,2094029,689029,98266,85586,19380,823629,2084
2024-03-03,1961510,686787,93906,85095,21351,857039,1981
2024-03-04,3539671,1319592,219565,188845,32231,887009,7229
2024-03-05,3819514,1263377,236999,204515,34277,868487,7344
2024-03-06,3865589,1273337,225080,198040,35207,890058,7555
2024-03-07,3893731,1334827,226926,197659,34235,941815,7414
2024-03-08,3685219,1291469,226372,192899,34613,987695,6588
2024-03-09,2128635,747405,113368,97183,19661,857351,2174
2024-03-10,1803578,630566,90567,77768,20080,818114,1750
2024-03-11,3497588,1270081,218755,188108,31600,869087,6854
2024-03-12,3988438,1370319,239002,213584,34978,911441,7820
2024-03-13,4024943,1377062,237603,212582,36469,937527,8100
2024-03-14,4049186,1368263,240124,211962,36111,970105,7658
2024-03-15,3643013,1275542,227481,199285,33266,986807,6558
2024-03-16,2553056,838318,138156,129667,20796,924262,3108
2024-03-17,1972170,625861,103993,86964,20237,862748,2078
2024-03-18,3482565,1296423,221451,190770,31905,895292,7072
2024-03-19,3869116,1336910,242771,210028,34899,909501,7795
2024-03-20,3886104,1334002,234446,206030,35998,927404,7700
2024-03-21,3862248,1317112,228782,200037,35097,947309,7292
2024-03-22,3581959,1251225,225175,187489,33549,975518,6299
2024-03-23,1863863,587004,95770,77331,17633,733638,1766
2024-03-24,1912946,653413,95973,80451,22334,861573,1890
2024-03-25,3583716,1281676,224068,192720,31947,902281,7032
2024-03-26,3969793,1355991,239790,211566,34874,914666,7754
2024-03-27,4014011,1342695,241268,207744,35627,943920,7628
2024-03-28,3910547,1223847,239840,200583,34416,954143,6780
2024-03-29,3372535,1096254,241583,198343,30293,966343,5092
2024-03-30,2526569,801723,135355,111061,19891,906427,2748
2024-03-31,1936295,606411,121273,98458,23316,933446,2096
2024-04-01,3321989,1168598,208291,180107,30083,917643,6053
2024-04-02,3900061,1247638,234615,206753,34415,889922,7289
2024-04-03,3890305,1162660,222764,195001,34971,851814,6815
2024-04-04,4100733,1339531,232730,201745,34712,957042,7180
2024-04-05,3800800,1263607,225107,202580,34503,981699,6309
2024-04-06,2477127,822825,128106,117095,21444,928096,2555
2024-04-07,1899641,651153,101624,94103,21759,875089,2033
2024-04-08,3506719,1258402,220359,194106,31777,879783,6873
2024-04-09,4042674,1366571,251964,228390,36151,965630,7937
2024-04-10,3791945,1245909,235585,216591,35534,946464,7115
2024-04-11,4000485,1315916,241215,205013,35354,963140,7326
2024-04-12,3668439,1240823,225168,191755,33701,979494,6265
2024-04-13,2535112,824356,120351,110542,21606,930759,2609
2024-04-14,2068885,664358,103711,93633,21766,897470,2145
2024-04-15,3704177,1319005,233386,203835,32975,933433,7374
2024-04-16,4033514,1370151,243835,220030,35869,941739,8017
2024-04-17,4021256,1347870,243323,214829,35970,942089,7805
2024-04-18,3966226,1303010,230634,203859,34816,955479,7271
2024-04-19,3705782,1278086,223518,205809,33749,1000275,6252
2024-04-20,2537525,830016,125999,123804,21228,949195,2793
2024-04-21,1918237,651681,101817,98834,20807,873632,2017
2024-04-22,3219677,1146285,229680,206229,29919,902943,6171
2024-04-23,3522218,1176798,238274,221191,31727,869972,7063
2024-04-24,3608010,1180243,233010,215927,32658,880348,6847
2024-04-25,3723894,1191480,242243,217219,32999,962228,6820
2024-04-26,3431590,1143792,229885,198590,31859,955900,5647
2024-04-27,2506779,801494,123192,109447,20591,911900,2479
2024-04-28,2084950,649572,100214,91619,21057,881076,1965
2024-04-29,3323706,1161990,225362,201385,30504,866723,6385
2024-04-30,3638986,1193514,240862,218592,32717,872347,6886
2024-05-01,4032791,1350660,230682,205030,35701,954842,7757
2024-05-02,4061242,1349838,235003,210951,36244,980830,7475
2024-05-03,3780888,1285012,226880,204190,34860,1004571,6516
2024-05-04,2563658,849249,123516,122719,22523,951334,2769
2024-05-05,1889174,578132,99491,87988,20709,819681,2571
2024-05-06,3652105,1295794,229643,200506,33424,930298,6869
2024-05-07,4098321,1375535,250953,227303,36309,954763,7966
2024-05-08,4087477,1350511,244202,221059,36981,969162,7623
2024-05-09,4086528,1354139,247959,218370,35927,999321,7344
2024-05-10,3677268,1212090,228020,195091,34539,1001911,5894
2024-05-11,2648580,845713,134051,117308,22810,1004157,3078
2024-05-12,1858872,559614,114118,98717,24531,930720,1755
2024-05-13,3703066,1264180,244216,209794,31980,953646,7137
2024-05-14,4116655,1343633,260745,226656,35800,964136,7698
2024-05-15,4114615,1288427,248434,219840,36951,942648,7856
2024-05-16,4105026,1306481,243988,215601,35940,985179,7590
2024-05-17,3816914,1270674,241980,215838,34945,1023765,6569
2024-05-18,2691368,792454,131709,130279,21562,969098,2855
2024-05-19,2121485,657256,112130,106408,22305,939438,2228
2024-05-20,3682061,1291703,236846,216450,32417,956799,7160
2024-05-21,4029557,1349876,252506,234587,35819,962058,7775
2024-05-22,4104021,1357841,258544,233098,36940,975096,8086
2024-05-23,3863099,1275297,250848,215083,34785,1011195,7442
2024-05-24,3583244,1243655,250907,209130,33663,1034556,6663
2024-05-25,2347159,805680,135961,120036,20733,924855,3031
2024-05-26,2019012,652393,120709,101017,22762,905197,2710
2024-05-27,1667890,594031,99975,81042,12673,742353,2123
2024-05-28,3825781,1300611,257078,227311,34485,967869,7609
2024-05-29,4006764,1309889,254749,227379,36435,943930,8090
2024-05-30,3979959,1301028,253843,219887,35372,997110,7550
2024-05-31,3688627,1257526,245017,211027,35020,1020563,6644
2024-06-01,2446153,848601,128555,110948,22726,999068,2980
2024-06-02,1978037,651637,114504,92567,22640,940743,2339
2024-06-03,3611491,1294956,225413,197640,33679,946610,7168
2024-06-04,3979793,1327963,255090,233237,36865,957990,7800
2024-06-05,4051943,1338427,264512,230173,37800,985722,7942
2024-06-06,3774324,1207899,245631,219447,35234,978812,7059
2024-06-07,3752412,1254339,252098,214062,35464,1035803,6393
2024-06-08,2673220,842779,159020,135138,23371,998451,3150
2024-06-09,2134551,680981,132945,107497,22435,962131,2492
2024-06-10,3702212,1355986,240121,211542,32970,959576,7701
2024-06-11,3995425,1390440,259101,230796,36206,951147,8500
2024-06-12,3977760,1355294,256255,224305,36693,928453,8138
2024-06-13,3936941,1310210,254575,221855,35363,964740,7675
2024-06-14,3517062,1212740,247019,204586,34757,1011986,5973
2024-06-15,2431810,851502,142102,122409,23580,1022686,3104
2024-06-16,1897201,653946,130133,109303,24200,997278,2245
2024-06-17,3325104,1172762,242993,215241,31993,956532,6466
2024-06-18,3920839,1314338,260538,242116,36105,988738,7713
2024-06-19,3046320,1068172,232540,206582,26431,969020,4527
2024-06-20,3857797,1275626,255683,227113,36445,1020534,7217
2024-06-21,3500365,1191812,244215,211543,34695,1022507,6166
2024-06-22,2385207,793674,133102,119962,21970,977336,2743
2024-06-23,1908786,648887,118067,103892,21789,953693,2061
2024-06-24,3467845,1227231,246269,213904,33300,975173,6820
2024-06-25,3831447,1269567,271783,232410,36669,1002164,7685
2024-06-26,3901100,1267408,264126,226518,36344,1020784,7314
2024-06-27,3776811,1214263,255215,227648,35155,1032517,7170
2024-06-28,3522732,1141168,255739,211914,34111,1037403,6305
2024-06-29,2454997,780229,138769,119738,21904,977287,2948
2024-06-30,2002269,583751,126526,108244,20851,885430,2268
2024-07-01,3273546,1156904,216906,185943,32979,954908,6947
2024-07-02,3542073,1216755,234535,207844,35200,951968,7431
2024-07-03,3409357,1198766,237577,205176,36949,1003052,6758
2024-07-04,1992244,643119,117030,101274,17646,752680,2939
2024-07-05,2700734,1001854,207314,183222,28776,854313,4563
2024-07-06,2100877,758425,119417,110386,19730,857713,2688
2024-07-07,1804572,642652,120316,105041,22640,909616,2167
2024-07-08,3228784,1176713,226613,199454,33105,945690,6499
2024-07-09,3605032,1236657,249970,219843,35500,927603,7176
2024-07-10,3691835,1252733,249781,210993,37417,957143,7393
2024-07-11,3688029,1233678,246250,209174,35691,993245,6914
2024-07-12,3261074,1120310,231084,191828,34090,979245,5586
2024-07-13,2203283,743154,123988,107166,20949,912958,2700
2024-07-14,1869670,633752,119283,97038,22682,947148,2160
2024-07-15,3259800,1160722,233209,202008,32763,950682,6398
2024-07-16,3594150,1209152,249559,220620,35468,943841,6828
2024-07-17,3651756,1210515,248424,214137,36547,956017,6845
2024-07-18,3637826,1218605,241785,211370,36119,1005727,7085
2024-07-19,3372874,1207102,243438,206922,34718,1018050,6480
2024-07-20,2269647,803868,131910,125050,19961,980583,2688
2024-07-21,1877704,659004,126169,111438,21664,962715,2080
2024-07-22,3235343,1168226,231813,215087,32431,937858,6510
2024-07-23,3606656,1211237,247915,229841,35110,928295,7177
2024-07-24,3656472,1220410,249158,224862,36652,947798,7260
2024-07-25,3638351,1220056,255367,214281,35373,990676,6850
2024-07-26,3288849,1154709,247475,201321,34431,1012046,5946
2024-07-27,2306948,809660,138344,125101,22582,982745,2991
2024-07-28,1851383,645704,121226,99516,22027,943306,2214
2024-07-29,3202281,1147023,233537,200999,32067,928486,6240
2024-07-30,3590241,1228387,251398,220120,34911,937334,7217
2024-07-31,3576343,1213507,248316,213562,35765,958860,7018
2024-08-01,3544663,1208275,229131,194439,35878,1008364,6902
2024-08-02,3153955,1111340,215453,181008,34487,987721,5784
2024-08-03,2200373,741482,123922,109769,22133,938339,2852
2024-08-04,1752861,588249,108959,92383,22186,885224,2099
2024-08-05,3222601,1154644,234345,192078,33112,955722,6375
2024-08-06,3462581,1130325,234650,207212,35331,898384,6974
2024-08-07,3511253,1117450,239223,202867,36667,920296,6593
2024-08-08,3490217,1108956,230083,196259,35509,940729,6466
2024-08-09,3041276,1039488,215973,170622,32193,907512,5202
2024-08-10,2356405,777613,133623,119101,22199,949079,3156
2024-08-11,1918748,614435,121004,103975,22996,925152,2552
2024-08-12,3169180,1106072,231099,191415,33127,925367,6337
2024-08-13,3491612,1158412,242459,205674,35503,907386,7002
2024-08-14,3544668,1182980,242186,202330,37606,961969,7028
2024-08-15,3495671,1182864,241573,196106,36343,961969,6528
2024-08-16,3198733,1123673,235035,185953,34676,1004704,5596
2024-08-17,2256233,767022,135948,112928,22797,954849,2880
2024-08-18,1713050,578595,106004,82177,20897,853807,1953
2024-08-19,3076559,1090594,224656,183503,31668,931369,5870
2024-08-20,3475888,1164259,250304,211051,34985,952393,6877
2024-08-21,3498651,1159036,247076,204853,36401,958433,6910
2024-08-22,3427911,1140225,245912,199777,34997,985469,6458
2024-08-23,3209666,1095768,235738,196218,33653,999865,5827
2024-08-24,2332624,776019,146684,119252,22523,975307,3025
2024-08-25,1905818,629302,130885,101267,22347,946696,2309
2024-08-26,3113498,1104199,244138,186630,31233,935864,5896
2024-08-27,3477101,1177841,261771,201834,34997,949649,6713
2024-08-28,3516674,1203770,257194,195873,36079,972274,6656
2024-08-29,3438760,1203629,261935,192714,35044,992852,6446
2024-08-30,3152242,1132406,255954,195334,33968,1004458,5287
2024-08-31,2158004,771634,149890,119313,21518,923923,2471
2024-09-01,1969350,658803,120499,95622,22880,896413,2149
2024-09-02,2007446,629636,134118,95598,14939,854109,2571
2024-09-03,3629404,1323572,263763,220831,35977,959389,7337
2024-09-04,3868854,1372412,271660,225508,38623,935127,7588
2024-09-05,4033322,1434726,262639,220098,37475,966058,7475
2024-09-06,3794952,1397369,258126,202757,36478,999365,6606
2024-09-07,2479639,841695,137291,105974,21477,912521,2874
2024-09-08,2101048,724969,120584,98767,23760,914241,2280
2024-09-09,3811344,1458059,247296,214384,35327,930561,7724
2024-09-10,4182405,1510358,263027,233290,38230,951227,8495
2024-09-11,4214707,1489570,263710,228252,39031,921770,9107
2024-09-12,4232214,1515496,263539,228985,38778,984868,8174
2024-09-13,3911412,1442741,254945,219747,37297,1016290,6989
2024-09-14,2706474,913017,145099,136864,24473,1002908,3402
2024-09-15,2161737,705080,128174,118303,24154,946517,2605
2024-09-16,3821428,1473843,254618,215601,35319,934600,7734
2024-09-17,4189311,1536675,268678,232809,38667,945571,8503
2024-09-18,4232888,1539412,281624,229697,39300,963160,8603
2024-09-19,4255184,1547727,272725,226944,38515,997635,8367
2024-09-20,3933048,1471585,270065,215673,36687,1019966,7029
2024-09-21,2744632,950423,160150,133469,23611,980137,3736
2024-09-22,2131910,737715,131192,102752,23164,936446,2560
2024-09-23,3898806,1457916,250701,218237,34543,922758,7994
2024-09-24,4323708,1500066,270524,240779,37488,927777,8938
2024-09-25,4335945,1487149,267471,236202,37829,935215,8904
2024-09-26,4295723,1467648,264141,228971,37117,963068,8216
2024-09-27,3945383,1438524,258258,221034,35968,1010505,6992
2024-09-28,2557982,863284,134408,132177,22142,922085,2928
2024-09-29,1959363,664367,117572,102805,22340,869345,2782
2024-09-30,3849138,1486507,256547,217897,34701,924795,7845
2024-10-01,4179363,1546620,247737,218836,38299,922245,9716
2024-10-02,4068073,1504660,258854,227124,38330,941325,9543
2024-10-03,3627528,1333760,246586,217197,35952,926733,7273
2024-10-04,3506654,1313232,251723,215328,35371,947077,6361
2024-10-05,2710146,953356,142657,148928,23775,966857,4086
2024-10-06,2065294,737760,111257,105906,23677,912831,2534
2024-10-07,3847055,1478576,250063,220335,35754,917137,8833
2024-10-08,4256950,1554839,275934,235974,39100,945208,10259
2024-10-09,4313211,1555422,275026,234694,39877,957877,9926
2024-10-10,4329161,1534201,272428,233710,38911,990350,9495
2024-10-11,3868564,1435476,257460,224122,37027,1021735,7977
2024-10-12,2587128,940999,149093,144234,23525,957916,3409
2024-10-13,2153429,744866,127619,120235,23354,911708,3574
2024-10-14,3066851,1076828,240501,225263,26827,911104,5124
2024-10-15,4284818,1487706,270652,249266,38788,955621,9369
2024-10-16,4357117,1495298,279608,236091,39579,950912,9783
2024-10-17,4309633,1496057,277906,237000,37093,942095,9362
2024-10-18,4030998,1443165,272133,229999,36732,993477,8258
2024-10-19,2752350,930951,156212,147214,24053,981152,3588
2024-10-20,2176476,733271,127452,122789,24069,939223,2606
2024-10-21,3842315,1471964,247857,219983,35133,937487,8975
2024-10-22,4218881,1528809,268294,237771,38656,932275,9628
2024-10-23,4276606,1537563,257031,233881,39211,930104,9629
2024-10-24,4304831,1484054,260193,232459,36754,931734,9653
2024-10-25,4019790,1376080,262815,223941,36635,983885,8083
2024-10-26,2828539,960099,143111,148103,24066,988039,3423
2024-10-27,2208683,740417,120849,115917,23888,918610,2556
2024-10-28,3983168,1473020,253923,229873,35666,926409,8936
2024-10-29,4378791,1514830,272526,249585,38621,939734,9803
2024-10-30,4417951,1533630,267007,246035,40468,970092,9878
2024-10-31,4340272,1423507,257756,221856,37639,952775,8741
2024-11-01,3780874,1290003,213535,185052,37306,947020,6363
2024-11-02,2817106,924453,138761,134522,24481,941777,3273
2024-11-03,2602870,647668,132720,123028,21758,796346,4095
2024-11-04,3949699,1450761,243884,216014,36716,908080,7765
2024-11-05,3640246,1321929,244078,213516,36106,858375,6691
2024-11-06,4113411,1490566,256311,221461,40044,928979,8324
2024-11-07,4232190,1499670,259228,226007,39248,958652,8177
2024-11-08,3971878,1428851,245087,213611,38062,990743,7038
2024-11-09,2770474,920210,133329,134651,24198,924905,3270
2024-11-10,2117144,713083,105256,103048,23972,870080,2321
2024-11-11,3277617,1173328,236005,206579,28032,864822,5534
2024-11-12,4263199,1487306,264372,234752,39828,921273,8595
2024-11-13,4331024,1496105,257349,229455,41143,932923,8342
2024-11-14,4296568,1476496,251765,217969,40039,959032,8022
2024-11-15,3986526,1386340,247886,214139,39068,985910,6829
2024-11-16,2789132,919983,137240,132742,24556,916594,3013
2024-11-17,2101806,719084,118405,101707,24320,841590,2403
2024-11-18,3900958,1442803,246602,214015,36682,861708,7739
2024-11-19,4277932,1504152,260621,235198,39803,923969,8396
2024-11-20,4298945,1508975,261795,232558,41321,952410,8694
2024-11-21,4217744,1352576,247779,217248,38930,925692,7755
2024-11-22,3854860,1304306,240803,205229,37694,961674,6493
2024-11-23,2720244,903100,144950,134514,23654,923692,3057
2024-11-24,2075015,712523,115037,104157,24470,845856,2333
2024-11-25,3914213,1440435,259180,221649,37257,924623,8190
2024-11-26,4030009,1412275,263231,233673,39718,979030,8100
2024-11-27,3710430,1370366,284694,243529,35540,1005916,7495
2024-11-28,1513447,462819,115895,103402,26674,868551,2095
2024-11-29,2677499,910730,243219,219251,19887,829240,4139
2024-11-30,2319981,787685,148820,135368,19542,891736,2916
2024-12-01,1893492,629660,116806,103768,22046,893570,2006
2024-12-02,3813795,1371135,240375,209021,36224,933106,7622
2024-12-03,4240442,1455281,266544,234201,40193,940934,8289
2024-12-04,4374883,1446527,254632,224379,41858,944014,8265
2024-12-05,4354863,1401376,254255,215246,39358,949925,7971
2024-12-06,4121085,1340421,242555,206009,38598,985102,6812
2024-12-07,3017208,883693,149946,139193,24071,917052,2926
2024-12-08,2348950,708798,122147,107390,24671,849700,2395
2024-12-09,3941361,1369917,243001,211638,36847,897819,7292
2024-12-10,4374063,1444209,265077,234161,40973,933091,8214
2024-12-11,4255328,1353141,253052,222538,39455,902382,7923
2024-12-12,4527892,1431599,269149,236210,41074,991418,8108
2024-12-13,4178812,1347451,248254,222096,39020,1011486,6931
2024-12-14,3123454,882335,161398,159083,25602,948115,3452
2024-12-15,2337436,694080,120386,108880,24831,866862,2376
2024-12-16,3866550,1277624,239706,206160,37015,892474,7096
2024-12-17,4341385,1457557,266960,237348,40830,944837,8439
2024-12-18,4292792,1430923,266741,229302,41792,964203,8068
2024-12-19,4255466,1431183,267033,227613,40565,994900,7861
2024-12-20,3842344,1296068,247250,213269,38582,985717,6493
2024-12-21,2645323,788267,147327,138248,23289,898683,2973
2024-12-22,2061173,607735,121379,110023,23526,829779,2330
2024-12-23,3216875,1087369,253495,210375,33496,938009,5776
2024-12-24,2546394,906044,211807,173267,29443,890220,4272
2024-12-25,1378374,417229,87185,66693,18972,746323,1848
2024-12-26,2852679,982867,240534,203127,25211,869094,5222
2024-12-27,3161486,1058666,254609,225114,30638,906118,5656
2024-12-28,2268511,726217,139519,119418,19881,812850,2757
2024-12-29,2122102,664628,127153,107415,22149,810819,2629
2024-12-30,3315993,1110767,248532,209077,31713,896512,6159
2024-12-31,2874096,984193,223942,186037,31482,818825,4925
2025-01-01,1779352,495795,90318,74690,12417,678296,2040
2025-01-02,3376924,1204698,210914,165475,31265,831296,6548
2025-01-03,3413021,1225317,203652,163577,35900,846981,6243
2025-01-04,2315493,774643,117004,100579,21999,788882,2672
2025-01-05,1791020,618750,96683,79761,23665,726411,2039
2025-01-06,3436491,1238969,229503,202575,35840,792617,6887
2025-01-07,3781536,1275936,245930,220945,38048,842968,7409
2025-01-08,3830616,1256260,239444,209550,39406,852748,7798
2025-01-09,3734383,787710,229804,198894,38431,869256,6841
