Date,Subways: Total Estimated Ridership_per_capita,Buses: Total Estimated Ridership_per_capita,LIRR: Total Estimated Ridership_per_capita,Metro-North: Total Estimated Ridership_per_capita,Access-A-Ride: Total Scheduled Trips_per_capita,Bridges and Tunnels: Total Traffic_per_capita,Staten Island Railway: Total Estimated Ridership_per_capita
2020-03-01,0.25436379310344825,0.11320781609195402,0.009975862068965518,0.006416666666666667,0.0022898850574712645,0.0904551724137931,0.00018804597701149424
2020-03-02,0.6126339080459771,0.25391563218390806,0.036961954022988505,0.020770229885057473,0.0034871264367816093,0.10053091954022988,0.0019701149425287354
2020-03-03,0.6300118390804598,0.25616183908045975,0.036750229885057474,0.021913563218390806,0.0037663218390804596,0.10139942528735632,0.0020060919540229884
2020-03-04,0.6320470114942529,0.25024885057471263,0.0358232183908046,0.02214816091954023,0.003942183908045977,0.10408712643678161,0.001969655172413793
2020-03-05,0.6317762068965517,0.2579902298850575,0.035355977011494254,0.0223432183908046,0.0038171264367816093,0.10681586206896551,0.0019773563218390806
2020-03-06,0.5964881609195403,0.23755666666666667,0.03323804597701149,0.023569655172413793,0.003559770114942529,0.10866758620689655,0.001756896551724138
2020-03-07,0.3235214942528736,0.14357298850574712,0.012190574712643678,0.008717011494252873,0.0020824137931034483,0.09516172413793103,0.00028103448275862067
2020-03-08,0.2437535632183908,0.11001873563218391,0.00937528735632184,0.006988505747126437,0.002238735632183908,0.08794057471264367,0.00019218390804597702
2020-03-09,0.5716681609195402,0.24422643678160919,0.03183919540229885,0.021144022988505748,0.0034033333333333333,0.09885896551724138,0.001853103448275862
2020-03-10,0.5595193103448276,0.2427573563218391,0.02980735632183908,0.020580459770114943,0.0035994252873563217,0.09834310344827586,0.0018166666666666667
2020-03-11,0.5398990804597701,0.24286977011494254,0.02825264367816092,0.020123448275862068,0.003700919540229885,0.09962137931034483,0.0017632183908045977
2020-03-12,0.47695459770114945,0.22280735632183907,0.022664137931034483,0.01948816091954023,0.00354183908045977,0.10128597701149425,0.0016286206896551725
2020-03-13,0.40057425287356324,0.19721114942528736,0.01822781609195402,0.019215632183908045,0.0030620689655172415,0.0988987356321839,0.0013527586206896552
2020-03-14,0.19203045977011493,0.11417091954022988,0.005159195402298851,0.004563333333333333,0.0015395402298850574,0.0725403448275862,0.0002454022988505747
2020-03-15,0.13307022988505748,0.08178793103448276,0.003839885057471264,0.0037518390804597702,0.0014344827586206896,0.061607701149425285,0.00015724137931034482
2020-03-16,0.2504086206896552,0.14221942528735632,0.013716436781609196,0.01761632183908046,0.0024304597701149426,0.08147919540229885,0.0006598850574712643
2020-03-17,0.20560758620689656,0.12585620689655172,0.009606666666666666,0.016941494252873564,0.0020888505747126435,0.07476367816091954,0.000525632183908046
2020-03-18,0.18681379310344828,0.12178183908045977,0.008607241379310345,0.016795172413793105,0.0018324137931034483,0.0729716091954023,0.00047505747126436784
2020-03-19,0.16346114942528736,0.10731057471264367,0.006843448275862069,0.01660528735632184,0.001622528735632184,0.06548229885057472,0.0003967816091954023
2020-03-20,0.15047413793103448,0.09983931034482758,0.005749540229885057,0.016685057471264367,0.0014648275862068965,0.06474264367816092,0.00035908045977011495
2020-03-21,0.07122045977011494,0.04729781609195402,0.001429655172413793,0.0027241379310344828,0.0007433333333333334,0.04402206896551724,0.00012
2020-03-22,0.046979655172413794,0.008450229885057472,0.0010219540229885057,0.002394252873563218,0.0005544827586206896,0.031844827586206895,7.367816091954023e-05
2020-03-23,0.0815516091954023,0.006818505747126437,0.0035131034482758622,0.016009770114942527,0.0011381609195402298,0.0415532183908046,0.00018839080459770116
2020-03-24,0.08523988505747127,0.006934942528735632,0.0034235632183908047,0.015999310344827586,0.0010497701149425288,0.04545896551724138,0.00019850574712643678
2020-03-25,0.07931402298850575,0.005950459770114942,0.003004942528735632,0.015889540229885056,0.0010933333333333333,0.0431916091954023,0.0001806896551724138
2020-03-26,0.07820229885057471,0.00574367816091954,0.0027366666666666668,0.015938850574712643,0.001010919540229885,0.04484103448275862,0.0001796551724137931
2020-03-27,0.07549620689655172,0.005231494252873563,0.0023396551724137933,0.015965862068965518,0.000966551724137931,0.04560655172413793,0.0001718390804597701
2020-03-28,0.03820609195402299,0.0022695402298850576,0.0006067816091954023,0.002194022988505747,0.0005162068965517241,0.02766689655172414,6.896551724137931e-05
2020-03-29,0.030310344827586207,0.0016444827586206895,0.0005009195402298851,0.0020864367816091954,0.000387816091954023,0.02266137931034483,4.816091954022988e-05
2020-03-30,0.0626683908045977,0.003868850574712644,0.002269080459770115,0.01583471264367816,0.0009291954022988505,0.03961942528735632,0.00013103448275862068
2020-03-31,0.05840298850574713,0.0037024137931034483,0.0018613793103448276,0.015800459770114943,0.0008818390804597701,0.038807586206896554,0.00011988505747126437
2020-04-01,0.05902080459770115,0.003376206896551724,0.0012124137931034482,0.0010689655172413793,0.0009368965517241379,0.03933574712643678,8.275862068965517e-05
2020-04-02,0.05581448275862069,0.003079080459770115,0.001155977011494253,0.0010910344827586207,0.000813448275862069,0.03904988505747126,0.00010137931034482759
2020-04-03,0.05555827586206896,0.0028066666666666665,0.00111,0.0011229885057471264,0.0008958620689655172,0.039111724137931035,9.689655172413794e-05
2020-04-04,0.03244574712643678,0.0015135632183908047,0.00042839080459770114,0.0005116091954022988,0.0005028735632183908,0.02796816091954023,4.885057471264368e-05
2020-04-05,0.0261267816091954,0.0011204597701149426,0.00034126436781609196,0.00041390804597701147,0.0003175862068965517,0.024040344827586206,3.4482758620689657e-05
2020-04-06,0.0512016091954023,0.0025767816091954022,0.0011640229885057471,0.0011301149425287356,0.000815287356321839,0.03859402298850575,9.413793103448276e-05
2020-04-07,0.0499983908045977,0.0024854022988505748,0.0010703448275862068,0.001102183908045977,0.0008093103448275862,0.03855965517241379,8.413793103448276e-05
2020-04-08,0.04913620689655172,0.002340344827586207,0.0010389655172413793,0.0010680459770114942,0.0007988505747126437,0.03734264367816092,8.287356321839081e-05
2020-04-09,0.04650977011494253,0.0021533333333333335,0.0009670114942528736,0.001026551724137931,0.0007175862068965517,0.03488275862068965,7.93103448275862e-05
2020-04-10,0.04600862068965517,0.0019695402298850573,0.0009479310344827586,0.0011003448275862069,0.0006181609195402299,0.036103333333333334,7.724137931034483e-05
2020-04-11,0.029547241379310345,0.0011170114942528737,0.00031597701149425287,0.0004803448275862069,0.0004867816091954023,0.02928206896551724,4.6666666666666665e-05
2020-04-12,0.022804482758620688,0.0008093103448275862,0.00025804597701149426,0.0003771264367816092,0.00029022988505747124,0.02504264367816092,3.3793103448275865e-05
2020-04-13,0.04176,0.0016560919540229886,0.0009416091954022989,0.0010142528735632185,0.0007132183908045977,0.032713563218390806,7.45977011494253e-05
2020-04-14,0.04944310344827586,0.0020617241379310347,0.0010133333333333333,0.0011025287356321838,0.0007568965517241379,0.04093149425287356,9.091954022988505e-05
2020-04-15,0.048167701149425285,0.0019419540229885057,0.0009880459770114942,0.0010910344827586207,0.0007963218390804597,0.0391048275862069,9.103448275862069e-05
2020-04-16,0.04830149425287356,0.0019117241379310345,0.0009726436781609195,0.0010951724137931035,0.000754367816091954,0.039809310344827584,9.080459770114943e-05
2020-04-17,0.04969747126436782,0.0018793103448275861,0.0009506896551724138,0.0011481609195402298,0.0008101149425287356,0.043488505747126434,8.482758620689655e-05
2020-04-18,0.029247471264367816,0.0009327586206896552,0.0002814942528735632,0.0004557471264367816,0.0004829885057471264,0.029279770114942528,3.896551724137931e-05
2020-04-19,0.025794367816091953,0.0007964367816091954,0.00024816091954022986,0.0004464367816091954,0.00031517241379310347,0.03177080459770115,3.908045977011494e-05
2020-04-20,0.050327816091954025,0.001899080459770115,0.001024367816091954,0.0011566666666666667,0.0008103448275862069,0.04273287356321839,8.850574712643679e-05
2020-04-21,0.048518045977011495,0.0017506896551724139,0.0009498850574712643,0.001077471264367816,0.0007601149425287356,0.04093080459770115,8.655172413793103e-05
2020-04-22,0.05273344827586207,0.0018950574712643677,0.0009970114942528736,0.0011142528735632183,0.0008616091954022989,0.04582793103448276,9.114942528735632e-05
2020-04-23,0.052128735632183905,0.0018144827586206896,0.0009683908045977011,0.0010950574712643678,0.0008010344827586207,0.04447551724137931,8.96551724137931e-05
2020-04-24,0.05102942528735632,0.0016364367816091953,0.0008989655172413793,0.0011174712643678161,0.0008091954022988506,0.04447528735632184,7.908045977011495e-05
2020-04-25,0.03395252873563218,0.0010151724137931035,0.00032977011494252876,0.0005732183908045977,0.0005424137931034483,0.040264252873563215,5.160919540229885e-05
2020-04-26,0.02514793103448276,0.0006319540229885057,0.00021873563218390805,0.0004017241379310345,0.00028804597701149423,0.026613793103448274,3.5517241379310344e-05
2020-04-27,0.05320551724137931,0.0017566666666666666,0.001014712643678161,0.0011773563218390804,0.000795632183908046,0.04415206896551724,9.333333333333333e-05
2020-04-28,0.05623528735632184,0.0018827586206896553,0.0010536781609195402,0.0012104597701149426,0.000866896551724138,0.05015471264367816,9.494252873563218e-05
2020-04-29,0.05491942528735632,0.0017708045977011494,0.0010459770114942528,0.0011683908045977012,0.0009016091954022989,0.04718413793103448,9.080459770114943e-05
2020-04-30,0.05354816091954023,0.0016163218390804598,0.0010729885057471264,0.0011460919540229886,0.0008336781609195402,0.04657103448275862,8.781609195402298e-05
2020-05-01,0.05684471264367816,0.00171183908045977,0.0007126436781609196,0.0010581609195402298,0.0009577011494252874,0.05122080459770115,8.770114942528736e-05
2020-05-02,0.03745574712643678,0.001024367816091954,0.00045505747126436784,0.000679080459770115,0.0006313793103448276,0.04619977011494253,5.620689655172414e-05
2020-05-03,0.029754597701149424,0.0007360919540229885,0.00038091954022988504,0.0005562068965517241,0.0003750574712643678,0.04061080459770115,3.839080459770115e-05
2020-05-04,0.0588351724137931,0.001875287356321839,0.0012825287356321839,0.0012372413793103449,0.0009525287356321839,0.05142804597701149,0.00010310344827586207
2020-05-05,0.06000977011494253,0.0018824137931034482,0.001524712643678161,0.0012188505747126436,0.0009706896551724138,0.0531132183908046,0.00010275862068965517
2020-05-06,0.05848551724137931,0.0018019540229885058,0.0016654022988505748,0.0011617241379310345,0.0010151724137931035,0.05105505747126437,9.448275862068966e-05
2020-05-07,0.06150264367816092,0.0018540229885057472,0.0018550574712643678,0.0012927586206896552,0.0009780459770114941,0.05618804597701149,0.00010689655172413793
2020-05-08,0.060465977011494254,0.0016748275862068967,0.0018062068965517242,0.001292183908045977,0.0009949425287356323,0.05561264367816092,9.32183908045977e-05
2020-05-09,0.036423333333333335,0.0008728735632183908,0.0008794252873563219,0.0006916091954022989,0.0005810344827586206,0.04269264367816092,5.620689655172414e-05
2020-05-10,0.03125827586206897,0.0007318390804597701,0.0009183908045977011,0.000675632183908046,0.0004554022988505747,0.04780080459770115,4.6666666666666665e-05
2020-05-11,0.059870459770114945,0.001744367816091954,0.002109080459770115,0.0013142528735632184,0.0008777011494252874,0.052648390804597704,9.528735632183908e-05
2020-05-12,0.06360597701149426,0.0018378160919540229,0.002185977011494253,0.0013204597701149425,0.0009506896551724138,0.05613862068965517,0.00010505747126436781
2020-05-13,0.06498586206896552,0.0018586206896551724,0.0022248275862068964,0.0013713793103448276,0.001084712643678161,0.05853367816091954,0.00010988505747126437
2020-05-14,0.06521747126436782,0.0018281609195402299,0.0022195402298850575,0.001394367816091954,0.001017816091954023,0.05981551724137931,0.00010609195402298851
2020-05-15,0.06756413793103448,0.0017794252873563217,0.002309425287356322,0.0014868965517241379,0.0010888505747126437,0.06471149425287356,0.00011218390804597701
2020-05-16,0.04147632183908046,0.0010048275862068966,0.0012729885057471265,0.0009310344827586207,0.0006835632183908046,0.05483873563218391,5.574712643678161e-05
2020-05-17,0.033036551724137934,0.0007475862068965517,0.0010106896551724139,0.0007089655172413793,0.0004111494252873563,0.045012183908045976,3.873563218390805e-05
2020-05-18,0.06844471264367816,0.0019777011494252874,0.0025417241379310346,0.0015104597701149425,0.001030919540229885,0.05808206896551724,0.00011908045977011494
2020-05-19,0.07021655172413793,0.001988045977011494,0.0024826436781609194,0.0014686206896551725,0.001067816091954023,0.06028528735632184,0.00012264367816091954
2020-05-20,0.07169528735632184,0.0020314942528735632,0.0025544827586206896,0.0014658620689655172,0.0011751724137931035,0.062345862068965516,0.00012
2020-05-21,0.07233310344827586,0.0020189655172413792,0.0025959770114942528,0.0015280459770114943,0.0011185057471264368,0.0673048275862069,0.0001228735632183908
2020-05-22,0.07286011494252874,0.0018911494252873563,0.002624137931034483,0.001690919540229885,0.001124367816091954,0.07206701149425288,0.00012022988505747126
2020-05-23,0.038601149425287355,0.0008259770114942529,0.0012624137931034484,0.0008750574712643679,0.0006379310344827587,0.045297816091954025,4.8275862068965517e-05
2020-05-24,0.036783333333333335,0.000763448275862069,0.0013644827586206897,0.00103183908045977,0.0004732183908045977,0.053008045977011496,4.149425287356322e-05
2020-05-25,0.04527793103448276,0.000919080459770115,0.0022208045977011493,0.001492183908045977,0.0006239080459770115,0.051151149425287354,5.0689655172413794e-05
2020-05-26,0.07549034482758621,0.00204816091954023,0.0030679310344827585,0.001716896551724138,0.0011350574712643679,0.06750218390804598,0.00013482758620689654
2020-05-27,0.07752471264367816,0.002058735632183908,0.0030440229885057473,0.0016588505747126437,0.0012744827586206897,0.06909655172413794,0.0001425287356321839
2020-05-28,0.07563873563218391,0.0020155172413793103,0.00289367816091954,0.0016277011494252873,0.0011528735632183908,0.06719862068965517,0.00013689655172413793
2020-05-29,0.07554701149425287,0.001882528735632184,0.0028816091954022988,0.0018042528735632184,0.0011706896551724139,0.06880540229885057,0.00012574712643678162
2020-05-30,0.04905022988505747,0.0010473563218390805,0.0017881609195402298,0.001264712643678161,0.0007060919540229885,0.06174471264367816,2.068965517241379e-06
2020-05-31,0.03958919540229885,0.0007728735632183909,0.0015579310344827587,0.0010793103448275862,0.00048459770114942527,0.05695252873563218,2.2988505747126437e-07
2020-06-01,0.07898413793103448,0.002049770114942529,0.003947011494252873,0.0018602298850574712,0.0012367816091954024,0.06839758620689655,0.0001560919540229885
2020-06-02,0.07974252873563219,0.001905287356321839,0.0038814942528735633,0.0018728735632183907,0.0012880459770114943,0.06659896551724138,0.00017425287356321838
2020-06-03,0.07835793103448276,0.002049425287356322,0.0037382758620689654,0.001798735632183908,0.0013749425287356322,0.06696827586206897,0.00015206896551724138
2020-06-04,0.08352551724137931,0.0021308045977011495,0.0034219540229885057,0.0019711494252873563,0.001379310344827586,0.07481241379310345,0.00015471264367816092
2020-06-05,0.08087080459770114,0.0019382758620689654,0.0038485057471264366,0.0020764367816091954,0.0013445977011494253,0.07397264367816092,0.0001435632183908046
2020-06-06,0.05335609195402299,0.001024367816091954,0.002079310344827586,0.0013998850574712643,0.0007575862068965517,0.06342448275862068,1.0344827586206896e-06
2020-06-07,0.043447126436781607,0.0008711494252873563,0.0019306896551724137,0.001290919540229885,0.0005344827586206897,0.06188712643678161,1.0919540229885057e-05
2020-06-08,0.09247609195402298,0.0029497701149425286,0.0049,0.002314942528735632,0.001374367816091954,0.07411827586206897,0.00018344827586206896
2020-06-09,0.09681678160919541,0.003016896551724138,0.004859080459770115,0.00224632183908046,0.0014791954022988505,0.07821402298850574,0.00019103448275862068
2020-06-10,0.09850747126436782,0.0030729885057471265,0.004952068965517241,0.0023582758620689656,0.0015650574712643677,0.07819195402298851,0.00020310344827586207
2020-06-11,0.09405712643678162,0.002791264367816092,0.00470816091954023,0.0022442528735632183,0.001438390804597701,0.07548218390804598,0.00018114942528735633
2020-06-12,0.10306413793103449,0.0028113793103448277,0.005180689655172414,0.002777586206896552,0.00152,0.08798747126436782,0.0001903448275862069
2020-06-13,0.06268,0.001392528735632184,0.002914367816091954,0.0019166666666666666,0.0008958620689655172,0.07253609195402298,1.954022988505747e-06
2020-06-14,0.04947574712643678,0.0010035632183908046,0.0023975862068965517,0.0015855172413793102,0.0005971264367816092,0.06479597701149425,8.045977011494253e-07
2020-06-15,0.10311632183908045,0.00311,0.005464942528735632,0.0026254022988505747,0.0014888505747126437,0.07756149425287356,0.00020839080459770116
2020-06-16,0.10720356321839081,0.0032240229885057473,0.0053880459770114944,0.002592528735632184,0.001487241379310345,0.07992632183908047,0.00021540229885057472
2020-06-17,0.10901850574712643,0.003209655172413793,0.005421379310344828,0.002777816091954023,0.0016775862068965518,0.08157229885057471,0.00021344827586206895
2020-06-18,0.10831977011494252,0.0031627586206896554,0.005500114942528736,0.0027679310344827586,0.0015871264367816093,0.08384896551724139,0.0002225287356321839
2020-06-19,0.11344011494252873,0.00294,0.005770229885057471,0.003192183908045977,0.0015940229885057472,0.0916687356321839,0.00020126436781609195
2020-06-20,0.06621551724137931,0.0013677011494252873,0.0033286206896551724,0.0021332183908045975,0.0009408045977011495,0.07657770114942529,2.528735632183908e-06
2020-06-21,0.05166632183908046,0.0010427586206896552,0.0031142528735632184,0.0019217241379310345,0.0007273563218390804,0.07527735632183909,0.0
2020-06-22,0.11494781609195402,0.0035474712643678162,0.006192873563218391,0.0029157471264367814,0.001530344827586207,0.08428620689655172,0.00023298850574712644
2020-06-23,0.12078,0.003713218390804598,0.006080229885057471,0.0028631034482758623,0.0017320689655172415,0.08561172413793103,0.0002550574712643678
2020-06-24,0.12279689655172414,0.0037360919540229886,0.0060177011494252875,0.0029054022988505746,0.0017419540229885058,0.08652287356321839,0.000252183908045977
2020-06-25,0.12399954022988506,0.0037233333333333333,0.006142988505747127,0.002947586206896552,0.0017073563218390805,0.08984103448275862,0.0002540229885057471
2020-06-26,0.1267105747126437,0.003503448275862069,0.006396206896551724,0.003413793103448276,0.0017296551724137932,0.09550425287356322,0.00024310344827586206
2020-06-27,0.07073540229885057,0.0014875862068965517,0.0030773563218390804,0.0020611494252873565,0.0009817241379310344,0.07249770114942529,7.885057471264368e-05
2020-06-28,0.06159747126436781,0.0011686206896551724,0.0029517241379310344,0.001829655172413793,0.0006606896551724138,0.07162425287356322,6.781609195402298e-05
2020-06-29,0.1265251724137931,0.003823448275862069,0.007276896551724138,0.003237126436781609,0.0016902298850574712,0.08817988505747126,0.00026632183908045976
2020-06-30,0.12794528735632185,0.003907586206896551,0.006661494252873563,0.0031122988505747125,0.0017575862068965518,0.08721666666666666,0.0002742528735632184
2020-07-01,0.12879735632183908,0.003784022988505747,0.006494827586206896,0.003191954022988506,0.0018909195402298852,0.08958724137931035,0.0002649425287356322
2020-07-02,0.13453827586206896,0.003762068965517241,0.00738632183908046,0.003672183908045977,0.001836896551724138,0.10131850574712643,0.0002718390804597701
2020-07-03,0.09791689655172414,0.00193816091954023,0.0064575862068965515,0.003683793103448276,0.0012545977011494253,0.0819816091954023,0.00013080459770114941
2020-07-04,0.06800057471264367,0.001237816091954023,0.004412413793103448,0.0025385057471264366,0.0009644827586206896,0.06542666666666666,7.93103448275862e-05
2020-07-05,0.06134390804597701,0.0011301149425287356,0.003973448275862069,0.0021995402298850574,0.0007218390804597701,0.07575850574712643,6.068965517241379e-05
2020-07-06,0.12470758620689655,0.0036262068965517242,0.007340459770114943,0.003512183908045977,0.0017110344827586208,0.08627390804597701,0.0002554022988505747
2020-07-07,0.13300977011494253,0.0038614942528735633,0.007098390804597701,0.003506551724137931,0.001839425287356322,0.08618758620689655,0.0002762068965517241
2020-07-08,0.13474471264367816,0.003935862068965517,0.007246896551724138,0.0034682758620689655,0.0019517241379310344,0.08715034482758621,0.00028206896551724136
2020-07-09,0.13922758620689654,0.003995632183908046,0.007526781609195402,0.0036681609195402297,0.001955977011494253,0.09402689655172414,0.00029551724137931033
2020-07-10,0.11846344827586207,0.0029360919540229887,0.006428620689655173,0.00341183908045977,0.0018089655172413793,0.08191206896551724,0.00024333333333333333
2020-07-11,0.07965252873563218,0.0014795402298850575,0.003455057471264368,0.002147471264367816,0.0009716091954022988,0.07187218390804598,9.333333333333333e-05
2020-07-12,0.07220540229885057,0.0012604597701149425,0.004012068965517241,0.0022826436781609193,0.00085,0.08087229885057472,8.402298850574712e-05
2020-07-13,0.13513793103448277,0.003827816091954023,0.007630344827586207,0.0036639080459770117,0.0018308045977011493,0.08691057471264368,0.000287816091954023
2020-07-14,0.1426528735632184,0.004067931034482759,0.007623103448275862,0.003669080459770115,0.0019633333333333334,0.09136057471264368,0.0003067816091954023
2020-07-15,0.14349574712643678,0.003988620689655172,0.007649310344827586,0.003747471264367816,0.0020860919540229886,0.09234471264367816,0.0003162068965517241
2020-07-16,0.14357793103448277,0.003930919540229885,0.007670344827586207,0.0038227586206896554,0.0019804597701149427,0.09423563218390804,0.0003167816091954023
2020-07-17,0.13876609195402298,0.0034133333333333333,0.007448965517241379,0.004070574712643678,0.0018851724137931034,0.09419206896551724,0.00027896551724137934
2020-07-18,0.08953287356321839,0.0016477011494252874,0.004739655172413793,0.0027667816091954023,0.0011247126436781608,0.08591310344827587,9.03448275862069e-05
2020-07-19,0.06724068965517241,0.001131609195402299,0.004187241379310345,0.002146551724137931,0.0008105747126436781,0.08001264367816092,5.793103448275862e-05
2020-07-20,0.1329580459770115,0.0034708045977011495,0.0077840229885057476,0.003710229885057471,0.0018341379310344828,0.08857540229885058,0.00027908045977011496
2020-07-21,0.14273781609195402,0.0037335632183908046,0.007769425287356322,0.0038175862068965515,0.0019345977011494253,0.09114413793103449,0.0003132183908045977
2020-07-22,0.14180091954022989,0.003892298850574713,0.007511264367816092,0.0037339080459770115,0.002020919540229885,0.0901164367816092,0.000312183908045977
2020-07-23,0.1418155172413793,0.003907931034482759,0.00754448275862069,0.0037902298850574713,0.0019604597701149426,0.09098586206896551,0.0003025287356321839
2020-07-24,0.14001586206896552,0.0034467816091954023,0.007573448275862069,0.004211379310344827,0.0019897701149425287,0.09494597701149425,0.0002886206896551724
2020-07-25,0.09386252873563218,0.0016985057471264368,0.004981609195402299,0.002893448275862069,0.001189655172413793,0.08849402298850574,9.183908045977011e-05
2020-07-26,0.06975977011494253,0.0011162068965517241,0.0041567816091954025,0.002318390804597701,0.0008539080459770115,0.08017620689655172,6.229885057471264e-05
2020-07-27,0.13833367816091954,0.0036864367816091953,0.008059080459770116,0.003628505747126437,0.0019088505747126437,0.09117517241379311,0.0003018390804597701
2020-07-28,0.14273218390804598,0.003879655172413793,0.0076651724137931036,0.003641034482758621,0.001941609195402299,0.08991091954022988,0.0003028735632183908
2020-07-29,0.14897724137931034,0.004052528735632184,0.008045402298850575,0.0038773563218390803,0.002093793103448276,0.09390333333333334,0.0003193103448275862
2020-07-30,0.1459967816091954,0.0039059770114942527,0.007926206896551723,0.003922068965517242,0.0019922988505747126,0.09428436781609195,0.00031563218390804595
2020-07-31,0.1446596551724138,0.003438735632183908,0.007775632183908046,0.004372413793103449,0.0020291954022988506,0.09882459770114943,0.0002791954022988506
2020-08-01,0.09683540229885057,0.001849080459770115,0.0051040229885057475,0.003018505747126437,0.0012281609195402298,0.09192459770114943,0.0001039080459770115
2020-08-02,0.06782298850574713,0.0011349425287356322,0.003505977011494253,0.0020557471264367817,0.0008541379310344827,0.07456724137931034,7.06896551724138e-05
2020-08-03,0.14632137931034483,0.004246551724137931,0.00813551724137931,0.0037797701149425286,0.0020222988505747127,0.09410712643678161,0.0003396551724137931
2020-08-04,0.11806747126436781,0.003382298850574713,0.004233908045977012,0.002561609195402299,0.0017154022988505747,0.06636954022988506,0.00017229885057471264
2020-08-05,0.1549657471264368,0.004400344827586207,0.006667241379310345,0.003057241379310345,0.0021033333333333334,0.09739413793103448,0.0003245977011494253
2020-08-06,0.15341310344827586,0.0042596551724137935,0.007663333333333334,0.0032509195402298852,0.0021973563218390803,0.09741344827586207,0.00035919540229885057
2020-08-07,0.14757402298850575,0.0036977011494252875,0.00758264367816092,0.0037795402298850577,0.0020117241379310345,0.09702252873563219,0.0003150574712643678
2020-08-08,0.09578011494252874,0.0017405747126436782,0.004796436781609195,0.0027026436781609196,0.0012198850574712643,0.08399287356321838,9.264367816091954e-05
2020-08-09,0.07620609195402299,0.0013257471264367816,0.00432367816091954,0.0023566666666666666,0.0009525287356321839,0.08558827586206896,7.45977011494253e-05
2020-08-10,0.14658252873563218,0.004009540229885058,0.008453793103448275,0.0038505747126436783,0.0020894252873563217,0.09494252873563218,0.00034425287356321837
2020-08-11,0.15170275862068966,0.004186896551724138,0.008325977011494253,0.0038516091954022987,0.0021317241379310344,0.09447988505747126,0.0003636781609195402
2020-08-12,0.149306091954023,0.0041440229885057476,0.007855747126436781,0.0038777011494252876,0.00222367816091954,0.09205333333333333,0.00035908045977011495
2020-08-13,0.1484226436781609,0.003991149425287356,0.007956666666666667,0.0038875862068965517,0.0021388505747126437,0.09414,0.0003414942528735632
2020-08-14,0.1558374712643678,0.0037601149425287358,0.008381149425287357,0.004522068965517241,0.0020819540229885056,0.10271919540229885,0.00034620689655172414
2020-08-15,0.0989412643678161,0.0017841379310344827,0.00538,0.003181264367816092,0.0013203448275862068,0.09245344827586206,0.00011195402298850574
2020-08-16,0.06373,0.0009888505747126437,0.0034319540229885057,0.002087816091954023,0.0009082758620689655,0.07134310344827587,6.080459770114943e-05
2020-08-17,0.14994080459770115,0.003996321839080459,0.008557816091954024,0.0040645977011494255,0.0019973563218390806,0.09265609195402298,0.00035149425287356323
2020-08-18,0.15742724137931036,0.004212183908045977,0.008530229885057472,0.003949540229885058,0.002215402298850575,0.09632264367816092,0.00033919540229885057
2020-08-19,0.14852275862068964,0.003928850574712644,0.00805793103448276,0.003951379310344828,0.002289080459770115,0.09388563218390805,0.00031988505747126435
2020-08-20,0.1621251724137931,0.004029770114942529,0.008694597701149425,0.00426183908045977,0.002223448275862069,0.10227367816091953,0.00034022988505747127
2020-08-21,0.15947850574712644,0.003602528735632184,0.008742758620689656,0.004725287356321839,0.002187931034482759,0.1045716091954023,0.0003182758620689655
2020-08-22,0.10143931034482759,0.001575287356321839,0.005643103448275862,0.0031935632183908045,0.0013167816091954024,0.09336862068965517,0.00010011494252873563
2020-08-23,0.07719080459770115,0.001114712643678161,0.0043552873563218394,0.0025857471264367814,0.0009536781609195402,0.08472367816091954,7.275862068965517e-05
2020-08-24,0.15026954022988506,0.003910459770114942,0.00863735632183908,0.004126896551724138,0.0020279310344827584,0.0937544827586207,0.0003167816091954023
2020-08-25,0.15476896551724137,0.004022183908045977,0.008428850574712644,0.004102183908045977,0.0021473563218390806,0.09443632183908046,0.00032701149425287354
2020-08-26,0.16179758620689655,0.004135057471264368,0.00880264367816092,0.004209310344827587,0.0023745977011494254,0.09880735632183908,0.00034620689655172414
2020-08-27,0.1561232183908046,0.0039044827586206896,0.008397701149425287,0.00408632183908046,0.0022150574712643677,0.09738896551724138,0.0003282758620689655
2020-08-28,0.15960724137931034,0.0036731034482758622,0.008748735632183908,0.0047381609195402295,0.0021660919540229884,0.10343574712643679,0.000312183908045977
2020-08-29,0.08892724137931035,0.0016132183908045977,0.004326551724137931,0.002555632183908046,0.0011280459770114943,0.07424770114942529,9.172413793103448e-05
2020-08-30,0.08598402298850574,0.001842183908045977,0.0051893103448275866,0.0030482758620689657,0.001120919540229885,0.09253965517241379,9.482758620689655e-05
2020-08-31,0.16060505747126436,0.0904932183908046,0.008979540229885058,0.004336436781609196,0.002090229885057471,0.09397045977011494,0.0003659770114942529
2020-09-01,0.16888206896551725,0.10893770114942529,0.008791149425287356,0.004141954022988506,0.0021757471264367816,0.09306712643678161,0.00036977011494252875
2020-09-02,0.1710309195402299,0.11174862068965517,0.008917816091954023,0.004156206896551724,0.0022977011494252873,0.09312,0.0003668965517241379
2020-09-03,0.1757683908045977,0.1175428735632184,0.009488965517241378,0.004588505747126437,0.0022979310344827587,0.09989954022988506,0.00038241379310344827
2020-09-04,0.18027413793103447,0.11848402298850574,0.010154597701149425,0.0054197701149425286,0.00232448275862069,0.10765540229885058,0.0003618390804597701
2020-09-05,0.11652011494252873,0.08228988505747127,0.005810344827586207,0.003979425287356322,0.0013928735632183907,0.09181862068965517,2.413793103448276e-06
2020-09-06,0.09418494252873563,0.06428425287356322,0.0051410344827586205,0.0032833333333333334,0.001167816091954023,0.08655574712643678,2.1954022988505746e-05
2020-09-07,0.10011080459770115,0.07078183908045978,0.009201149425287356,0.003140919540229885,0.0010644827586206898,0.08021436781609195,0.00013908045977011494
2020-09-08,0.17882942528735632,0.11947137931034482,0.010414137931034483,0.0049382758620689655,0.002276551724137931,0.09586149425287356,0.0004018390804597701
2020-09-09,0.18506620689655173,0.1233203448275862,0.009892298850574712,0.004822298850574712,0.002505862068965517,0.0948748275862069,0.000412183908045977
2020-09-10,0.17743241379310346,0.11460114942528736,0.009441609195402299,0.0045167816091954026,0.002319655172413793,0.09211850574712643,0.0003911494252873563
2020-09-11,0.1942912643678161,0.12309425287356322,0.01018183908045977,0.005492068965517242,0.00239183908045977,0.10296149425287357,0.000395632183908046
2020-09-12,0.12456298850574712,0.08653735632183908,0.005120229885057471,0.0037241379310344828,0.0014194252873563219,0.09197574712643679,3.3333333333333333e-06
2020-09-13,0.09157931034482758,0.06404954022988506,0.004216781609195403,0.002759655172413793,0.0010706896551724138,0.08089758620689655,4.5977011494252875e-07
2020-09-14,0.1844116091954023,0.1224828735632184,0.01028712643678161,0.00474551724137931,0.002285977011494253,0.0919048275862069,0.0004040229885057471
2020-09-15,0.1928825287356322,0.12549494252873564,0.010002873563218391,0.004745747126436782,0.002386551724137931,0.09375850574712644,0.00042482758620689657
2020-09-16,0.19389758620689654,0.12613666666666667,0.010003908045977011,0.0047605747126436785,0.002536781609195402,0.09387448275862069,0.0004018390804597701
2020-09-17,0.19452505747126436,0.1258151724137931,0.009983218390804597,0.004866551724137931,0.002414367816091954,0.09747402298850574,0.0004157471264367816
2020-09-18,0.1983267816091954,0.12451666666666666,0.010420344827586208,0.005541724137931034,0.0023795402298850575,0.10286563218390804,0.0003870114942528736
2020-09-19,0.1306835632183908,0.08648701149425288,0.005376666666666667,0.003977931034482758,0.0014075862068965517,0.09225436781609195,0.00011505747126436781
2020-09-20,0.09512701149425287,0.0642371264367816,0.004479655172413793,0.003026206896551724,0.0010654022988505747,0.08110298850574713,8.735632183908046e-05
2020-09-21,0.18668264367816093,0.12163862068965517,0.010311034482758621,0.004816206896551724,0.00224,0.09063264367816092,0.00040195402298850573
2020-09-22,0.1952303448275862,0.12594,0.010043218390804598,0.0047573563218390805,0.002425632183908046,0.09291379310344827,0.00043919540229885056
2020-09-23,0.19946356321839082,0.1287245977011494,0.010229655172413792,0.004885747126436781,0.0025863218390804596,0.09591586206896552,0.0004264367816091954
2020-09-24,0.19797287356321838,0.12732264367816093,0.01024471264367816,0.004938965517241379,0.002477471264367816,0.09857218390804598,0.0004386206896551724
2020-09-25,0.20248172413793103,0.12769609195402298,0.010632873563218391,0.00572632183908046,0.002440574712643678,0.10489643678160919,0.00042620689655172413
2020-09-26,0.12875206896551725,0.08680425287356322,0.005421724137931035,0.004111609195402299,0.001394022988505747,0.09477172413793103,3.67816091954023e-06
2020-09-27,0.09726195402298851,0.06628551724137931,0.004597011494252874,0.0032735632183908047,0.001090919540229885,0.08403333333333333,5.747126436781609e-07
2020-09-28,0.17117701149425288,0.11323965517241379,0.010306206896551724,0.004969770114942529,0.002031954022988506,0.08656988505747126,0.00038747126436781607
2020-09-29,0.19094988505747126,0.12150977011494253,0.010165977011494253,0.0046568965517241375,0.0023582758620689656,0.0909035632183908,0.0004174712643678161
2020-09-30,0.20009425287356322,0.12662793103448275,0.010255517241379311,0.004823793103448276,0.002462528735632184,0.09456114942528736,0.0004257471264367816
2020-10-01,0.20804114942528737,0.13331712643678162,0.00989448275862069,0.004872413793103448,0.0025642528735632182,0.10006954022988505,0.00046011494252873563
2020-10-02,0.2058174712643678,0.12825206896551725,0.01003344827586207,0.005618735632183908,0.0024857471264367816,0.10244459770114943,0.0004125287356321839
2020-10-03,0.13425747126436782,0.08938781609195402,0.00517448275862069,0.004242183908045977,0.001466551724137931,0.09317528735632184,3.793103448275862e-06
2020-10-04,0.09802643678160919,0.0655871264367816,0.004020229885057471,0.0031801149425287356,0.0011505747126436781,0.08121402298850575,8.74712643678161e-05
2020-10-05,0.19296459770114943,0.12674425287356322,0.010194712643678161,0.004857126436781609,0.00229551724137931,0.09006206896551724,0.0004122988505747126
2020-10-06,0.20212114942528736,0.13071459770114943,0.010085977011494253,0.005034827586206897,0.002468390804597701,0.09228735632183908,0.00044436781609195403
2020-10-07,0.20351919540229885,0.12910701149425288,0.01001367816091954,0.005003908045977012,0.0026467816091954024,0.09366275862068965,0.0004357471264367816
2020-10-08,0.20666724137931033,0.12951379310344827,0.010110229885057472,0.005149655172413793,0.0025245977011494254,0.09721701149425287,0.00044977011494252875
2020-10-09,0.2078251724137931,0.12841057471264367,0.009041724137931034,0.006055862068965517,0.002445287356321839,0.10303494252873563,0.00042528735632183906
2020-10-10,0.13450885057471265,0.08863080459770115,0.00511816091954023,0.004759655172413793,0.0014513793103448276,0.0946867816091954,0.00016436781609195403
2020-10-11,0.0975251724137931,0.06483344827586207,0.003976206896551724,0.003308505747126437,0.0010885057471264367,0.07961701149425288,0.00012057471264367816
2020-10-12,0.14766149425287356,0.08822574712643678,0.008824827586206896,0.004579080459770115,0.0018071264367816092,0.0788483908045977,0.0002571264367816092
2020-10-13,0.19714747126436782,0.12226206896551724,0.008799080459770115,0.0048511494252873565,0.0024033333333333333,0.08800816091954022,0.0004218390804597701
2020-10-14,0.21134275862068966,0.13359264367816093,0.01024977011494253,0.005189425287356322,0.002663103448275862,0.09477333333333333,0.0004547126436781609
2020-10-15,0.21307505747126437,0.13246367816091953,0.010377931034482759,0.005315977011494253,0.002624597701149425,0.09956827586206897,0.00046770114942528736
2020-10-16,0.19210574712643677,0.11196666666666667,0.009631954022988505,0.0054357471264367815,0.0023880459770114944,0.09426494252873563,0.0003868965517241379
2020-10-17,0.13901988505747126,0.08943333333333334,0.00503080459770115,0.004340689655172414,0.0013598850574712644,0.09132402298850574,0.0001825287356321839
2020-10-18,0.10308183908045977,0.06705172413793103,0.003986436781609195,0.0035275862068965516,0.0011491954022988505,0.08646678160919541,0.00012344827586206896
2020-10-19,0.19760379310344828,0.12702689655172414,0.010251264367816091,0.005099770114942529,0.002392183908045977,0.08991241379310345,0.0004103448275862069
2020-10-20,0.20462425287356323,0.1286532183908046,0.009952988505747126,0.004912758620689655,0.0025213793103448278,0.09080655172413793,0.0004435632183908046
2020-10-21,0.20838494252873563,0.13107873563218392,0.009909195402298851,0.005069195402298851,0.002638965517241379,0.0927283908045977,0.00044229885057471265
2020-10-22,0.20979402298850575,0.13105862068965518,0.010193793103448276,0.005260919540229885,0.00257367816091954,0.09713367816091954,0.0004513793103448276
2020-10-23,0.21179172413793104,0.12914252873563217,0.010336896551724139,0.00595,0.00250183908045977,0.10137862068965517,0.0004229885057471264
2020-10-24,0.13627724137931035,0.08909448275862068,0.005013563218390805,0.004445172413793104,0.0014845977011494252,0.09258080459770116,0.0
2020-10-25,0.10172425287356322,0.06578701149425287,0.0038710344827586206,0.003255287356321839,0.0011579310344827587,0.08342620689655172,0.0
2020-10-26,0.1943277011494253,0.12201908045977011,0.009970689655172414,0.005006551724137931,0.002392758620689655,0.08742563218390804,0.00039413793103448277
2020-10-27,0.20864850574712643,0.13148344827586206,0.010046091954022989,0.004981609195402299,0.002513793103448276,0.09073229885057471,0.0004186206896551724
2020-10-28,0.20912091954022988,0.12867241379310346,0.00996,0.004975747126436782,0.002673333333333333,0.09217988505747127,0.0004225287356321839
2020-10-29,0.19598528735632184,0.11349885057471264,0.009401609195402299,0.0047306896551724134,0.0024051724137931036,0.08924896551724137,0.0004067816091954023
2020-10-30,0.20322045977011494,0.11846425287356321,0.009684367816091954,0.005513448275862069,0.0024417241379310344,0.09479068965517241,0.00037586206896551724
2020-10-31,0.1349493103448276,0.0859351724137931,0.00477448275862069,0.003916896551724138,0.001473103448275862,0.08549551724137931,2.2988505747126437e-06
2020-11-01,0.09042241379310345,0.05871494252873563,0.003390229885057471,0.0025979310344827586,0.0011701149425287357,0.0759671264367816,3.4482758620689656e-07
2020-11-02,0.20090896551724138,0.12324850574712644,0.010022758620689656,0.004667701149425287,0.0024283908045977013,0.08875045977011495,0.00040632183908045975
2020-11-03,0.18424275862068965,0.11812758620689655,0.009441379310344828,0.004568850574712644,0.0023466666666666666,0.08282310344827586,0.0003659770114942529
2020-11-04,0.1943090804597701,0.12521310344827585,0.00937367816091954,0.00446183908045977,0.002548735632183908,0.08674747126436781,0.0003963218390804598
2020-11-05,0.20618344827586207,0.12997402298850574,0.009998505747126437,0.004775862068965517,0.0026364367816091956,0.09413689655172414,0.00043597701149425286
2020-11-06,0.21118551724137932,0.12881942528735632,0.010287241379310344,0.005533103448275862,0.0026044827586206897,0.09863988505747126,0.00040758620689655174
2020-11-07,0.14325528735632184,0.08653459770114942,0.005329655172413793,0.004122988505747127,0.001541264367816092,0.09088632183908046,4.022988505747127e-06
2020-11-08,0.1066287356321839,0.06749655172413793,0.004423563218390805,0.0032139080459770114,0.0012039080459770115,0.08345298850574713,9.724137931034482e-05
2020-11-09,0.20144988505747127,0.1277244827586207,0.010538045977011494,0.0048996551724137935,0.0024648275862068966,0.08887540229885058,0.0004093103448275862
2020-11-10,0.21113816091954024,0.1324035632183908,0.010520919540229885,0.004952068965517241,0.0026595402298850573,0.09206482758620689,0.00044229885057471265
2020-11-11,0.18561057471264367,0.11139344827586208,0.009575402298850575,0.004606091954022989,0.002329080459770115,0.08202747126436781,0.00035057471264367815
2020-11-12,0.2042144827586207,0.12116459770114943,0.009906781609195402,0.004641494252873564,0.0025355172413793104,0.0895564367816092,0.00040758620689655174
2020-11-13,0.20881528735632185,0.12203218390804597,0.009914022988505748,0.005187011494252874,0.002534942528735632,0.09437459770114942,0.00038298850574712643
2020-11-14,0.13971,0.08689091954022989,0.004761149425287357,0.0036088505747126436,0.001485977011494253,0.08448609195402298,1.6091954022988506e-06
2020-11-15,0.09435149425287356,0.0607380459770115,0.003557241379310345,0.0024075862068965517,0.001122183908045977,0.06855045977011494,8.011494252873563e-05
2020-11-16,0.20020114942528736,0.12408735632183908,0.010283103448275863,0.004823103448275862,0.0025116091954022987,0.08712494252873564,0.0004059770114942529
2020-11-17,0.20561459770114943,0.12556505747126437,0.009995977011494253,0.004606666666666667,0.0025889655172413794,0.08789931034482759,0.00041195402298850576
2020-11-18,0.20548137931034482,0.12248241379310344,0.009663103448275862,0.004562413793103448,0.002688505747126437,0.08924379310344828,0.0004017241379310345
2020-11-19,0.2020155172413793,0.12148597701149426,0.009731264367816092,0.004611724137931035,0.002503448275862069,0.09200701149425287,0.000405632183908046
2020-11-20,0.2069451724137931,0.12402632183908047,0.010046206896551724,0.0051359770114942525,0.0026373563218390805,0.0969044827586207,0.00039919540229885057
2020-11-21,0.13309850574712645,0.08629896551724138,0.004506206896551724,0.0031857471264367817,0.0015164367816091955,0.08532977011494253,2.1839080459770117e-06
2020-11-22,0.09401873563218391,0.06231310344827586,0.0035654022988505746,0.0023297701149425287,0.0012291954022988505,0.06877563218390804,1.0574712643678162e-05
2020-11-23,0.18925574712643678,0.11554310344827587,0.010079655172413793,0.0046744827586206895,0.0024479310344827586,0.08682459770114942,0.00037045977011494253
2020-11-24,0.19950597701149425,0.12284931034482759,0.010322413793103448,0.004801379310344828,0.0026222988505747126,0.09441942528735632,0.0003913793103448276
2020-11-25,0.19404908045977012,0.1192232183908046,0.010740689655172414,0.005311379310344828,0.00246551724137931,0.09807149425287356,0.0003639080459770115
2020-11-26,0.07497425287356321,0.051079425287356324,0.008341609195402298,0.002344022988505747,0.0013966666666666667,0.0648496551724138,9.735632183908046e-05
2020-11-27,0.14522678160919542,0.09379229885057472,0.008881954022988506,0.0028745977011494254,0.001424712643678161,0.07715091954022989,0.00023517241379310345
2020-11-28,0.11871528735632184,0.07926206896551724,0.004341379310344827,0.0028377011494252874,0.0012422988505747126,0.07460770114942529,0.00013827586206896552
2020-11-29,0.09505448275862069,0.06305149425287357,0.003750344827586207,0.0025170114942528734,0.0010758620689655172,0.07262045977011494,9.494252873563218e-05
2020-11-30,0.16771620689655173,0.0976180459770115,0.00919919540229885,0.004255862068965517,0.0022702298850574712,0.0750187356321839,0.0003488505747126437
2020-12-01,0.1961319540229885,0.12283068965517241,0.008458505747126437,0.0040488505747126435,0.002493448275862069,0.08644471264367816,0.00039448275862068963
2020-12-02,0.19539862068965516,0.11793747126436782,0.008463333333333333,0.004093678160919541,0.002610574712643678,0.08584367816091953,0.00037666666666666664
2020-12-03,0.19954540229885057,0.12301114942528736,0.008631379310344828,0.004254367816091954,0.002636896551724138,0.08819655172413793,0.00038218390804597703
2020-12-04,0.19558942528735632,0.1177748275862069,0.008282988505747126,0.004508965517241379,0.0025241379310344827,0.0891619540229885,0.00035873563218390803
2020-12-05,0.11497011494252873,0.07095770114942529,0.003853793103448276,0.002267471264367816,0.0011667816091954022,0.06581114942528736,0.00011448275862068966
2020-12-06,0.10096471264367816,0.06291149425287357,0.004029310344827586,0.0022588505747126435,0.0011383908045977012,0.06787643678160919,0.00010172413793103448
2020-12-07,0.19041689655172414,0.11871413793103448,0.00894103448275862,0.004240229885057472,0.002462528735632184,0.08387057471264368,0.0003688505747126437
2020-12-08,0.17711413793103448,0.11889770114942529,0.00862448275862069,0.004184252873563219,0.002549080459770115,0.08553011494252874,0.0003660919540229885
2020-12-09,0.19562367816091955,0.11703988505747126,0.008590114942528735,0.004128390804597701,0.0025814942528735634,0.08619379310344828,0.00037160919540229885
2020-12-10,0.20245241379310344,0.12367471264367816,0.008832988505747126,0.00432183908045977,0.0026258620689655174,0.0901616091954023,0.0003845977011494253
2020-12-11,0.20532068965517242,0.12235137931034483,0.00916287356321839,0.004875862068965517,0.002615057471264368,0.09446793103448275,0.0003767816091954023
2020-12-12,0.12544275862068965,0.0809071264367816,0.004803563218390805,0.002772183908045977,0.0014145977011494253,0.0772032183908046,2.2988505747126437e-06
2020-12-13,0.10476310344827586,0.0669412643678161,0.004516436781609195,0.002605632183908046,0.0011733333333333333,0.0757983908045977,9.195402298850575e-06
2020-12-14,0.18207919540229886,0.10983045977011495,0.008621609195402299,0.004144482758620689,0.002452068965517241,0.08320781609195402,0.0003424137931034483
2020-12-15,0.2049871264367816,0.12509045977011493,0.009016781609195402,0.0044048275862068964,0.002693333333333333,0.09414517241379311,0.00038540229885057473
2020-12-16,0.180353908045977,0.09813758620689655,0.007826666666666666,0.003858850574712644,0.0022179310344827585,0.07183977011494252,0.0003332183908045977
2020-12-17,0.12411701149425287,0.060213103448275865,0.0024617241379310344,0.0014398850574712644,0.001142528735632184,0.034172183908045974,0.00018540229885057472
2020-12-18,0.1995016091954023,0.10845827586206896,0.008610114942528736,0.004745632183908046,0.0020157471264367816,0.08463862068965518,0.0003520689655172414
2020-12-19,0.12791114942528736,0.0771019540229885,0.004724252873563218,0.0027835632183908048,0.0013320689655172413,0.07492114942528735,2.8735632183908046e-06
2020-12-20,0.09439827586206896,0.059378505747126435,0.0037467816091954023,0.0021571264367816092,0.0011017241379310345,0.06382229885057471,8.459770114942529e-05
2020-12-21,0.19724540229885057,0.1182171264367816,0.009336206896551725,0.00457632183908046,0.00248816091954023,0.08931597701149425,0.0003728735632183908
2020-12-22,0.20240781609195402,0.12032172413793103,0.009425402298850574,0.004549310344827587,0.0026229885057471266,0.09367528735632184,0.00037402298850574715
2020-12-23,0.20373988505747126,0.12052471264367816,0.009701609195402298,0.004839080459770115,0.002678735632183908,0.09934149425287356,0.0003679310344827586
2020-12-24,0.15085977011494253,0.0945880459770115,0.008707931034482759,0.004471149425287356,0.0018308045977011493,0.0874280459770115,0.0002501149425287356
2020-12-25,0.05577103448275862,0.0361116091954023,0.005902068965517242,0.0016591954022988505,0.0009897701149425286,0.05477551724137931,7.25287356321839e-05
2020-12-26,0.10105402298850574,0.06426563218390804,0.004143333333333333,0.002537471264367816,0.001045287356321839,0.06826379310344828,0.00011655172413793103
2020-12-27,0.08739655172413793,0.05448655172413793,0.003957701149425287,0.002352873563218391,0.0010870114942528736,0.06837494252873563,0.0001035632183908046
2020-12-28,0.17358252873563218,0.10601563218390804,0.009375402298850574,0.004714022988505747,0.0021632183908045976,0.08543735632183908,0.0003479310344827586
2020-12-29,0.1787583908045977,0.10697827586206897,0.009069425287356322,0.004530574712643678,0.0022663218390804596,0.08734068965517242,0.00035597701149425287
2020-12-30,0.18189494252873564,0.10898781609195403,0.009114712643678162,0.004708275862068965,0.0024048275862068964,0.09193551724137931,0.0003436781609195402
2020-12-31,0.14654988505747127,0.09114862068965517,0.008638735632183907,0.0045916091954022985,0.0019732183908045976,0.08095367816091954,0.0002485057471264368
2021-01-01,0.07219905882352941,0.04450447058823529,0.0034090588235294117,0.0017632941176470589,0.0007011764705882353,0.05246470588235294,9.470588235294118e-05
2021-01-02,0.1162844705882353,0.07161011764705882,0.003397529411764706,0.0027222352941176473,0.0012294117647058823,0.07350176470588235,0.00014047058823529412
2021-01-03,0.0768455294117647,0.04868470588235294,0.0024492941176470586,0.0018289411764705883,0.0011464705882352942,0.05841105882352941,8.564705882352941e-05
2021-01-04,0.18329141176470587,0.113482,0.008362117647058824,0.004197529411764706,0.002424941176470588,0.0809464705882353,0.0003835294117647059
2021-01-05,0.18794329411764707,0.11652694117647058,0.008285176470588235,0.004212352941176471,0.002546,0.08336588235294118,0.00039905882352941175
2021-01-06,0.18983870588235294,0.1171909411764706,0.008269294117647059,0.004218470588235294,0.002681764705882353,0.08549164705882353,0.0003835294117647059
2021-01-07,0.18954105882352942,0.11636435294117647,0.008199411764705882,0.004275764705882353,0.002537764705882353,0.08665988235294117,0.0003704705882352941
2021-01-08,0.1904990588235294,0.11555,0.00807635294117647,0.004600235294117647,0.002546,0.08877035294117647,0.00035494117647058825
2021-01-09,0.1165190588235294,0.07570294117647058,0.003172,0.002627294117647059,0.0014144705882352942,0.07421058823529411,9.482352941176471e-05
2021-01-10,0.08977611764705883,0.058992588235294116,0.002794235294117647,0.0021265882352941175,0.001113764705882353,0.06641682352941176,6.976470588235294e-05
2021-01-11,0.18449494117647058,0.11370788235294117,0.008504117647058823,0.0042370588235294115,0.0024810588235294117,0.08330094117647059,0.0003674117647058823
2021-01-12,0.1929915294117647,0.11732694117647059,0.00840035294117647,0.004301529411764706,0.0025438823529411766,0.08598011764705882,0.0003878823529411765
2021-01-13,0.1931355294117647,0.11725247058823529,0.008304823529411766,0.0042927058823529415,0.0026729411764705884,0.08680694117647059,0.00037176470588235296
2021-01-14,0.19381129411764705,0.11973611764705883,0.008345529411764707,0.004400352941176471,0.0025823529411764705,0.08871423529411765,0.00038047058823529413
2021-01-15,0.19142588235294117,0.11550788235294118,0.008256470588235294,0.004826470588235294,0.0025669411764705882,0.09279752941176471,0.0003503529411764706
2021-01-16,0.11664705882352941,0.07595588235294118,0.0031901176470588233,0.002652705882352941,0.0013710588235294119,0.07425117647058824,0.00012929411764705883
2021-01-17,0.09384164705882353,0.059297764705882355,0.002849764705882353,0.0023845882352941175,0.0011623529411764705,0.068326,0.00010705882352941177
2021-01-18,0.15023270588235293,0.09022658823529411,0.00807929411764706,0.0026278823529411765,0.0016616470588235294,0.08108835294117647,0.0002518823529411765
2021-01-19,0.1924605882352941,0.11924894117647059,0.008537058823529411,0.004339411764705882,0.0024763529411764708,0.08661811764705882,0.0003915294117647059
2021-01-20,0.1853029411764706,0.10839658823529412,0.007991176470588236,0.0041485882352941175,0.0022683529411764705,0.08384835294117647,0.0003485882352941176
2021-01-21,0.194452,0.1184755294117647,0.008379411764705882,0.0043532941176470585,0.0023441176470588234,0.08943776470588236,0.0003832941176470588
2021-01-22,0.196706,0.11983341176470588,0.008390235294117646,0.004821294117647059,0.002397058823529412,0.092644,0.00037341176470588236
2021-01-23,0.11735894117647058,0.07290270588235294,0.003287294117647059,0.0026136470588235296,0.001239529411764706,0.0753389411764706,0.00013105882352941177
2021-01-24,0.08719282352941177,0.053906235294117644,0.002820470588235294,0.0021036470588235295,0.0009784705882352942,0.06594376470588235,9.658823529411765e-05
2021-01-25,0.18734917647058824,0.11517494117647059,0.00860364705882353,0.004295176470588235,0.0023518823529411763,0.08557564705882353,0.00037952941176470586
2021-01-26,0.18246505882352942,0.10724458823529412,0.008027882352941176,0.004067529411764706,0.0021311764705882353,0.0768315294117647,0.0003488235294117647
2021-01-27,0.19532682352941177,0.11821082352941177,0.008276823529411765,0.004192352941176471,0.002334235294117647,0.0870769411764706,0.0003644705882352941
2021-01-28,0.19374188235294118,0.11178882352941176,0.008238,0.004354705882352941,0.002369294117647059,0.09042352941176471,0.00037741176470588235
2021-01-29,0.17784470588235293,0.09556047058823529,0.007662117647058824,0.00444235294117647,0.0022408235294117647,0.09178011764705882,0.0003112941176470588
2021-01-30,0.11089588235294118,0.06668670588235294,0.0031343529411764705,0.0024975294117647057,0.0012098823529411765,0.07677058823529412,9.541176470588236e-05
2021-01-31,0.08504152941176471,0.05034647058823529,0.0027165882352941178,0.002062470588235294,0.0010136470588235295,0.067472,7.294117647058823e-05
2021-02-01,0.06861529411764705,0.03967388235294118,0.0010130588235294118,0.0014227058823529412,0.001435529411764706,0.018442235294117648,0.00011223529411764707
2021-02-02,0.11835117647058824,0.0638909411764706,0.0026771764705882353,0.0026185882352941178,0.0009594117647058824,0.036659647058823526,0.00017847058823529412
2021-02-03,0.20030564705882353,0.11172882352941177,0.008125647058823529,0.0042761176470588235,0.0019845882352941178,0.07724870588235294,0.00035964705882352943
2021-02-04,0.210098,0.12162247058823529,0.008393058823529411,0.004422352941176471,0.002391529411764706,0.08731682352941177,0.00039776470588235294
2021-02-05,0.20482529411764705,0.11785588235294117,0.008101882352941176,0.004743764705882353,0.0023689411764705884,0.09012835294117647,0.0003664705882352941
2021-02-06,0.13511494117647058,0.084202,0.003440941176470588,0.002960941176470588,0.0014141176470588235,0.08110764705882353,0.00015058823529411763
2021-02-07,0.07676717647058824,0.04318764705882353,0.0020129411764705884,0.0016550588235294118,0.0008370588235294118,0.04001435294117647,8.658823529411765e-05
2021-02-08,0.19291211764705882,0.11341258823529411,0.008351058823529411,0.004343647058823529,0.002092470588235294,0.08248776470588236,0.00036176470588235294
2021-02-09,0.1960549411764706,0.11674,0.008182117647058824,0.004068470588235294,0.002280705882352941,0.08024529411764705,0.0003674117647058823
2021-02-10,0.2058965882352941,0.12376717647058824,0.008383176470588236,0.004303529411764706,0.0026081176470588237,0.09048094117647058,0.0003863529411764706
2021-02-11,0.20172423529411765,0.11827623529411764,0.00825835294117647,0.00438,0.0023698823529411765,0.08886670588235294,0.0003703529411764706
2021-02-12,0.2007564705882353,0.11357894117647059,0.008485882352941176,0.004968,0.0023723529411764704,0.09457788235294118,0.0003321176470588235
2021-02-13,0.128478,0.07725141176470589,0.0034451764705882354,0.0029948235294117646,0.0013728235294117647,0.07843788235294118,0.00014094117647058823
2021-02-14,0.10094282352941177,0.05639047058823529,0.002752,0.0024104705882352943,0.0009217647058823529,0.06485741176470589,0.00010152941176470588
2021-02-15,0.14336388235294117,0.08546023529411764,0.007723764705882353,0.002563764705882353,0.001345529411764706,0.07551564705882353,0.00020752941176470588
2021-02-16,0.1914738823529412,0.11332035294117647,0.008555058823529412,0.004262823529411765,0.0022501176470588235,0.08543811764705882,0.00037776470588235295
2021-02-17,0.20390117647058822,0.12490717647058823,0.00873164705882353,0.00461235294117647,0.002627764705882353,0.09662741176470588,0.000394
2021-02-18,0.16257482352941177,0.085406,0.006822,0.0037349411764705884,0.0018638823529411764,0.05368552941176471,0.00029658823529411766
2021-02-19,0.18423776470588235,0.09521270588235294,0.007543647058823529,0.004506705882352941,0.001667294117647059,0.07154729411764706,0.00031847058823529414
2021-02-20,0.1306575294117647,0.07991058823529412,0.0036376470588235293,0.003026941176470588,0.0012444705882352941,0.07729941176470588,0.00016247058823529411
2021-02-21,0.09836411764705882,0.06079,0.0029656470588235295,0.002334588235294118,0.001081764705882353,0.07122294117647059,0.00011247058823529412
2021-02-22,0.186124,0.1091075294117647,0.008204823529411764,0.004172705882352941,0.002237058823529412,0.08136564705882353,0.00036223529411764704
2021-02-23,0.20355270588235294,0.12239976470588235,0.008646117647058823,0.0044123529411764706,0.002453176470588235,0.08939411764705882,0.00040070588235294115
2021-02-24,0.2125065882352941,0.1293354117647059,0.00879729411764706,0.004602823529411765,0.0027321176470588237,0.09382211764705882,0.00041717647058823527
2021-02-25,0.21154882352941176,0.12581411764705883,0.008827058823529412,0.004634941176470588,0.002604470588235294,0.09583658823529412,0.00041682352941176473
2021-02-26,0.2144484705882353,0.12533835294117648,0.009023058823529412,0.005224705882352941,0.0025777647058823528,0.10012376470588236,0.0003951764705882353
2021-02-27,0.12622729411764705,0.07480235294117647,0.003394,0.0028536470588235293,0.0013316470588235294,0.08023164705882353,0.00015576470588235294
2021-02-28,0.0953024705882353,0.057828823529411766,0.0027974117647058825,0.0023630588235294117,0.0010482352941176471,0.0729364705882353,0.00011435294117647059
2021-03-01,0.19956164705882354,0.12009847058823529,0.008756470588235294,0.004275176470588235,0.002395176470588235,0.08798929411764705,0.00039211764705882355
2021-03-02,0.20582482352941175,0.12053070588235294,0.008862941176470589,0.004307176470588235,0.002428235294117647,0.08982223529411765,0.0004084705882352941
2021-03-03,0.21722717647058823,0.13166317647058823,0.009267058823529411,0.004664823529411765,0.002685058823529412,0.09395023529411765,0.00041988235294117645
2021-03-04,0.21279341176470587,0.12682776470588236,0.009252,0.004674117647058823,0.0025561176470588237,0.09497458823529412,0.0004065882352941176
2021-03-05,0.2148135294117647,0.12251858823529412,0.00930635294117647,0.005297294117647059,0.0025696470588235294,0.09953776470588235,0.0003847058823529412
2021-03-06,0.13739811764705884,0.08196694117647059,0.0043715294117647055,0.003208941176470588,0.001406,0.08567482352941176,3.529411764705882e-07
2021-03-07,0.10519047058823529,0.06187411764705882,0.003447764705882353,0.0025349411764705883,0.001158,0.07793658823529412,6.823529411764706e-06
2021-03-08,0.20230423529411765,0.12232505882352941,0.009335882352941176,0.004678,0.002433529411764706,0.09031847058823529,0.00039341176470588236
2021-03-09,0.21577270588235295,0.12964564705882353,0.009325764705882353,0.004816941176470588,0.002611764705882353,0.09311905882352942,0.0004237647058823529
2021-03-10,0.2175384705882353,0.12995411764705883,0.009184588235294118,0.004880941176470588,0.002679294117647059,0.09467058823529412,0.0004264705882352941
2021-03-11,0.22140023529411765,0.13029435294117647,0.009458588235294118,0.005005058823529412,0.0026608235294117645,0.09844388235294117,0.0004331764705882353
2021-03-12,0.22523117647058824,0.12851623529411765,0.009694,0.005712117647058823,0.002555764705882353,0.10270752941176471,0.00041258823529411766
2021-03-13,0.14792611764705882,0.085908,0.004525294117647059,0.0037058823529411765,0.0014037647058823528,0.09138164705882353,0.0
2021-03-14,0.10870211764705882,0.06255929411764706,0.003577058823529412,0.002629058823529412,0.0011449411764705882,0.0791964705882353,0.0
2021-03-15,0.20353223529411765,0.12046941176470588,0.009333058823529411,0.004650470588235294,0.0023512941176470586,0.091076,0.000384
2021-03-16,0.21156329411764707,0.12496223529411765,0.009137882352941176,0.00471035294117647,0.0024591764705882355,0.09258776470588236,0.00039929411764705883
2021-03-17,0.2195781176470588,0.12987988235294118,0.009580117647058824,0.004903764705882353,0.002626235294117647,0.09516188235294118,0.0004076470588235294
2021-03-18,0.20836376470588236,0.11993788235294117,0.009003764705882353,0.004692235294117647,0.002384,0.09405623529411765,0.0003862352941176471
2021-03-19,0.22432341176470588,0.12748788235294117,0.009416588235294118,0.005482941176470588,0.0023949411764705884,0.10155141176470588,0.0003918823529411765
2021-03-20,0.15381211764705882,0.09045976470588235,0.004910941176470588,0.0038903529411764707,0.0014774117647058823,0.09267964705882353,0.0
2021-03-21,0.11922188235294118,0.06815976470588235,0.004081529411764706,0.003103529411764706,0.0012185882352941176,0.08654976470588235,0.0
2021-03-22,0.21193388235294117,0.12885188235294118,0.009902470588235294,0.005091882352941176,0.0024031764705882354,0.09276964705882353,0.0004289411764705882
2021-03-23,0.22112635294117647,0.1333534117647059,0.009777176470588235,0.004900470588235294,0.00254,0.09532270588235293,0.00043847058823529413
2021-03-24,0.21506870588235294,0.1265844705882353,0.009363529411764706,0.004741294117647059,0.0025471764705882354,0.09344882352941176,0.00042094117647058823
2021-03-25,0.22656094117647058,0.13270164705882354,0.009830117647058824,0.005188823529411765,0.0025603529411764706,0.09972152941176471,0.0004408235294117647
2021-03-26,0.2280289411764706,0.1284415294117647,0.00993364705882353,0.0058269411764705886,0.0024476470588235292,0.10187882352941176,0.000416
2021-03-27,0.16167835294117647,0.09199776470588235,0.00558635294117647,0.004506,0.0015176470588235294,0.09901117647058824,0.0
2021-03-28,0.09497023529411765,0.05411164705882353,0.0033349411764705883,0.0024705882352941176,0.0010710588235294117,0.07080705882352942,0.0
2021-03-29,0.20496023529411764,0.11795258823529411,0.010172588235294117,0.005204705882352941,0.002181529411764706,0.08984082352941176,0.00039741176470588235
2021-03-30,0.22135729411764707,0.126986,0.010736235294117647,0.005479294117647059,0.0024728235294117647,0.09907694117647059,0.00044776470588235297
2021-03-31,0.21277011764705883,0.1171615294117647,0.00998235294117647,0.005171058823529411,0.0023969411764705882,0.09800611764705883,0.0004148235294117647
2021-04-01,0.21668411764705883,0.12120105882352941,0.00909235294117647,0.004525411764705882,0.0024105882352941175,0.10076070588235295,0.000404
2021-04-02,0.206788,0.11271588235294118,0.00938470588235294,0.005800941176470589,0.0022163529411764705,0.09944141176470589,0.0003611764705882353
2021-04-03,0.1551130588235294,0.08831552941176471,0.005607294117647058,0.004436,0.001498235294117647,0.09172952941176471,0.0001768235294117647
2021-04-04,0.1117875294117647,0.06115435294117647,0.004808,0.0036085882352941178,0.0013684705882352941,0.08822470588235294,0.00012541176470588235
2021-04-05,0.21396505882352942,0.12808823529411764,0.010240941176470588,0.005430117647058823,0.0023494117647058824,0.0979104705882353,0.0004036470588235294
2021-04-06,0.22849388235294119,0.13589423529411765,0.010089058823529411,0.0053150588235294114,0.0025523529411764704,0.09886482352941177,0.00045564705882352943
2021-04-07,0.2335729411764706,0.13792494117647058,0.010056352941176471,0.005382,0.0027610588235294116,0.1010109411764706,0.0004481176470588235
2021-04-08,0.23687211764705882,0.1385685882352941,0.010201764705882353,0.0055363529411764706,0.0026563529411764704,0.10327458823529412,0.000458
2021-04-09,0.23843811764705883,0.13462482352941177,0.010241294117647059,0.00617,0.0025856470588235293,0.1053210588235294,0.00043364705882352944
2021-04-10,0.16367588235294117,0.09294388235294118,0.005407294117647059,0.004309294117647059,0.0014956470588235295,0.09671905882352941,0.00017647058823529413
2021-04-11,0.10584070588235295,0.059342,0.0037687058823529414,0.002698,0.0011461176470588235,0.07840411764705882,0.00012
2021-04-12,0.21715717647058824,0.12797635294117646,0.00977929411764706,0.005125058823529411,0.002493176470588235,0.09334141176470588,0.0004021176470588235
2021-04-13,0.23672388235294117,0.14074764705882353,0.01025670588235294,0.005429411764705882,0.0026738823529411765,0.0979390588235294,0.00045611764705882354
2021-04-14,0.2374265882352941,0.1411710588235294,0.010199764705882353,0.005643529411764706,0.002760235294117647,0.10030658823529412,0.0004482352941176471
2021-04-15,0.2243215294117647,0.1274215294117647,0.009619058823529411,0.005197058823529411,0.0024938823529411765,0.09673023529411764,0.0004227058823529412
2021-04-16,0.24457129411764705,0.13617729411764706,0.01025764705882353,0.006394705882352941,0.0025449411764705884,0.10467188235294117,0.0004224705882352941
2021-04-17,0.16765129411764707,0.094512,0.005870705882352941,0.004681058823529411,0.0015662352941176471,0.09566611764705882,0.0
2021-04-18,0.12735329411764706,0.07145094117647059,0.004501529411764706,0.003645058823529412,0.001278235294117647,0.08864070588235294,0.0
2021-04-19,0.2248618823529412,0.13505611764705883,0.010254941176470588,0.005402941176470589,0.002502823529411765,0.0960635294117647,0.0004275294117647059
2021-04-20,0.24499941176470588,0.14395788235294119,0.010592235294117647,0.005776470588235294,0.002768,0.10123658823529412,0.0004864705882352941
2021-04-21,0.23128494117647058,0.13408964705882354,0.009827411764705883,0.0053238823529411766,0.0026328235294117647,0.09746435294117647,0.0004456470588235294
2021-04-22,0.24002729411764706,0.1372184705882353,0.010188941176470588,0.005504705882352941,0.002568470588235294,0.102538,0.00045141176470588236
2021-04-23,0.24957058823529413,0.13931682352941177,0.010921647058823529,0.006606470588235294,0.0025923529411764706,0.1083044705882353,0.0004396470588235294
2021-04-24,0.17883023529411765,0.09519564705882352,0.0060670588235294115,0.005085529411764706,0.001570705882352941,0.100584,0.0
2021-04-25,0.1158855294117647,0.06364576470588235,0.0040063529411764704,0.002806470588235294,0.001150235294117647,0.08186623529411764,0.0
2021-04-26,0.2300435294117647,0.1361074117647059,0.010506235294117648,0.005500235294117647,0.0024803529411764704,0.09724764705882354,0.0004424705882352941
2021-04-27,0.24019976470588236,0.14097635294117647,0.010473882352941177,0.005565882352941177,0.002659176470588235,0.09879858823529412,0.00047294117647058825
2021-04-28,0.25126976470588236,0.14444435294117647,0.010841176470588236,0.005883647058823529,0.002872,0.10455564705882353,0.00047376470588235295
2021-04-29,0.23864988235294118,0.13718776470588234,0.010435882352941177,0.005621764705882353,0.0026118823529411766,0.10271023529411764,0.00045658823529411765
2021-04-30,0.254056,0.1394495294117647,0.011003529411764705,0.006748705882352941,0.0026261176470588235,0.10855529411764706,0.00043517647058823527
2021-05-01,0.17826011764705882,0.09631235294117647,0.006007882352941176,0.00487,0.0015603529411764706,0.09995682352941176,0.0
2021-05-02,0.13570247058823529,0.07294858823529411,0.004920823529411765,0.003845058823529412,0.001357764705882353,0.09527823529411765,0.0
2021-05-03,0.2318835294117647,0.13711823529411765,0.010715764705882353,0.005388235294117647,0.002528470588235294,0.09747129411764706,0.0004404705882352941
2021-05-04,0.24942011764705882,0.14438235294117646,0.010953764705882352,0.005813529411764706,0.0027014117647058823,0.10012223529411765,0.0004918823529411765
2021-05-05,0.24406388235294119,0.13628764705882354,0.010822823529411765,0.005688352941176471,0.0027336470588235295,0.09905505882352941,0.00045305882352941176
2021-05-06,0.25881682352941177,0.1480630588235294,0.011087529411764706,0.006205647058823529,0.002799058823529412,0.10654164705882353,0.0004903529411764706
2021-05-07,0.263298,0.14385188235294116,0.011957294117647059,0.007232588235294117,0.0026741176470588233,0.1102055294117647,0.00045023529411764707
2021-05-08,0.16996164705882352,0.09166917647058824,0.006624588235294117,0.005019294117647058,0.001569294117647059,0.10048894117647059,0.0
2021-05-09,0.13033858823529412,0.06776470588235294,0.006361647058823529,0.004446470588235294,0.0016349411764705881,0.10056576470588235,0.00010070588235294118
2021-05-10,0.23412223529411766,0.13518929411764705,0.011389764705882353,0.005892941176470589,0.002441294117647059,0.09936035294117647,0.00045294117647058825
2021-05-11,0.25274376470588233,0.14492776470588234,0.011453882352941177,0.006069176470588235,0.0026765882352941177,0.10272658823529411,0.0004972941176470588
2021-05-12,0.2567384705882353,0.1457635294117647,0.011638823529411764,0.006299764705882353,0.0028171764705882353,0.10439776470588236,0.0004932941176470588
2021-05-13,0.25447670588235294,0.13909964705882352,0.012123176470588234,0.006536235294117647,0.002757529411764706,0.1080304705882353,0.0004837647058823529
2021-05-14,0.26670282352941177,0.14354258823529412,0.012339411764705882,0.007458117647058823,0.0026396470588235296,0.11141929411764706,0.0004662352941176471
2021-05-15,0.1926154117647059,0.09930541176470588,0.007421058823529412,0.005811882352941176,0.0015901176470588235,0.1048910588235294,1.2941176470588235e-06
2021-05-16,0.1414004705882353,0.07314705882352941,0.005784235294117647,0.004262,0.0013014117647058823,0.0957855294117647,1.6470588235294118e-06
2021-05-17,0.2379510588235294,0.13623058823529413,0.01158329411764706,0.006212117647058824,0.0024445882352941177,0.09529623529411765,0.00046941176470588237
2021-05-18,0.2529469411764706,0.14302070588235294,0.01181529411764706,0.006461176470588235,0.0026314117647058826,0.09862435294117647,0.0005083529411764706
2021-05-19,0.265594,0.14747976470588237,0.012324941176470589,0.006688352941176471,0.0027981176470588233,0.10772282352941176,0.0005137647058823529
2021-05-20,0.2669965882352941,0.14634882352941175,0.012541647058823529,0.006755882352941177,0.0027834117647058823,0.10960694117647059,0.0005224705882352942
2021-05-21,0.2743383529411765,0.14371658823529412,0.012950235294117648,0.007915647058823529,0.0026494117647058823,0.1135915294117647,0.0005016470588235294
2021-05-22,0.19356094117647057,0.09880905882352942,0.007799176470588236,0.006029294117647059,0.0015761176470588235,0.10719388235294118,0.00021023529411764706
2021-05-23,0.14928564705882352,0.07593717647058823,0.006824117647058823,0.004778,0.0013841176470588234,0.10420470588235294,0.00015976470588235293
2021-05-24,0.24927964705882352,0.1402885882352941,0.012415058823529411,0.006491647058823529,0.0025368235294117645,0.10234588235294118,0.000500235294117647
2021-05-25,0.26717,0.14752917647058825,0.01304364705882353,0.006910235294117647,0.002688705882352941,0.1061855294117647,0.0005509411764705882
2021-05-26,0.26775082352941176,0.14600611764705881,0.013476235294117647,0.0070132941176470585,0.002775764705882353,0.10836282352941176,0.0005210588235294118
2021-05-27,0.2767081176470588,0.14661988235294118,0.013799176470588235,0.007394352941176471,0.0027588235294117645,0.11422588235294118,0.0005434117647058823
2021-05-28,0.26265870588235296,0.13357282352941177,0.013268235294117647,0.00777035294117647,0.002531764705882353,0.10961882352941177,0.00047611764705882354
2021-05-29,0.16119235294117648,0.07625788235294118,0.006444,0.004575764705882353,0.0013804705882352942,0.08763058823529411,0.00015670588235294118
2021-05-30,0.12531482352941176,0.057042823529411764,0.005108,0.0035378823529411763,0.001179764705882353,0.07812105882352942,0.00011247058823529412
2021-05-31,0.16348835294117647,0.08268247058823529,0.01203435294117647,0.005063411764705882,0.0012211764705882353,0.08896317647058824,0.00019423529411764705
2021-06-01,0.26574482352941176,0.14472082352941176,0.013501058823529411,0.011167411764705882,0.002624470588235294,0.106788,0.0005535294117647059
2021-06-02,0.27573470588235294,0.14695317647058823,0.013235647058823529,0.010684823529411764,0.002861764705882353,0.10710411764705882,0.0005614117647058823
2021-06-03,0.26281376470588236,0.13448929411764707,0.01208835294117647,0.009978235294117647,0.0027089411764705884,0.10535576470588236,0.0005198823529411764
2021-06-04,0.2717684705882353,0.13651,0.01230164705882353,0.010459764705882352,0.0026756470588235296,0.10949917647058824,0.0005068235294117647
2021-06-05,0.2108475294117647,0.10288764705882353,0.008567882352941177,0.0073749411764705885,0.0017218823529411764,0.11138329411764705,0.0
2021-06-06,0.1603934117647059,0.07703294117647058,0.00727835294117647,0.006055176470588236,0.001472235294117647,0.1084504705882353,0.0
2021-06-07,0.2615605882352941,0.14126317647058823,0.013187882352941176,0.010519058823529413,0.002530705882352941,0.10555388235294118,0.0005115294117647059
2021-06-08,0.2665401176470588,0.13827470588235294,0.012746588235294117,0.01035129411764706,0.002699764705882353,0.10333835294117646,0.0005365882352941177
2021-06-09,0.2807089411764706,0.14811823529411763,0.012696235294117647,0.01066364705882353,0.002808,0.10688976470588235,0.0005395294117647058
2021-06-10,0.2910374117647059,0.15022364705882352,0.013321882352941176,0.010743882352941176,0.002764470588235294,0.11191458823529411,0.0005648235294117647
2021-06-11,0.2903832941176471,0.143704,0.013912823529411764,0.011125411764705882,0.002744,0.11397211764705882,0.000514235294117647
2021-06-12,0.20888682352941176,0.09990329411764706,0.008022117647058824,0.007231529411764706,0.0017,0.10815505882352941,0.0
2021-06-13,0.16234811764705884,0.07616294117647059,0.006963058823529412,0.006083764705882353,0.001417294117647059,0.1043644705882353,0.0
2021-06-14,0.26155129411764705,0.1384378823529412,0.013559294117647058,0.010713411764705883,0.0025374117647058822,0.10226294117647058,0.0004947058823529412
2021-06-15,0.2905629411764706,0.15025917647058823,0.013832941176470588,0.011375058823529412,0.00276,0.10799211764705882,0.0005794117647058823
2021-06-16,0.2964051764705882,0.15153411764705882,0.014024117647058824,0.01114,0.002916235294117647,0.11128882352941176,0.000558235294117647
2021-06-17,0.30029376470588237,0.15077082352941176,0.014303529411764706,0.011580588235294117,0.002740235294117647,0.11452764705882353,0.0005869411764705883
2021-06-18,0.30258976470588234,0.1453735294117647,0.01445270588235294,0.012271058823529411,0.002646,0.11638776470588236,0.0005351764705882353
2021-06-19,0.2099190588235294,0.09900223529411764,0.009000941176470588,0.007780470588235294,0.0016410588235294117,0.11211105882352941,0.0
2021-06-20,0.16345317647058824,0.07677141176470588,0.009055176470588235,0.007161882352941177,0.0015516470588235293,0.11195658823529411,0.0
2021-06-21,0.26639623529411766,0.1402169411764706,0.014578588235294117,0.011263529411764705,0.0024131764705882354,0.1089764705882353,0.0005412941176470589
2021-06-22,0.2770438823529412,0.13789529411764706,0.013666470588235294,0.01148670588235294,0.002622705882352941,0.10551388235294118,0.0005468235294117647
2021-06-23,0.299696,0.14871705882352942,0.01433729411764706,0.011984,0.002849764705882353,0.11139647058823529,0.0005914117647058824
2021-06-24,0.3003104705882353,0.14692270588235293,0.014299058823529411,0.011824588235294118,0.002687294117647059,0.11510011764705882,0.0005935294117647059
2021-06-25,0.3038485882352941,0.142838,0.014908470588235294,0.011827882352941176,0.002635294117647059,0.11631470588235295,0.0005543529411764706
2021-06-26,0.21813870588235293,0.09901,0.009007058823529411,0.007851529411764705,0.0015905882352941177,0.11177482352941176,0.00019788235294117647
2021-06-27,0.1835255294117647,0.07717694117647059,0.00883035294117647,0.007342470588235294,0.001398,0.10588694117647059,0.00016894117647058823
2021-06-28,0.26498376470588236,0.13553164705882353,0.014383882352941177,0.011939058823529412,0.0024121176470588237,0.10879294117647059,0.0005369411764705882
2021-06-29,0.275734,0.13756094117647058,0.014041764705882353,0.011509294117647059,0.0025425882352941177,0.1094130588235294,0.0005549411764705882
2021-06-30,0.2760456470588235,0.13410423529411764,0.014042117647058823,0.011700588235294117,0.002706,0.11127317647058824,0.0005265882352941177
2021-07-01,0.26970129411764704,0.1299430588235294,0.013454470588235293,0.010590352941176471,0.002589529411764706,0.10983976470588236,0.0005409411764705882
2021-07-02,0.27012282352941175,0.131896,0.013710823529411765,0.011088470588235293,0.0025281176470588235,0.10825741176470588,0.0005009411764705882
2021-07-03,0.18141035294117647,0.086834,0.007509058823529412,0.006750705882352941,0.0014912941176470588,0.09144258823529412,0.000208
2021-07-04,0.17276588235294119,0.07235305882352941,0.008254705882352942,0.007523294117647059,0.001507764705882353,0.09101517647058824,0.0002135294117647059
2021-07-05,0.17596576470588235,0.090626,0.00922,0.007024823529411765,0.0012121176470588236,0.09859847058823529,0.00023588235294117648
2021-07-06,0.2708237647058824,0.13899011764705882,0.015046235294117647,0.011822823529411764,0.002664470588235294,0.10632670588235293,0.000551764705882353
2021-07-07,0.2867134117647059,0.14524905882352943,0.014423882352941177,0.011663176470588236,0.002780823529411765,0.10901576470588235,0.0005915294117647059
2021-07-08,0.2781470588235294,0.13700152941176472,0.013679294117647059,0.01096435294117647,0.0026989411764705884,0.10563035294117647,0.0005629411764705882
2021-07-09,0.2727514117647059,0.1312904705882353,0.012872941176470589,0.010393764705882352,0.0024272941176470587,0.10458023529411764,0.0005088235294117647
2021-07-10,0.20961376470588236,0.10069505882352942,0.008584,0.007579882352941177,0.001708,0.10893529411764706,0.00025929411764705884
2021-07-11,0.16068870588235293,0.074766,0.007359882352941176,0.006256235294117647,0.0013794117647058823,0.09773823529411765,0.00018223529411764706
2021-07-12,0.26416611764705883,0.137826,0.014176823529411764,0.011649764705882353,0.002426235294117647,0.1019095294117647,0.0005368235294117647
2021-07-13,0.28912070588235295,0.14577,0.014514470588235294,0.012389882352941176,0.0026218823529411766,0.10537705882352941,0.000602
2021-07-14,0.29619,0.1482404705882353,0.014171176470588236,0.011981529411764705,0.0027837647058823528,0.10814270588235295,0.0005903529411764706
2021-07-15,0.3037155294117647,0.15009952941176471,0.014774941176470588,0.012373058823529412,0.002796705882352941,0.11424094117647059,0.0006128235294117647
2021-07-16,0.2984198823529412,0.14342564705882352,0.014525294117647058,0.012274235294117647,0.002556470588235294,0.11574658823529411,0.000544235294117647
2021-07-17,0.20205647058823528,0.09357023529411765,0.00858835294117647,0.007589764705882353,0.0015562352941176471,0.1055295294117647,0.0
2021-07-18,0.16533458823529412,0.07536682352941176,0.007924941176470588,0.006608705882352941,0.0013309411764705883,0.09865929411764705,0.0
2021-07-19,0.27385364705882353,0.14221082352941178,0.01490035294117647,0.012165058823529412,0.0023854117647058824,0.10556447058823529,0.0005549411764705882
2021-07-20,0.28964729411764706,0.14327082352941176,0.014801058823529412,0.01258929411764706,0.0026132941176470587,0.10876411764705882,0.00059
2021-07-21,0.29465505882352944,0.14418764705882353,0.01429764705882353,0.01233670588235294,0.00269,0.1076355294117647,0.0005804705882352942
2021-07-22,0.3037824705882353,0.15056211764705882,0.014973529411764707,0.01203235294117647,0.002720235294117647,0.11335211764705883,0.0006102352941176471
2021-07-23,0.3002741176470588,0.14344176470588235,0.015349882352941177,0.011890588235294118,0.0026251764705882354,0.11590564705882353,0.0005544705882352941
2021-07-24,0.21792964705882353,0.10073529411764706,0.009982588235294118,0.008068117647058823,0.001652,0.1118315294117647,0.0
2021-07-25,0.16056823529411765,0.07360529411764706,0.007813764705882353,0.006245882352941177,0.0013434117647058823,0.1016895294117647,0.0
2021-07-26,0.27275941176470586,0.14342764705882352,0.015279411764705882,0.011912941176470588,0.0023423529411764708,0.10673,0.0005545882352941177
2021-07-27,0.2926996470588235,0.1491534117647059,0.015089647058823529,0.012111764705882353,0.0026598823529411764,0.10810682352941177,0.0006037647058823529
2021-07-28,0.2982065882352941,0.1501524705882353,0.014913764705882354,0.011761882352941176,0.002722941176470588,0.10965811764705882,0.0005887058823529412
2021-07-29,0.2857369411764706,0.1396049411764706,0.014155058823529411,0.011143058823529412,0.002607529411764706,0.10804470588235295,0.000558
2021-07-30,0.30090317647058823,0.14536741176470588,0.015518235294117647,0.012180117647058824,0.0026031764705882355,0.11630541176470588,0.0005661176470588235
2021-07-31,0.2165890588235294,0.10086270588235294,0.010043647058823529,0.007896588235294117,0.0016390588235294119,0.11217,0.0
2021-08-01,0.15897576470588234,0.07411329411764705,0.007768235294117647,0.006115058823529412,0.0013678823529411765,0.10224611764705882,0.0
2021-08-02,0.2745791764705882,0.1421745882352941,0.014841294117647058,0.012041058823529412,0.002332235294117647,0.10629576470588235,0.0005645882352941176
2021-08-03,0.292212,0.14847564705882352,0.014582235294117648,0.012146941176470588,0.0026856470588235296,0.10644152941176471,0.0006190588235294118
2021-08-04,0.2975296470588235,0.1479854117647059,0.014552941176470588,0.011686117647058824,0.002777764705882353,0.10836094117647059,0.0005901176470588235
2021-08-05,0.29755176470588235,0.14815670588235294,0.014117529411764706,0.011563529411764705,0.00266,0.11250658823529412,0.0005996470588235294
2021-08-06,0.2964051764705882,0.14380505882352942,0.014498588235294117,0.011908,0.0026092941176470586,0.1152744705882353,0.0005294117647058823
2021-08-07,0.20946564705882353,0.0984370588235294,0.009039411764705883,0.007913764705882353,0.001659764705882353,0.10867658823529412,0.0
2021-08-08,0.15692764705882353,0.07042047058823529,0.007184235294117647,0.006384117647058823,0.001404,0.099234,0.0
2021-08-09,0.26934517647058825,0.13918235294117648,0.012925294117647059,0.011246941176470588,0.0024164705882352942,0.10488529411764706,0.00057
2021-08-10,0.2873169411764706,0.14654941176470587,0.014416941176470589,0.01121529411764706,0.002715176470588235,0.10653035294117646,0.0005925882352941176
2021-08-11,0.2912881176470588,0.14662423529411764,0.014083294117647058,0.011145529411764705,0.0027456470588235293,0.1095604705882353,0.000579764705882353
2021-08-12,0.28806929411764703,0.14396070588235294,0.01408435294117647,0.010684470588235294,0.002638470588235294,0.11359741176470588,0.0005604705882352941
2021-08-13,0.2858943529411765,0.1399324705882353,0.014570470588235294,0.010807176470588235,0.0025101176470588237,0.11457447058823529,0.000532
2021-08-14,0.20214376470588236,0.09550894117647059,0.00890164705882353,0.00678235294117647,0.0015478823529411765,0.10644470588235294,0.0
2021-08-15,0.16830823529411765,0.07784764705882354,0.008586235294117646,0.006395529411764706,0.0014582352941176471,0.10803388235294117,0.0
2021-08-16,0.2691325882352941,0.13767247058823529,0.014581411764705883,0.011795058823529412,0.0023631764705882353,0.10715047058823529,0.0005610588235294118
2021-08-17,0.28560129411764706,0.14230976470588236,0.01420435294117647,0.012190117647058824,0.0026170588235294116,0.10696235294117647,0.000597764705882353
2021-08-18,0.28772211764705885,0.14244235294117646,0.013790117647058824,0.011512117647058824,0.0026723529411764708,0.10798494117647059,0.0005738823529411765
2021-08-19,0.28701458823529413,0.14051470588235293,0.013812823529411765,0.010945411764705882,0.0025691764705882353,0.11048058823529412,0.0005730588235294118
2021-08-20,0.2889804705882353,0.13921270588235293,0.014662,0.011709764705882354,0.0025236470588235293,0.11409576470588235,0.00054
2021-08-21,0.20176823529411764,0.09674588235294118,0.008569764705882353,0.007293764705882353,0.0015348235294117647,0.11074482352941177,0.00016576470588235294
2021-08-22,0.08767529411764706,0.043440705882352944,0.0032385882352941177,0.0018965882352941176,0.0009387058823529412,0.05756870588235294,6.588235294117646e-05
2021-08-23,0.2414904705882353,0.1215049411764706,0.012941529411764706,0.009908588235294117,0.002212823529411765,0.09666517647058824,0.00047788235294117645
2021-08-24,0.28969,0.1452804705882353,0.015363647058823529,0.01156764705882353,0.0026681176470588234,0.11093352941176471,0.0005930588235294118
2021-08-25,0.29391235294117646,0.145452,0.014987294117647059,0.010977294117647059,0.002747176470588235,0.1125924705882353,0.0006076470588235294
2021-08-26,0.29178082352941176,0.14388188235294117,0.014360823529411764,0.010710470588235294,0.002596235294117647,0.1118275294117647,0.0005876470588235294
2021-08-27,0.2809658823529412,0.1349704705882353,0.014078235294117647,0.010650823529411765,0.0024954117647058823,0.11451,0.0005167058823529412
2021-08-28,0.19522752941176472,0.09135164705882352,0.008116235294117646,0.0066127058823529416,0.0015011764705882354,0.10474035294117646,0.00019541176470588235
2021-08-29,0.16453717647058824,0.07415070588235294,0.008097882352941177,0.006360941176470588,0.0013597647058823529,0.10476529411764705,0.00024423529411764705
2021-08-30,0.27305882352941174,0.13916564705882353,0.015479294117647058,0.011422588235294118,0.0022616470588235293,0.10718882352941177,0.0005523529411764706
2021-08-31,0.2979510588235294,0.14664270588235295,0.015722470588235293,0.011758705882352942,0.0026734117647058825,0.11013894117647059,0.0006341176470588235
2021-09-01,0.2699350588235294,0.12778211764705882,0.013933764705882352,0.010658588235294118,0.002456235294117647,0.095418,0.0005354117647058823
2021-09-02,0.19547741176470587,0.1398754117647059,0.012429058823529411,0.004458588235294118,0.0024916470588235294,0.10013470588235295,0.00030823529411764703
2021-09-03,0.2812225882352941,0.14372564705882354,0.016447882352941177,0.011522,0.0026570588235294117,0.11938894117647059,0.0005235294117647059
2021-09-04,0.209134,0.09817129411764706,0.009972235294117646,0.006722,0.0015743529411764705,0.1091009411764706,0.0002475294117647059
2021-09-05,0.166512,0.0727790588235294,0.008353411764705882,0.005314,0.0014036470588235294,0.09790588235294118,0.00018129411764705882
2021-09-06,0.17898682352941175,0.08634670588235294,0.009165411764705882,0.006039764705882353,0.001185529411764706,0.09563341176470588,0.00023129411764705881
2021-09-07,0.26278517647058824,0.12969082352941178,0.01619094117647059,0.013381411764705883,0.0024874117647058825,0.10616470588235294,0.0005641176470588236
2021-09-08,0.29760223529411767,0.1403405882352941,0.01596729411764706,0.01305,0.0026298823529411763,0.10541411764705882,0.0006150588235294118
2021-09-09,0.31796623529411766,0.14698129411764707,0.016417294117647058,0.013142117647058823,0.002782705882352941,0.10718117647058824,0.0006327058823529412
2021-09-10,0.33416976470588233,0.15558,0.01775235294117647,0.013352352941176471,0.002710235294117647,0.117116,0.0006325882352941176
2021-09-11,0.23330482352941176,0.102446,0.009674705882352941,0.007685764705882353,0.0015376470588235294,0.10796517647058823,0.0002567058823529412
2021-09-12,0.187056,0.08171305882352942,0.009062117647058823,0.0069387058823529415,0.0014398823529411765,0.10586635294117647,0.00019752941176470588
2021-09-13,0.3356230588235294,0.16959011764705884,0.01739164705882353,0.014412235294117648,0.002576235294117647,0.10762670588235294,0.0007215294117647059
2021-09-14,0.3542676470588235,0.17778176470588236,0.017047529411764704,0.014180235294117646,0.0027214117647058824,0.10682635294117647,0.0007849411764705882
2021-09-15,0.3514510588235294,0.17689729411764707,0.016462,0.01369564705882353,0.002819529411764706,0.10643917647058823,0.0007541176470588235
2021-09-16,0.29818176470588237,0.14236105882352942,0.015058235294117647,0.012668235294117647,0.0024501176470588235,0.10169564705882353,0.0006244705882352941
2021-09-17,0.35629941176470586,0.17131776470588236,0.01672,0.014041058823529412,0.0027390588235294117,0.11553941176470588,0.0007212941176470588
2021-09-18,0.2370409411764706,0.10249117647058824,0.009090235294117647,0.008975058823529412,0.0016534117647058824,0.111668,0.00030376470588235294
2021-09-19,0.1878615294117647,0.07929694117647058,0.00816435294117647,0.0075457647058823525,0.0014837647058823528,0.10760270588235295,0.0002231764705882353
2021-09-20,0.33920129411764705,0.17431482352941177,0.017419764705882353,0.014364823529411765,0.0025751764705882352,0.10530694117647059,0.0007703529411764706
2021-09-21,0.3550955294117647,0.17715329411764705,0.01678494117647059,0.014579176470588236,0.0026351764705882354,0.10118235294117647,0.0008232941176470588
2021-09-22,0.3554250588235294,0.17720129411764707,0.01645329411764706,0.014124235294117648,0.0027243529411764707,0.10269211764705882,0.0008014117647058823
2021-09-23,0.354836,0.17447941176470588,0.016485529411764704,0.013585058823529412,0.0027095294117647057,0.10767035294117647,0.0007910588235294117
2021-09-24,0.3672643529411765,0.1729064705882353,0.016803176470588235,0.013732941176470588,0.002581294117647059,0.11608164705882353,0.0007404705882352942
2021-09-25,0.2505284705882353,0.10264588235294117,0.010407058823529412,0.009562588235294118,0.0016363529411764705,0.1121915294117647,0.00031988235294117646
2021-09-26,0.189962,0.07732435294117647,0.009419882352941177,0.00763964705882353,0.001415764705882353,0.10532776470588236,0.00026329411764705883
2021-09-27,0.33804329411764705,0.17522835294117647,0.017194588235294118,0.014298117647058824,0.0024951764705882355,0.10366070588235295,0.00079
2021-09-28,0.34443705882352943,0.17146129411764705,0.016610352941176472,0.013912117647058823,0.0025561176470588237,0.09778729411764706,0.0008031764705882353
2021-09-29,0.36043764705882353,0.17802164705882353,0.016174470588235294,0.014121411764705882,0.0027438823529411763,0.10432764705882352,0.0007987058823529412
2021-09-30,0.3702189411764706,0.1783624705882353,0.01703976470588235,0.01433435294117647,0.0027711764705882352,0.11217658823529411,0.0008357647058823529
2021-10-01,0.37210364705882354,0.17564023529411765,0.016470941176470588,0.013668470588235294,0.0027174117647058823,0.11597482352941177,0.0007441176470588235
2021-10-02,0.2427835294117647,0.1039884705882353,0.010183882352941176,0.009523058823529412,0.0016641176470588235,0.10864176470588235,0.00030141176470588235
2021-10-03,0.18538094117647058,0.07920623529411765,0.008806,0.007853882352941176,0.0015218823529411765,0.10441647058823529,0.000224
2021-10-04,0.33698223529411764,0.16695941176470588,0.01795270588235294,0.014265411764705882,0.002564,0.10258176470588236,0.0007754117647058823
2021-10-05,0.36366588235294117,0.17644317647058824,0.01767364705882353,0.014667058823529412,0.0027816470588235293,0.10436811764705882,0.0008267058823529412
2021-10-06,0.36952776470588233,0.18031388235294118,0.017604705882352942,0.014482,0.0029031764705882354,0.10752858823529411,0.000820235294117647
2021-10-07,0.375382,0.17919623529411766,0.017655529411764705,0.014283176470588235,0.002890705882352941,0.11190729411764706,0.0008585882352941176
2021-10-08,0.3727615294117647,0.1734014117647059,0.018088823529411765,0.014542235294117647,0.0027477647058823528,0.11778941176470588,0.0007835294117647059
2021-10-09,0.241494,0.10074211764705883,0.009956588235294118,0.009643411764705883,0.001604,0.10816282352941177,5.529411764705882e-06
2021-10-10,0.17639823529411763,0.0708024705882353,0.0077218823529411765,0.006946941176470588,0.0013875294117647059,0.09482647058823529,1.952941176470588e-05
2021-10-11,0.26630764705882354,0.12304294117647059,0.015495764705882353,0.01346564705882353,0.0019902352941176473,0.10334623529411764,0.0004568235294117647
2021-10-12,0.3650445882352941,0.17818917647058824,0.018188470588235296,0.01508164705882353,0.0028056470588235295,0.107134,0.0008578823529411764
2021-10-13,0.3714655294117647,0.1778065882352941,0.017802235294117646,0.014681176470588236,0.0028701176470588233,0.10678023529411765,0.0008468235294117647
2021-10-14,0.3812571764705882,0.1797109411764706,0.018184941176470588,0.014919411764705882,0.002840470588235294,0.11210305882352942,0.0008689411764705883
2021-10-15,0.3796550588235294,0.17542341176470588,0.017756705882352942,0.014665176470588235,0.0027354117647058825,0.11658117647058823,0.0007983529411764706
2021-10-16,0.2402384705882353,0.10082235294117647,0.009813529411764705,0.008813294117647058,0.0015655294117647058,0.10545788235294118,0.00027870588235294117
2021-10-17,0.19176364705882354,0.07811105882352941,0.008803058823529412,0.008203411764705883,0.0014781176470588236,0.10488552941176471,0.000218
2021-10-18,0.3509274117647059,0.1719815294117647,0.018080117647058823,0.014986,0.002524,0.10470541176470588,0.0008011764705882353
2021-10-19,0.3739068235294118,0.177732,0.018044941176470587,0.01529329411764706,0.0027532941176470586,0.1058104705882353,0.0008529411764705882
2021-10-20,0.3805090588235294,0.17948329411764705,0.018263764705882354,0.015426705882352941,0.002879294117647059,0.10779364705882354,0.0008409411764705882
2021-10-21,0.3844349411764706,0.17369811764705884,0.017629411764705883,0.014971647058823529,0.0028243529411764706,0.11160611764705883,0.0008821176470588235
2021-10-22,0.3795077647058824,0.17308223529411765,0.017154117647058823,0.014888705882352941,0.002687411764705882,0.1160644705882353,0.0007408235294117647
2021-10-23,0.24441035294117647,0.09971717647058824,0.008790588235294118,0.009748823529411765,0.0015948235294117646,0.10761611764705882,0.00026388235294117645
2021-10-24,0.18822670588235293,0.07756270588235294,0.008189529411764707,0.008018117647058823,0.0014487058823529411,0.103926,0.00022447058823529413
2021-10-25,0.3523454117647059,0.17188505882352942,0.018627058823529413,0.01479470588235294,0.002555764705882353,0.10398670588235294,0.0008265882352941177
2021-10-26,0.3179570588235294,0.14513647058823528,0.015306941176470587,0.012296117647058824,0.002496470588235294,0.08689835294117647,0.0006209411764705882
2021-10-27,0.3883035294117647,0.17688647058823528,0.01833705882352941,0.015280117647058824,0.002840470588235294,0.1075875294117647,0.0008298823529411765
2021-10-28,0.3959965882352941,0.17829282352941175,0.018773411764705882,0.015549411764705883,0.002919294117647059,0.11292176470588235,0.0008947058823529411
2021-10-29,0.38256223529411765,0.1678750588235294,0.018037294117647058,0.014427294117647059,0.0026443529411764705,0.11334611764705882,0.0007761176470588235
2021-10-30,0.2405070588235294,0.09642588235294118,0.008996588235294117,0.008150705882352942,0.0014872941176470589,0.10054776470588235,0.00025611764705882356
2021-10-31,0.20550223529411765,0.07720035294117647,0.00807929411764706,0.0078,0.0014391764705882354,0.09705623529411765,0.00022470588235294118
2021-11-01,0.35697717647058824,0.17038870588235294,0.018630117647058825,0.015441294117647058,0.0025161176470588236,0.10570011764705882,0.000798
2021-11-02,0.3350849411764706,0.14802117647058824,0.017392,0.015211411764705883,0.0025901176470588235,0.10040376470588236,0.0006681176470588235
2021-11-03,0.3874978823529412,0.17732788235294117,0.018141529411764706,0.01540635294117647,0.0027469411764705883,0.10602705882352942,0.0008671764705882353
2021-11-04,0.38639,0.17493435294117646,0.017806235294117647,0.014886235294117646,0.002824588235294118,0.10953082352941176,0.000848235294117647
2021-11-05,0.3874632941176471,0.17141341176470587,0.017673764705882354,0.014332235294117647,0.002706941176470588,0.11364788235294118,0.0007963529411764706
2021-11-06,0.2583369411764706,0.10170576470588236,0.009993294117647059,0.009504,0.001608470588235294,0.10712788235294117,0.00028352941176470586
2021-11-07,0.22223352941176472,0.07229564705882353,0.00955070588235294,0.008491176470588235,0.0012525882352941177,0.09184541176470588,0.0003503529411764706
2021-11-08,0.36065094117647056,0.17190329411764707,0.018790941176470587,0.015426705882352941,0.0026042352941176472,0.10465223529411764,0.0008142352941176471
2021-11-09,0.3858184705882353,0.17861929411764707,0.018491882352941177,0.015772941176470587,0.0028828235294117645,0.105708,0.0009031764705882353
2021-11-10,0.394352,0.1781709411764706,0.018735764705882355,0.01581176470588235,0.0028950588235294116,0.10894176470588235,0.0008758823529411764
2021-11-11,0.3437923529411765,0.14096882352941176,0.016868941176470587,0.014463529411764707,0.0023348235294117646,0.10536976470588236,0.000646235294117647
2021-11-12,0.37160964705882354,0.15889505882352942,0.016667176470588234,0.013841176470588235,0.0025409411764705883,0.10822835294117647,0.0007155294117647059
2021-11-13,0.255278,0.09589576470588235,0.009509294117647058,0.00874070588235294,0.001544,0.10224847058823529,0.0002689411764705882
2021-11-14,0.20036894117647058,0.07730929411764706,0.008528,0.0073948235294117644,0.0014658823529411765,0.10097776470588235,0.00020847058823529412
2021-11-15,0.3659963529411765,0.1691075294117647,0.018935529411764705,0.015556941176470588,0.002612705882352941,0.1047675294117647,0.0007990588235294117
2021-11-16,0.39304047058823527,0.17554235294117648,0.018983764705882353,0.01614529411764706,0.002787529411764706,0.10616305882352942,0.0008790588235294118
2021-11-17,0.3963610588235294,0.17667529411764707,0.018632,0.015425058823529412,0.0028701176470588233,0.10767835294117648,0.0008768235294117647
2021-11-18,0.40144105882352943,0.17711623529411766,0.018521529411764708,0.015603764705882353,0.0028318823529411763,0.11285011764705882,0.0008836470588235294
2021-11-19,0.39023517647058825,0.16821023529411766,0.017858235294117647,0.014952117647058824,0.0026661176470588236,0.11613517647058824,0.0008049411764705882
2021-11-20,0.2512624705882353,0.1013849411764706,0.011107294117647059,0.009752235294117647,0.0015523529411764706,0.10766247058823529,0.00027847058823529414
2021-11-21,0.1969654117647059,0.07935894117647059,0.009466705882352941,0.007865764705882353,0.0015028235294117648,0.09904717647058824,0.00021494117647058824
2021-11-22,0.368278,0.16685011764705882,0.018455764705882352,0.015032470588235295,0.002522470588235294,0.10611082352941177,0.0008112941176470588
2021-11-23,0.38665776470588237,0.16763411764705882,0.019087176470588236,0.016066117647058824,0.002655764705882353,0.1163935294117647,0.0008463529411764706
2021-11-24,0.36297517647058825,0.158046,0.019452823529411765,0.01639894117647059,0.002470823529411765,0.11677270588235295,0.0007751764705882353
2021-11-25,0.15967035294117646,0.05997435294117647,0.014754941176470589,0.008228823529411764,0.0018187058823529413,0.101304,0.00023411764705882354
2021-11-26,0.2458555294117647,0.09924564705882354,0.015112,0.012793764705882353,0.0013031764705882353,0.09293117647058824,0.00037705882352941176
2021-11-27,0.22122611764705882,0.08835129411764706,0.009844235294117647,0.00895435294117647,0.0012494117647058824,0.10011529411764705,0.00026070588235294116
2021-11-28,0.17244058823529412,0.06965658823529412,0.00884670588235294,0.007662117647058824,0.0012330588235294117,0.09712764705882353,0.0001963529411764706
2021-11-29,0.35247235294117646,0.16254835294117648,0.019547529411764707,0.015588,0.0024851764705882354,0.10592929411764705,0.0007872941176470588
2021-11-30,0.37731870588235294,0.168534,0.019616235294117646,0.016074117647058822,0.0026434117647058824,0.10555482352941177,0.0008381176470588235
2021-12-01,0.3913492941176471,0.17216282352941176,0.01919564705882353,0.016014823529411765,0.002746705882352941,0.10580223529411764,0.0008548235294117648
2021-12-02,0.395158,0.17048729411764707,0.01820270588235294,0.015000941176470588,0.002651764705882353,0.10860929411764705,0.0008576470588235294
2021-12-03,0.3969525882352941,0.16695035294117647,0.017,0.014049882352941176,0.002649176470588235,0.11068552941176471,0.0007578823529411765
2021-12-04,0.27272317647058825,0.10173694117647059,0.010762,0.009575529411764707,0.0015667058823529412,0.1017550588235294,6.588235294117647e-06
2021-12-05,0.20439435294117647,0.0782504705882353,0.008554823529411764,0.007120705882352941,0.0014754117647058824,0.09629929411764705,2.2705882352941177e-05
2021-12-06,0.36892576470588234,0.16402705882352941,0.018231764705882354,0.014971764705882353,0.0025601176470588234,0.10183470588235294,0.0007867058823529412
2021-12-07,0.3962105882352941,0.17095717647058822,0.018088117647058824,0.015415647058823529,0.002736705882352941,0.10388552941176471,0.0008667058823529412
2021-12-08,0.39749729411764706,0.16824776470588235,0.01837858823529412,0.015320235294117647,0.002669529411764706,0.10463635294117647,0.0008174117647058824
2021-12-09,0.40395294117647057,0.1690450588235294,0.018160823529411764,0.014842235294117647,0.0026756470588235296,0.1091650588235294,0.0008496470588235294
2021-12-10,0.40205305882352943,0.16519717647058824,0.017944,0.015024823529411764,0.0026161176470588235,0.11319117647058824,0.0007448235294117647
2021-12-11,0.2666194117647059,0.09248670588235294,0.010811058823529411,0.009537411764705883,0.001576,0.10162517647058823,0.0002695294117647059
2021-12-12,0.2152790588235294,0.0737655294117647,0.009514588235294118,0.007820117647058823,0.001434,0.097426,0.0002156470588235294
2021-12-13,0.36715882352941176,0.156908,0.018045529411764707,0.015258588235294118,0.0025431764705882353,0.102858,0.0007963529411764706
2021-12-14,0.3851964705882353,0.16214364705882353,0.018228117647058825,0.015507294117647058,0.0027108235294117647,0.10525517647058824,0.0008381176470588235
2021-12-15,0.3814315294117647,0.16895929411764707,0.018015058823529412,0.015266,0.002792,0.10835858823529412,0.0008127058823529412
2021-12-16,0.37879988235294115,0.16919917647058824,0.017965882352941175,0.014838941176470588,0.0027791764705882354,0.11159235294117648,0.0008285882352941176
2021-12-17,0.366128,0.16180976470588235,0.017189529411764704,0.014239647058823529,0.0026516470588235294,0.11396341176470588,0.0007534117647058823
2021-12-18,0.22129047058823528,0.09247917647058823,0.008741882352941176,0.007776117647058823,0.0014484705882352941,0.09799929411764706,0.00023376470588235294
2021-12-19,0.18585988235294118,0.07486976470588236,0.007729176470588235,0.006622588235294118,0.0014397647058823528,0.09224129411764706,0.00019929411764705882
2021-12-20,0.3195824705882353,0.15031223529411764,0.015538588235294118,0.012081764705882353,0.0023903529411764706,0.10080576470588236,0.0007034117647058823
2021-12-21,0.31733235294117645,0.15287952941176472,0.014632470588235294,0.011428352941176471,0.002547764705882353,0.10195235294117647,0.0006790588235294117
2021-12-22,0.3099488235294118,0.14736717647058822,0.013844470588235295,0.010934235294117647,0.002549764705882353,0.10331729411764706,0.0006581176470588236
2021-12-23,0.2925281176470588,0.1372885882352941,0.013928,0.011439764705882352,0.0022747058823529413,0.10582505882352941,0.000588235294117647
2021-12-24,0.18534694117647058,0.08785988235294118,0.011459764705882353,0.009535882352941177,0.0014128235294117648,0.0868955294117647,0.0002692941176470588
2021-12-25,0.09540435294117647,0.038770470588235295,0.004643058823529412,0.003714705882352941,0.001061294117647059,0.06853905882352941,0.00011858823529411764
2021-12-26,0.15114564705882352,0.06104670588235294,0.006643176470588236,0.006056235294117647,0.0010287058823529411,0.07923258823529412,0.00020541176470588235
2021-12-27,0.236194,0.10471717647058823,0.012760352941176471,0.010520823529411765,0.0017590588235294117,0.08759376470588236,0.00047364705882352944
2021-12-28,0.2551081176470588,0.11222741176470588,0.012929882352941176,0.010555176470588234,0.0019689411764705882,0.08992517647058823,0.0005143529411764706
2021-12-29,0.25495023529411764,0.10841905882352941,0.012458588235294117,0.010894705882352942,0.0019834117647058824,0.09042976470588235,0.00047011764705882355
2021-12-30,0.2586370588235294,0.10917788235294118,0.012953058823529411,0.010685529411764707,0.0019031764705882354,0.09466517647058824,0.000464
2021-12-31,0.19148105882352942,0.08232341176470588,0.011376352941176471,0.01002729411764706,0.0013527058823529412,0.07391823529411765,0.00026705882352941174
2022-01-01,0.1238455421686747,0.042270481927710844,0.004093975903614458,0.0036555421686746987,0.000590843373493976,0.060062048192771084,0.00015204819277108434
2022-01-02,0.14695602409638553,0.05724048192771084,0.005922289156626506,0.005130963855421687,0.00101,0.07525963855421687,0.00018927710843373493
2022-01-03,0.2612324096385542,0.1204821686746988,0.012404939759036145,0.010119277108433735,0.0019803614457831326,0.08346265060240964,0.0005439759036144578
2022-01-04,0.2758255421686747,0.13040481927710842,0.01255987951807229,0.009876867469879518,0.002157710843373494,0.08835771084337349,0.0005777108433734939
2022-01-05,0.27324602409638554,0.1299410843373494,0.011837469879518073,0.009346867469879517,0.002272409638554217,0.08542891566265061,0.0005613253012048193
2022-01-06,0.2880934939759036,0.13818120481927712,0.012477349397590362,0.009947831325301205,0.0022496385542168673,0.09397903614457831,0.0005914457831325301
2022-01-07,0.2556555421686747,0.10614421686746987,0.010868313253012048,0.008803253012048193,0.0017112048192771084,0.06744265060240964,0.00043710843373493975
2022-01-08,0.17904397590361446,0.07606518072289156,0.006229759036144578,0.005593734939759036,0.0010995180722891567,0.07729313253012048,0.00020144578313253012
2022-01-09,0.13282795180722892,0.05728168674698795,0.005226867469879518,0.004254096385542168,0.0009537349397590361,0.06837277108433736,0.00014578313253012047
2022-01-10,0.28281,0.13823385542168676,0.014031686746987952,0.010869879518072289,0.002200963855421687,0.09189301204819277,0.0005968674698795181
2022-01-11,0.2730575903614458,0.1253712048192771,0.01257566265060241,0.009811807228915663,0.002094939759036145,0.0907687951807229,0.0005608433734939759
2022-01-12,0.2962920481927711,0.14216036144578315,0.013376144578313253,0.010367469879518072,0.002370963855421687,0.09456638554216867,0.0006053012048192771
2022-01-13,0.3041201204819277,0.14681349397590363,0.013556506024096386,0.01056289156626506,0.0023997590361445782,0.09899289156626506,0.0006183132530120482
2022-01-14,0.3039725301204819,0.14296951807228916,0.013156506024096385,0.010678795180722891,0.0022744578313253013,0.10444590361445782,0.0005751807228915663
2022-01-15,0.17285253012048193,0.06904060240963855,0.0064349397590361445,0.005458915662650603,0.0011457831325301204,0.08473409638554216,0.00017457831325301204
2022-01-16,0.14043686746987952,0.054970722891566265,0.005250361445783133,0.00458132530120482,0.0010295180722891565,0.07486277108433735,0.00013734939759036145
2022-01-17,0.19277686746987951,0.08362240963855422,0.011896144578313252,0.005310240963855422,0.001055421686746988,0.07824060240963855,0.000263855421686747
2022-01-18,0.30614987951807227,0.1472524096385542,0.01513433734939759,0.012092048192771085,0.0023360240963855423,0.09826566265060241,0.0006483132530120482
2022-01-19,0.3183287951807229,0.15503469879518073,0.014608313253012048,0.011600120481927712,0.0025434939759036144,0.0999732530120482,0.0006744578313253012
2022-01-20,0.30668506024096387,0.14240397590361445,0.01356566265060241,0.010626024096385541,0.0022428915662650603,0.09236240963855422,0.0006061445783132531
2022-01-21,0.30913024096385544,0.13877301204819278,0.01367156626506024,0.010973373493975903,0.0022986746987951807,0.10410590361445783,0.0005720481927710844
2022-01-22,0.19080120481927712,0.07897469879518072,0.007158072289156626,0.00647433734939759,0.0012596385542168675,0.08863,0.00019783132530120482
2022-01-23,0.15008626506024098,0.06374879518072289,0.005864096385542169,0.005258674698795181,0.0011380722891566265,0.08253096385542169,0.00015
2022-01-24,0.30564180722891565,0.14989301204819278,0.015391566265060242,0.012110843373493977,0.0023460240963855423,0.09534819277108433,0.0006250602409638554
2022-01-25,0.3254513253012048,0.15770831325301204,0.014999879518072289,0.011910722891566266,0.0025581927710843374,0.09843626506024096,0.000677710843373494
2022-01-26,0.3267232530120482,0.15262626506024096,0.014292168674698796,0.011596746987951807,0.0025340963855421685,0.10047421686746988,0.000626144578313253
2022-01-27,0.32831072289156626,0.1536834939759036,0.014342048192771085,0.011535903614457832,0.002522168674698795,0.10477289156626506,0.0006350602409638554
2022-01-28,0.3257112048192771,0.1455532530120482,0.014567710843373494,0.011615542168674699,0.0024234939759036145,0.1043687951807229,0.0006016867469879518
2022-01-29,0.1204032530120482,0.032766144578313255,0.0009809638554216867,0.0026525301204819276,0.0006449397590361446,0.02100578313253012,0.00010265060240963856
2022-01-30,0.1521056626506024,0.055457710843373496,0.0057653012048192774,0.005421927710843374,0.0007197590361445783,0.06102,0.00014855421686746988
2022-01-31,0.3103327710843373,0.13724867469879518,0.015933493975903615,0.013219036144578313,0.002216867469879518,0.09369012048192771,0.0005985542168674699
2022-02-01,0.31747987951807227,0.1357932530120482,0.01629578313253012,0.013424578313253012,0.0024526506024096385,0.0969144578313253,0.000601566265060241
2022-02-02,0.35423518072289156,0.15842144578313253,0.01687457831325301,0.013373012048192771,0.0027020481927710845,0.1020121686746988,0.0007024096385542169
2022-02-03,0.35110819277108435,0.15719590361445784,0.015289277108433735,0.012541325301204819,0.002689759036144578,0.1027943373493976,0.0006927710843373494
2022-02-04,0.32840060240963853,0.1417309638554217,0.014204698795180723,0.011360240963855421,0.0022357831325301204,0.09410457831325302,0.0006110843373493976
2022-02-05,0.21599759036144578,0.08756024096385542,0.0073736144578313255,0.007409156626506024,0.001370722891566265,0.09338963855421686,0.0002210843373493976
2022-02-06,0.15950506024096386,0.06725433734939759,0.00620144578313253,0.005830722891566265,0.0012796385542168675,0.08973240963855422,0.0001672289156626506
2022-02-07,0.33544939759036146,0.1562679518072289,0.016440361445783133,0.013409277108433735,0.002544578313253012,0.0974812048192771,0.0006880722891566265
2022-02-08,0.36345156626506026,0.16716048192771085,0.017066626506024096,0.014360240963855422,0.002730963855421687,0.10261024096385542,0.0007534939759036145
2022-02-09,0.37214156626506023,0.17128987951807229,0.01731,0.013896506024096386,0.0028750602409638552,0.10458518072289157,0.0007586746987951808
2022-02-10,0.37499867469879516,0.171539156626506,0.017236385542168674,0.013940602409638554,0.002812168674698795,0.10913397590361446,0.0007665060240963855
2022-02-11,0.3633098795180723,0.1624324096385542,0.015787710843373493,0.01333421686746988,0.002723855421686747,0.11316506024096386,0.0006710843373493976
2022-02-12,0.24413349397590361,0.09887096385542168,0.008639638554216867,0.008652168674698795,0.001611566265060241,0.10448855421686747,0.0002765060240963855
2022-02-13,0.16263421686746987,0.06148277108433735,0.006088433734939759,0.005589759036144578,0.0012063855421686747,0.07892855421686747,0.00015927710843373493
2022-02-14,0.3503403614457831,0.15326506024096387,0.017169518072289155,0.01364578313253012,0.002507469879518072,0.10391240963855422,0.0006991566265060241
2022-02-15,0.3651496385542169,0.16146060240963855,0.017663493975903614,0.01434144578313253,0.0026412048192771083,0.10520963855421686,0.0007767469879518072
2022-02-16,0.3735709638554217,0.16948361445783133,0.016919397590361446,0.013894578313253012,0.00283289156626506,0.10546710843373494,0.0007634939759036145
2022-02-17,0.3746934939759036,0.16970734939759036,0.017015180722891567,0.013941927710843374,0.002856987951807229,0.10979638554216868,0.0007863855421686747
2022-02-18,0.3558777108433735,0.15493710843373493,0.015590722891566265,0.013497590361445783,0.002586746987951807,0.11417469879518072,0.0006839759036144579
2022-02-19,0.21592,0.08718096385542169,0.0077946987951807226,0.008017469879518072,0.0014663855421686747,0.09796867469879518,0.0002539759036144578
2022-02-20,0.17796686746987952,0.06889024096385542,0.006628313253012048,0.00661,0.0013273493975903615,0.09264710843373494,0.0001827710843373494
2022-02-21,0.23400807228915663,0.10529650602409639,0.013238795180722891,0.007697831325301205,0.0015060240963855422,0.09834060240963856,0.0003350602409638554
2022-02-22,0.32162746987951807,0.13777421686746988,0.01631397590361446,0.013586024096385542,0.0023172289156626505,0.1020333734939759,0.0006948192771084337
2022-02-23,0.3487042168674699,0.15026614457831325,0.016895060240963856,0.01436,0.0028683132530120483,0.10756228915662651,0.0007368674698795181
2022-02-24,0.34435493975903614,0.1442077108433735,0.015963373493975905,0.013300602409638554,0.002634698795180723,0.10984578313253011,0.0007083132530120482
2022-02-25,0.3103168674698795,0.12380277108433735,0.01381421686746988,0.010958192771084337,0.002257831325301205,0.09576530120481928,0.0005474698795180723
2022-02-26,0.21985939759036144,0.0934166265060241,0.00864855421686747,0.007418433734939759,0.001473012048192771,0.10208361445783133,0.00024240963855421687
2022-02-27,0.16906349397590362,0.0728489156626506,0.007579879518072289,0.006217349397590361,0.0013659036144578313,0.09667192771084337,0.00018349397590361447
2022-02-28,0.35129951807228915,0.16419939759036145,0.01625325301204819,0.01428578313253012,0.0026420481927710844,0.10351530120481928,0.0007433734939759037
2022-03-01,0.37809409638554214,0.1729920481927711,0.019972168674698795,0.018167108433734938,0.0027643373493975902,0.10522265060240964,0.0008018072289156627
2022-03-02,0.38652602409638553,0.1762967469879518,0.019185301204819278,0.01698132530120482,0.0029263855421686746,0.10801240963855421,0.0008048192771084338
2022-03-03,0.3864451807228916,0.17287361445783134,0.01841963855421687,0.01596457831325301,0.002867469879518072,0.1112233734939759,0.0008040963855421686
2022-03-04,0.37078759036144576,0.16423602409638555,0.017532289156626506,0.015077469879518073,0.0027495180722891567,0.11538481927710843,0.0006996385542168674
2022-03-05,0.2356066265060241,0.09792457831325302,0.008314457831325301,0.008485180722891566,0.0015986746987951808,0.10425204819277109,0.00025493975903614457
2022-03-06,0.17403626506024097,0.07234951807228916,0.006389638554216867,0.006370361445783132,0.0015128915662650602,0.09489132530120482,0.00018674698795180723
2022-03-07,0.3591469879518072,0.16813734939759037,0.01854301204819277,0.015636626506024095,0.0027066265060240965,0.10378421686746989,0.0007422891566265061
2022-03-08,0.3909003614457831,0.17547602409638555,0.019114698795180723,0.01672421686746988,0.002900722891566265,0.1077267469879518,0.0008340963855421687
2022-03-09,0.3751275903614458,0.16130385542168674,0.018481084337349397,0.015548915662650603,0.0028285542168674698,0.1003277108433735,0.0007469879518072289
2022-03-10,0.40233289156626506,0.17786602409638555,0.019750722891566264,0.016880361445783133,0.002953614457831325,0.11387843373493976,0.0008330120481927711
2022-03-11,0.38505493975903615,0.17100855421686748,0.019154819277108433,0.016309759036144577,0.002859759036144578,0.11886204819277109,0.0007409638554216868
2022-03-12,0.2004690361445783,0.07681939759036145,0.006226385542168675,0.00722012048192771,0.0012837349397590361,0.08066289156626506,0.00021060240963855422
2022-03-13,0.17824168674698795,0.07117506024096386,0.007224578313253012,0.006933493975903615,0.0013844578313253013,0.09546710843373495,0.0001836144578313253
2022-03-14,0.36250602409638555,0.16946722891566265,0.019272530120481926,0.01615578313253012,0.002708433734939759,0.10598783132530121,0.0007730120481927711
2022-03-15,0.3946874698795181,0.17524361445783132,0.02065132530120482,0.017685060240963855,0.0029243373493975902,0.10916,0.0008779518072289156
2022-03-16,0.4014861445783133,0.17787421686746988,0.020333493975903616,0.01748012048192771,0.0030487951807228915,0.11015469879518072,0.0008444578313253012
2022-03-17,0.382624578313253,0.16274819277108435,0.020106506024096384,0.01635265060240964,0.0027645783132530122,0.10709337349397591,0.0008154216867469879
2022-03-18,0.39463048192771083,0.16901277108433735,0.019658915662650604,0.016569638554216868,0.002893855421686747,0.11789048192771084,0.0007575903614457832
2022-03-19,0.24118542168674698,0.09890759036144578,0.008926144578313254,0.008912530120481928,0.0015514457831325302,0.10515783132530121,0.0002469879518072289
2022-03-20,0.199599156626506,0.07574614457831326,0.00813867469879518,0.007688915662650602,0.0015344578313253013,0.10598927710843374,0.00020746987951807228
2022-03-21,0.3656336144578313,0.17095180722891568,0.019938192771084336,0.016166506024096385,0.0026781927710843373,0.10612602409638554,0.0007671084337349397
2022-03-22,0.3948120481927711,0.17726493975903615,0.02028048192771084,0.01744156626506024,0.0028853012048192773,0.10736012048192771,0.0008532530120481927
2022-03-23,0.3946636144578313,0.17333313253012048,0.019421927710843372,0.016731686746987953,0.002960722891566265,0.10741072289156627,0.0007879518072289157
2022-03-24,0.3870097590361446,0.16552409638554216,0.019565301204819276,0.01616012048192771,0.002770843373493976,0.10848,0.0007846987951807229
2022-03-25,0.3878277108433735,0.16842156626506025,0.019099759036144578,0.01606843373493976,0.0028040963855421688,0.1165955421686747,0.0007319277108433735
2022-03-26,0.24392722891566265,0.09439746987951807,0.008651686746987951,0.008907590361445783,0.0015913253012048193,0.10546421686746987,0.0002595180722891566
2022-03-27,0.18482602409638554,0.07570036144578313,0.007825301204819278,0.006993253012048193,0.0014227710843373494,0.1000433734939759,0.0001930120481927711
2022-03-28,0.3602257831325301,0.16100361445783132,0.018460481927710843,0.015769397590361445,0.0026643373493975904,0.10460951807228916,0.0007344578313253012
2022-03-29,0.3966124096385542,0.1723010843373494,0.019664819277108433,0.017333734939759034,0.002889277108433735,0.10675734939759036,0.0008313253012048193
2022-03-30,0.40193650602409636,0.17654831325301204,0.019865301204819278,0.017254939759036143,0.0029662650602409637,0.11000759036144578,0.0008337349397590361
2022-03-31,0.4003777108433735,0.17474253012048194,0.019767951807228915,0.016819518072289156,0.0029286746987951806,0.11343734939759036,0.0008301204819277108
2022-04-01,0.39001289156626506,0.17005072289156625,0.01750012048192771,0.014524939759036145,0.0028936144578313255,0.11720506024096386,0.0007195180722891566
2022-04-02,0.2564379518072289,0.10596542168674698,0.009301807228915663,0.009695301204819278,0.0017327710843373493,0.10768843373493976,0.00029927710843373495
2022-04-03,0.17637734939759037,0.07315084337349398,0.007086626506024096,0.0064772289156626505,0.0015598795180722892,0.09525301204819277,0.00017096385542168674
2022-04-04,0.3768273493975904,0.17443614457831325,0.01922180722891566,0.016375903614457833,0.002860963855421687,0.10837469879518072,0.0008043373493975903
2022-04-05,0.4043920481927711,0.17891096385542168,0.02049879518072289,0.01815313253012048,0.0029967469879518074,0.10901361445783132,0.0008540963855421687
2022-04-06,0.39898156626506026,0.16906,0.01973855421686747,0.017206024096385542,0.003024457831325301,0.1072855421686747,0.0007914457831325302
2022-04-07,0.39844289156626506,0.16622626506024096,0.019430843373493975,0.01689746987951807,0.002904457831325301,0.1086089156626506,0.0007995180722891566
2022-04-08,0.40334385542168677,0.17389963855421686,0.019386144578313252,0.01696277108433735,0.0029503614457831325,0.12028289156626507,0.0007640963855421686
2022-04-09,0.2639031325301205,0.1046921686746988,0.009826746987951808,0.010435060240963856,0.0016830120481927712,0.108155421686747,7.951807228915663e-06
2022-04-10,0.20575277108433734,0.0804412048192771,0.007614939759036145,0.007965301204819277,0.0016789156626506024,0.10242807228915662,1.5662650602409638e-06
2022-04-11,0.3862322891566265,0.1726778313253012,0.019413373493975903,0.016894457831325302,0.0028396385542168675,0.10859228915662651,0.0007655421686746988
2022-04-12,0.37085168674698793,0.18024144578313253,0.02075831325301205,0.017996265060240962,0.0030465060240963855,0.11281132530120482,0.0008553012048192771
2022-04-13,0.3880679518072289,0.1802278313253012,0.019692530120481926,0.017716024096385542,0.0031140963855421687,0.11442313253012049,0.0007943373493975904
2022-04-14,0.39731289156626504,0.1733722891566265,0.019632048192771083,0.017389759036144578,0.003020843373493976,0.11839963855421687,0.0007687951807228916
2022-04-15,0.33271469879518073,0.13707566265060242,0.020008192771084336,0.016893614457831326,0.0025190361445783134,0.11724771084337349,0.0005696385542168675
2022-04-16,0.23931397590361445,0.10010530120481928,0.010724216867469879,0.01008734939759036,0.001616024096385542,0.1066910843373494,0.0002569879518072289
2022-04-17,0.18224493975903613,0.07188180722891566,0.008585301204819278,0.008639036144578314,0.001771566265060241,0.10185759036144579,0.00019759036144578314
2022-04-18,0.32244024096385543,0.1379832530120482,0.018592168674698796,0.016765180722891567,0.002439156626506024,0.10857915662650602,0.0006275903614457832
2022-04-19,0.3568831325301205,0.1433686746987952,0.020283614457831327,0.018255180722891565,0.002693855421686747,0.10784168674698795,0.0007037349397590361
2022-04-20,0.3732585542168675,0.15250879518072288,0.020690361445783133,0.018755903614457833,0.0029171084337349397,0.11354012048192771,0.000734578313253012
2022-04-21,0.3654725301204819,0.1483189156626506,0.01997867469879518,0.017775301204819276,0.002799879518072289,0.11086771084337349,0.0006913253012048192
2022-04-22,0.3597209638554217,0.1466722891566265,0.019029277108433735,0.01754289156626506,0.0026865060240963854,0.1127444578313253,0.0006433734939759036
2022-04-23,0.2541190361445783,0.10170433734939759,0.009570602409638555,0.010819759036144579,0.001621566265060241,0.10934698795180722,7.108433734939759e-06
2022-04-24,0.1995012048192771,0.07814349397590362,0.007812289156626506,0.008142168674698795,0.0015574698795180722,0.10544795180722892,3.614457831325301e-07
2022-04-25,0.3646434939759036,0.1705587951807229,0.019225180722891567,0.0167444578313253,0.002695180722891566,0.10649903614457831,0.0007616867469879518
2022-04-26,0.39538036144578315,0.1751146987951807,0.020743493975903613,0.01854132530120482,0.002867469879518072,0.10813168674698795,0.0008462650602409638
2022-04-27,0.4135279518072289,0.1807755421686747,0.02079674698795181,0.01844686746987952,0.0030396385542168676,0.11258807228915663,0.0008316867469879518
2022-04-28,0.41023349397590364,0.17687867469879517,0.020156626506024098,0.017629036144578312,0.002930240963855422,0.11670493975903615,0.0008150602409638555
2022-04-29,0.39248602409638556,0.17227819277108433,0.01987277108433735,0.016491686746987953,0.002821807228915663,0.11980903614457832,0.0007108433734939759
2022-04-30,0.25406578313253014,0.1065710843373494,0.009986385542168675,0.009980481927710843,0.0017136144578313254,0.1131010843373494,0.0002557831325301205
2022-05-01,0.20288590361445782,0.08145421686746988,0.007786746987951807,0.007530361445783133,0.0015633734939759036,0.10491879518072289,0.000324578313253012
2022-05-02,0.32925602409638555,0.1417912048192771,0.017637831325301206,0.015275180722891567,0.002613855421686747,0.10641879518072289,0.0006536144578313253
2022-05-03,0.40998578313253015,0.18073602409638553,0.02142987951807229,0.018706144578313252,0.0029734939759036147,0.11203228915662651,0.000891566265060241
2022-05-04,0.4054098795180723,0.17658301204819277,0.020305903614457832,0.01772024096385542,0.003067710843373494,0.11103493975903614,0.0008128915662650603
2022-05-05,0.42199060240963854,0.18356385542168674,0.021040963855421688,0.01808277108433735,0.003120843373493976,0.11842530120481928,0.0008507228915662651
2022-05-06,0.3844043373493976,0.1631024096385542,0.018593373493975905,0.015592409638554216,0.002820602409638554,0.11492795180722891,0.0006902409638554216
2022-05-07,0.22202506024096386,0.0851266265060241,0.008788915662650602,0.008266506024096386,0.0015702409638554218,0.10133566265060241,0.00018349397590361447
2022-05-08,0.19061843373493975,0.0759310843373494,0.008879879518072288,0.00879843373493976,0.0018524096385542168,0.10739289156626507,0.00017457831325301204
2022-05-09,0.37524168674698793,0.17213951807228917,0.019727831325301204,0.016980722891566265,0.002651566265060241,0.11048626506024097,0.0007908433734939759
2022-05-10,0.41119301204819275,0.18124265060240963,0.021183493975903616,0.019111686746987953,0.0029093975903614457,0.11246397590361445,0.000864578313253012
2022-05-11,0.4145033734939759,0.18252072289156626,0.021453132530120482,0.018890602409638555,0.0030780722891566264,0.11424891566265061,0.0008625301204819277
2022-05-12,0.41326554216867467,0.18014698795180722,0.02042686746987952,0.017976385542168676,0.0030310843373493974,0.11820951807228916,0.0008272289156626506
2022-05-13,0.3918074698795181,0.16999072289156628,0.019860602409638554,0.01687530120481928,0.0028360240963855423,0.12028843373493976,0.0007289156626506024
2022-05-14,0.2589212048192771,0.10131578313253012,0.010799518072289157,0.01044,0.001636144578313253,0.11065036144578314,8.313253012048194e-06
2022-05-15,0.21209144578313252,0.08347903614457831,0.00916289156626506,0.008398192771084338,0.0016119277108433735,0.1094821686746988,6.024096385542169e-07
2022-05-16,0.3710895180722892,0.1682289156626506,0.019690481927710845,0.016952048192771085,0.0026731325301204817,0.10827590361445782,0.0007224096385542169
2022-05-17,0.4260266265060241,0.1831012048192771,0.02201,0.019527951807228917,0.0029340963855421687,0.11462638554216867,0.0008745783132530121
2022-05-18,0.43441036144578316,0.18206530120481929,0.021949518072289155,0.01941385542168675,0.003056024096385542,0.11833204819277109,0.0008212048192771085
2022-05-19,0.41775024096385543,0.17181048192771084,0.020785180722891566,0.018070481927710845,0.0029242168674698797,0.11843506024096385,0.0008180722891566265
2022-05-20,0.3942065060240964,0.16828096385542168,0.021164578313253014,0.017638915662650603,0.0028634939759036144,0.12190289156626506,0.000727710843373494
2022-05-21,0.28002951807228915,0.10648132530120481,0.011364096385542168,0.011150843373493976,0.001805421686746988,0.11850301204819277,0.00030481927710843376
2022-05-22,0.21212506024096386,0.08234939759036145,0.009474096385542169,0.008682289156626506,0.001599879518072289,0.11085024096385541,0.0002244578313253012
2022-05-23,0.37491024096385545,0.17250373493975904,0.020547710843373493,0.018234819277108433,0.002734457831325301,0.11372686746987952,0.0007657831325301205
2022-05-24,0.4070489156626506,0.17929542168674698,0.021996385542168675,0.019752168674698794,0.0029590361445783133,0.11353096385542169,0.000846144578313253
2022-05-25,0.4128349397590361,0.17994048192771084,0.021460722891566267,0.01913421686746988,0.0030624096385542168,0.11559542168674698,0.0008267469879518072
2022-05-26,0.4025372289156626,0.17646939759036145,0.02126132530120482,0.017832650602409638,0.0029959036144578313,0.12067156626506025,0.0007890361445783132
2022-05-27,0.36519638554216866,0.16306,0.020221686746987953,0.016300481927710844,0.002758313253012048,0.11757807228915662,0.0006912048192771085
2022-05-28,0.2256355421686747,0.09495602409638554,0.010993975903614457,0.009300240963855422,0.0015427710843373495,0.10041734939759037,0.00026397590361445784
2022-05-29,0.21147421686746987,0.08447867469879518,0.010214939759036144,0.009274939759036144,0.0017457831325301204,0.10742963855421686,0.00027421686746987954
2022-05-30,0.20421325301204818,0.09103807228915663,0.00970277108433735,0.008217590361445783,0.001297710843373494,0.1011322891566265,0.00027120481927710844
2022-05-31,0.382663734939759,0.17186385542168675,0.022179277108433735,0.019640722891566265,0.0028648192771084336,0.11666686746987952,0.0007992771084337349
2022-06-01,0.4073851807228916,0.1765521686746988,0.021535180722891567,0.01916265060240964,0.0030826506024096384,0.1137044578313253,0.0008534939759036144
2022-06-02,0.40384361445783135,0.17268710843373494,0.020546626506024096,0.018252048192771084,0.0029836144578313253,0.11558120481927711,0.0008172289156626506
2022-06-03,0.3955748192771084,0.17241469879518073,0.02102409638554217,0.018523373493975905,0.0029925301204819276,0.12073566265060241,0.0007443373493975904
2022-06-04,0.26241253012048193,0.10899072289156626,0.011256746987951807,0.011108313253012049,0.0017360240963855422,0.1153022891566265,0.00022216867469879517
2022-06-05,0.20782927710843374,0.08333060240963855,0.009117469879518073,0.008916265060240965,0.0016813253012048193,0.10430036144578313,0.00016397590361445782
2022-06-06,0.3725519277108434,0.17008734939759035,0.020127951807228917,0.017849638554216868,0.002746265060240964,0.10756614457831325,0.0007893975903614458
2022-06-07,0.4087016867469879,0.17360722891566266,0.022377831325301203,0.019729638554216868,0.0030428915662650603,0.11334530120481928,0.0008637349397590361
2022-06-08,0.4208198795180723,0.18025831325301206,0.021822409638554217,0.01956831325301205,0.0031395180722891564,0.11550313253012048,0.0008571084337349398
2022-06-09,0.3972478313253012,0.16061481927710844,0.021629036144578312,0.018971084337349398,0.0030283132530120483,0.11747096385542169,0.0007746987951807229
2022-06-10,0.40676204819277106,0.1729710843373494,0.02262879518072289,0.019183493975903614,0.0030646987951807227,0.12386951807228916,0.0007595180722891566
2022-06-11,0.2688495180722892,0.1048855421686747,0.014203734939759035,0.011458795180722892,0.0017802409638554217,0.11588012048192771,0.0002210843373493976
2022-06-12,0.20175987951807228,0.07547843373493976,0.009733975903614458,0.008985542168674698,0.001619277108433735,0.10650481927710843,0.00014566265060240964
2022-06-13,0.3817687951807229,0.17354566265060242,0.02099566265060241,0.018117469879518074,0.0028550602409638556,0.11368987951807229,0.000796144578313253
2022-06-14,0.4210628915662651,0.17997120481927711,0.023035903614457832,0.021004819277108434,0.003056867469879518,0.1149912048192771,0.0008766265060240964
2022-06-15,0.42491590361445786,0.17815277108433736,0.02320397590361446,0.02041710843373494,0.00324144578313253,0.11634265060240964,0.0008618072289156626
2022-06-16,0.4107980722891566,0.16835144578313252,0.02291710843373494,0.019579879518072288,0.0031151807228915664,0.11975325301204819,0.0008096385542168675
2022-06-17,0.39125048192771084,0.16834253012048192,0.022551686746987952,0.017902409638554218,0.002932289156626506,0.12486457831325301,0.0007272289156626506
2022-06-18,0.26345,0.10651204819277109,0.012782048192771085,0.011340963855421687,0.0018236144578313252,0.11897722891566265,0.00031481927710843373
2022-06-19,0.20792313253012049,0.08352180722891567,0.010913373493975904,0.009717349397590362,0.0018821686746987951,0.11402927710843373,0.00022927710843373495
2022-06-20,0.29646493975903615,0.12978192771084338,0.02020120481927711,0.016636144578313253,0.0018602409638554217,0.11351180722891566,0.00048301204819277107
2022-06-21,0.40238469879518074,0.16964481927710842,0.022932409638554217,0.020771084337349397,0.0030480722891566264,0.11468746987951807,0.000865421686746988
2022-06-22,0.40447144578313254,0.16403084337349397,0.021548192771084336,0.01978265060240964,0.003105301204819277,0.11289975903614458,0.0008325301204819277
2022-06-23,0.41054036144578315,0.1665789156626506,0.022716385542168673,0.020378795180722893,0.0030465060240963855,0.12097626506024096,0.0008091566265060241
2022-06-24,0.3971580722891566,0.16041469879518072,0.02262867469879518,0.019475542168674698,0.00294144578313253,0.12473638554216868,0.0007308433734939759
2022-06-25,0.2755377108433735,0.10710277108433736,0.012771084337349397,0.012345301204819277,0.0018402409638554216,0.11985951807228916,6.024096385542168e-06
2022-06-26,0.24240686746987952,0.08396506024096385,0.012343614457831326,0.011940120481927712,0.0017559036144578313,0.11598433734939759,7.445783132530121e-05
2022-06-27,0.35332506024096383,0.15414493975903615,0.020677951807228916,0.01798602409638554,0.0026904819277108433,0.11185975903614458,0.0007542168674698795
2022-06-28,0.39136602409638555,0.16001734939759035,0.024091084337349397,0.02106963855421687,0.002913132530120482,0.11574289156626506,0.0008316867469879518
2022-06-29,0.39147722891566267,0.15970240963855423,0.023115060240963856,0.020379036144578314,0.003059277108433735,0.11782939759036144,0.0008183132530120481
2022-06-30,0.3797074698795181,0.1566555421686747,0.023116626506024095,0.019068072289156628,0.00297,0.12191132530120483,0.0007719277108433735
2022-07-01,0.3406685542168675,0.14720927710843373,0.018222289156626506,0.014191686746987953,0.0028895180722891566,0.1202721686746988,0.0006374698795180723
2022-07-02,0.22254132530120482,0.09971903614457832,0.010178433734939759,0.009057710843373494,0.001551566265060241,0.0992078313253012,0.0002460240963855422
2022-07-03,0.19937036144578313,0.08473277108433735,0.010433975903614457,0.008909518072289157,0.0017857831325301205,0.10191289156626505,0.00023
2022-07-04,0.19374506024096386,0.08313084337349398,0.010326385542168675,0.008730602409638554,0.001322409638554217,0.09312638554216868,0.00025879518072289154
2022-07-05,0.3376884337349398,0.1501455421686747,0.020480722891566265,0.01809277108433735,0.0027469879518072287,0.11155048192771085,0.0007150602409638554
2022-07-06,0.3694532530120482,0.16036024096385543,0.02092144578313253,0.018499156626506023,0.003056867469879518,0.11058963855421687,0.0007768674698795181
2022-07-07,0.37537397590361443,0.16064734939759037,0.020890722891566266,0.01820542168674699,0.003026385542168675,0.11404253012048193,0.0007786746987951807
2022-07-08,0.3496773493975904,0.15053421686746987,0.019724698795180722,0.016219277108433735,0.002904578313253012,0.1144010843373494,0.000677710843373494
2022-07-09,0.24836373493975902,0.10666132530120481,0.011176506024096386,0.010814096385542168,0.0017525301204819278,0.11057855421686746,0.00030879518072289157
2022-07-10,0.20253506024096385,0.08529927710843374,0.009912771084337349,0.008577710843373493,0.0017044578313253013,0.11097710843373494,0.00024289156626506025
2022-07-11,0.3465767469879518,0.1581801204819277,0.020177710843373494,0.017844939759036144,0.002801807228915663,0.11011951807228916,0.0007425301204819277
2022-07-12,0.3793156626506024,0.1626922891566265,0.021707469879518073,0.01981855421686747,0.0029755421686746986,0.11001650602409639,0.0008168674698795181
2022-07-13,0.38908277108433736,0.16447855421686747,0.0214955421686747,0.020022530120481927,0.003108433734939759,0.11377096385542168,0.0007874698795180723
2022-07-14,0.38591614457831325,0.16337048192771084,0.021059518072289157,0.01922879518072289,0.0030496385542168676,0.11781216867469879,0.0007726506024096386
2022-07-15,0.36405433734939757,0.15556831325301204,0.020676506024096385,0.017934698795180722,0.0029128915662650604,0.1197810843373494,0.0006659036144578313
2022-07-16,0.2521934939759036,0.10355867469879518,0.01226,0.011826024096385543,0.0018344578313253012,0.11321072289156627,7.710843373493976e-06
2022-07-17,0.2017978313253012,0.08455373493975904,0.00988289156626506,0.00965855421686747,0.001670843373493976,0.10847722891566265,8.433734939759036e-07
2022-07-18,0.3277122891566265,0.14569156626506025,0.019539518072289156,0.015997469879518073,0.0027313253012048195,0.10575144578313253,0.0006678313253012048
2022-07-19,0.381809156626506,0.16535024096385542,0.021770240963855422,0.019312530120481928,0.003003975903614458,0.11233710843373494,0.0007943373493975904
2022-07-20,0.384450843373494,0.1635401204819277,0.021771927710843374,0.018914216867469878,0.003083132530120482,0.11389024096385542,0.0007430120481927711
2022-07-21,0.37459,0.15698530120481927,0.020851807228915664,0.018122168674698794,0.0029286746987951806,0.11497349397590362,0.0007428915662650602
2022-07-22,0.35454843373493977,0.1527598795180723,0.021067590361445784,0.016634698795180723,0.0028826506024096387,0.11964301204819278,0.0006412048192771084
2022-07-23,0.24442120481927712,0.10397301204819277,0.011968795180722892,0.010390963855421686,0.0017473493975903615,0.11395746987951808,3.855421686746988e-06
2022-07-24,0.19231265060240965,0.08122759036144578,0.00995855421686747,0.008224698795180722,0.001536265060240964,0.10949,7.228915662650602e-07
2022-07-25,0.3286412048192771,0.14708746987951807,0.019693253012048193,0.016919518072289155,0.002693373493975904,0.10759228915662651,0.0006857831325301205
2022-07-26,0.3825302409638554,0.16392409638554217,0.02243156626506024,0.019637831325301204,0.003010843373493976,0.11349698795180722,0.0007806024096385542
2022-07-27,0.3894934939759036,0.16494253012048193,0.022329156626506023,0.019426626506024097,0.0031034939759036146,0.11536831325301204,0.0008032530120481928
2022-07-28,0.3797485542168675,0.1604955421686747,0.020875180722891566,0.018907951807228915,0.002941325301204819,0.11738433734939759,0.0007736144578313253
2022-07-29,0.35335493975903615,0.1518932530120482,0.02008710843373494,0.017779277108433734,0.0028550602409638556,0.11803843373493976,0.0006665060240963856
2022-07-30,0.2499302409638554,0.1076922891566265,0.01077421686746988,0.011667469879518073,0.001815421686746988,0.11503722891566265,6.746987951807229e-06
2022-07-31,0.19868638554216866,0.08357831325301204,0.009396506024096385,0.009512409638554218,0.001692289156626506,0.11202674698795181,3.614457831325301e-07
2022-08-01,0.33003156626506025,0.14939843373493977,0.018283373493975904,0.016678433734939758,0.0027580722891566265,0.10893,0.0006834939759036145
2022-08-02,0.36989168674698797,0.1622077108433735,0.020846144578313252,0.019064578313253012,0.0029957831325301207,0.11073819277108433,0.0007773493975903614
2022-08-03,0.3763901204819277,0.1648009638554217,0.020933855421686746,0.01907289156626506,0.0032271084337349397,0.11413710843373494,0.0007433734939759037
2022-08-04,0.36735855421686747,0.15942518072289158,0.02102301204819277,0.017803614457831324,0.0030513253012048195,0.1176456626506024,0.0006516867469879518
2022-08-05,0.34001867469879515,0.15192301204819278,0.019436506024096384,0.015587469879518073,0.0028703614457831327,0.11764373493975903,0.0005727710843373494
2022-08-06,0.2409132530120482,0.10429831325301205,0.011530602409638555,0.01018012048192771,0.0017943373493975903,0.11383638554216867,3.975903614457832e-06
2022-08-07,0.18582060240963855,0.08082722891566264,0.009451686746987951,0.007980963855421687,0.0017309638554216867,0.10632831325301205,1.8433734939759036e-05
2022-08-08,0.3259551807228916,0.15379807228915662,0.019923253012048194,0.0165610843373494,0.0027668674698795182,0.11161759036144578,0.0006621686746987952
2022-08-09,0.3631065060240964,0.1575944578313253,0.020877590361445784,0.018267951807228917,0.0030187951807228914,0.11113253012048192,0.0007150602409638554
2022-08-10,0.37764265060240965,0.16239951807228917,0.021524819277108434,0.017823012048192772,0.0031443373493975904,0.11430253012048193,0.0007369879518072289
2022-08-11,0.3727166265060241,0.15844590361445784,0.020649397590361447,0.017592650602409637,0.0030786746987951806,0.11648867469879517,0.000703855421686747
2022-08-12,0.3570979518072289,0.15344819277108435,0.021110843373493976,0.01657566265060241,0.002993855421686747,0.12006072289156626,0.0006532530120481928
2022-08-13,0.2517128915662651,0.1058432530120482,0.012436987951807229,0.01079144578313253,0.0019143373493975904,0.11492373493975903,0.0001966265060240964
2022-08-14,0.20214493975903614,0.0834510843373494,0.010631566265060241,0.008783132530120481,0.0017460240963855422,0.11228349397590362,0.00016132530120481928
2022-08-15,0.33353578313253013,0.14871180722891567,0.01946012048192771,0.017369879518072288,0.0027950602409638555,0.11101301204819278,0.00065
2022-08-16,0.36697493975903617,0.15527710843373493,0.02092180722891566,0.019022650602409638,0.0030113253012048194,0.11082349397590362,0.0007503614457831326
2022-08-17,0.37036469879518075,0.15481518072289158,0.02075277108433735,0.01877289156626506,0.0031209638554216866,0.11270891566265061,0.0007325301204819277
2022-08-18,0.3708346987951807,0.154694578313253,0.021823614457831327,0.01814975903614458,0.0030965060240963856,0.11838530120481927,0.0007028915662650602
2022-08-19,0.3516550602409639,0.14938903614457832,0.01984120481927711,0.017083253012048192,0.00290855421686747,0.11995060240963855,0.0006183132530120482
2022-08-20,0.24561710843373494,0.10546638554216868,0.01163277108433735,0.011773253012048193,0.0019160240963855422,0.11481289156626506,0.0002046987951807229
2022-08-21,0.1951110843373494,0.08341072289156627,0.010201084337349398,0.009839277108433735,0.0017610843373493975,0.11062602409638554,0.00015325301204819277
2022-08-22,0.31601024096385544,0.13786192771084338,0.019387710843373495,0.017046024096385542,0.002636987951807229,0.10657698795180723,0.0006246987951807229
2022-08-23,0.36055602409638554,0.15202192771084339,0.020951566265060242,0.018789518072289155,0.002945542168674699,0.11102204819277109,0.0007112048192771084
2022-08-24,0.3639409638554217,0.15519180722891565,0.021420481927710844,0.018213132530120482,0.003090843373493976,0.1140933734939759,0.0007272289156626506
2022-08-25,0.3723977108433735,0.15784746987951806,0.021346746987951807,0.017187831325301203,0.003007710843373494,0.11819566265060241,0.0007375903614457831
2022-08-26,0.34501843373493973,0.14668048192771085,0.020694578313253012,0.016060963855421686,0.0028213253012048193,0.11661831325301204,0.0005986746987951807
2022-08-27,0.24898096385542168,0.10531132530120482,0.01243277108433735,0.010844096385542169,0.0018765060240963855,0.11779614457831325,0.0002667469879518072
2022-08-28,0.19899867469879517,0.08214734939759036,0.01046590361445783,0.009192289156626506,0.001747710843373494,0.11330843373493976,0.00021879518072289158
2022-08-29,0.34173180722891566,0.1521686746987952,0.021757590361445783,0.016932530120481928,0.0027112048192771084,0.11170048192771084,0.0006873493975903614
2022-08-30,0.37251481927710844,0.1597943373493976,0.02361277108433735,0.018316265060240963,0.002927710843373494,0.11254975903614457,0.0007503614457831326
2022-08-31,0.37879843373493977,0.16175518072289158,0.023753493975903615,0.018011927710843374,0.0030772289156626507,0.11714783132530121,0.0007543373493975904
2022-09-01,0.3752610843373494,0.16123939759036143,0.02244710843373494,0.01687734939759036,0.0030580722891566264,0.12022240963855421,0.0007456626506024096
2022-09-02,0.3524465060240964,0.15071759036144577,0.02230759036144578,0.016627590361445784,0.002975421686746988,0.12124746987951807,0.0006393975903614458
2022-09-03,0.2550374698795181,0.10454819277108433,0.014024698795180724,0.011445421686746988,0.0019112048192771085,0.11137144578313253,0.0002957831325301205
2022-09-04,0.21715048192771083,0.0845356626506024,0.0117744578313253,0.009323614457831326,0.0018587951807228916,0.10866168674698795,0.00022819277108433736
2022-09-05,0.20384180722891565,0.08224951807228915,0.01122867469879518,0.008986144578313253,0.0011713253012048193,0.09656180722891566,0.00023819277108433736
2022-09-06,0.3690967469879518,0.14840469879518073,0.02292289156626506,0.019789759036144577,0.003007590361445783,0.10753843373493976,0.0007248192771084338
2022-09-07,0.4150067469879518,0.17016168674698795,0.024576265060240965,0.021641927710843372,0.00322566265060241,0.11317566265060242,0.000806987951807229
2022-09-08,0.43908518072289154,0.18283156626506025,0.024034819277108432,0.021540722891566264,0.003267590361445783,0.11640831325301206,0.0008656626506024096
2022-09-09,0.4194886746987952,0.17979481927710844,0.022883132530120483,0.019421325301204818,0.0030875903614457833,0.12157325301204819,0.0007749397590361446
2022-09-10,0.28395963855421685,0.11021012048192771,0.012504698795180723,0.011812409638554218,0.0018487951807228916,0.11835289156626506,0.0002346987951807229
2022-09-11,0.20930734939759035,0.07950951807228916,0.009956385542168674,0.008769759036144579,0.0017430120481927711,0.10391481927710844,0.0001536144578313253
2022-09-12,0.4074879518072289,0.1830510843373494,0.022596144578313253,0.019690361445783133,0.0030056626506024097,0.11151686746987952,0.0008268674698795181
2022-09-13,0.435946265060241,0.18767301204819278,0.02411698795180723,0.02170879518072289,0.003170722891566265,0.11097686746987952,0.0009098795180722891
2022-09-14,0.4508407228915663,0.19164650602409639,0.02442325301204819,0.021881807228915664,0.003388433734939759,0.11504903614457831,0.0009325301204819277
2022-09-15,0.4515338554216867,0.18962734939759035,0.023769156626506024,0.021165301204819277,0.003300120481927711,0.11827746987951807,0.0009307228915662651
2022-09-16,0.421970843373494,0.18095855421686746,0.02221975903614458,0.018765060240963857,0.0031355421686746986,0.12231987951807229,0.0008189156626506024
2022-09-17,0.28323951807228914,0.11038734939759036,0.011976265060240963,0.01225710843373494,0.001906987951807229,0.1170021686746988,0.0003244578313253012
2022-09-18,0.22220686746987953,0.08580253012048193,0.010401084337349398,0.00953710843373494,0.0018780722891566265,0.11268566265060241,0.00023421686746987952
2022-09-19,0.40602397590361444,0.17962963855421687,0.022630240963855422,0.019806265060240965,0.002950722891566265,0.10963168674698795,0.0008620481927710844
2022-09-20,0.45385831325301207,0.18728289156626507,0.02456301204819277,0.022743493975903615,0.0031503614457831326,0.11210144578313253,0.0009592771084337349
2022-09-21,0.4673231325301205,0.18597975903614458,0.02464722891566265,0.022694096385542168,0.003310722891566265,0.1139977108433735,0.0009773493975903614
2022-09-22,0.4497492771084337,0.17273939759036144,0.022976265060240964,0.02107855421686747,0.0031489156626506023,0.11310289156626506,0.0009497590361445783
2022-09-23,0.4369255421686747,0.17026915662650602,0.022972289156626507,0.020345301204819276,0.0031009638554216866,0.11828024096385542,0.000831566265060241
2022-09-24,0.2863965060240964,0.10372867469879518,0.011830361445783132,0.013954457831325302,0.0018786746987951807,0.1138433734939759,0.00023795180722891565
2022-09-25,0.21202795180722891,0.07962301204819278,0.009784578313253012,0.010526024096385542,0.0017795180722891565,0.10379927710843373,0.00019060240963855423
2022-09-26,0.3388979518072289,0.14541614457831326,0.021353614457831325,0.018545783132530122,0.0025942168674698797,0.10469638554216867,0.000704578313253012
2022-09-27,0.38603783132530123,0.1554478313253012,0.02316566265060241,0.02131819277108434,0.002933012048192771,0.10682626506024097,0.0008125301204819277
2022-09-28,0.44727156626506026,0.1857710843373494,0.024280120481927712,0.0215944578313253,0.003303975903614458,0.11216469879518072,0.0009521686746987952
2022-09-29,0.44671698795180725,0.18114120481927712,0.023408192771084337,0.02086,0.0032357831325301204,0.11569457831325301,0.000932289156626506
2022-09-30,0.4220769879518072,0.17796168674698795,0.021873373493975903,0.019762409638554218,0.0032065060240963855,0.12021265060240964,0.0007979518072289156
2022-10-01,0.24493771084337349,0.09142481927710844,0.008684457831325302,0.009686024096385542,0.0016527710843373493,0.09889987951807229,0.00022349397590361447
2022-10-02,0.19540373493975904,0.07131433734939759,0.00746,0.00824698795180723,0.0016743373493975904,0.09560144578313252,0.00015686746987951807
2022-10-03,0.4060298795180723,0.1718834939759036,0.02087566265060241,0.018543734939759037,0.003059036144578313,0.10610036144578314,0.0008221686746987952
2022-10-04,0.4093601204819277,0.1631444578313253,0.02191409638554217,0.020104578313253012,0.0030460240963855424,0.10043746987951807,0.0008222891566265061
2022-10-05,0.370764578313253,0.14538240963855423,0.02121578313253012,0.019050240963855422,0.002928313253012048,0.09833734939759037,0.0007243373493975903
2022-10-06,0.46372397590361447,0.18732602409638555,0.024552168674698796,0.021957469879518073,0.003436987951807229,0.11828975903614458,0.0009526506024096385
2022-10-07,0.4326602409638554,0.1783390361445783,0.02460975903614458,0.020115060240963857,0.003219879518072289,0.12272686746987951,0.0008271084337349398
2022-10-08,0.28882518072289154,0.1070489156626506,0.013817710843373495,0.013267710843373495,0.0018612048192771084,0.11628192771084338,0.00023795180722891565
2022-10-09,0.23105072289156625,0.08333204819277108,0.011805301204819277,0.010696746987951807,0.0017802409638554217,0.10977602409638554,0.00026506024096385544
2022-10-10,0.3080387951807229,0.12461301204819276,0.01967590361445783,0.018372048192771086,0.002145301204819277,0.10182277108433735,0.000508433734939759
2022-10-11,0.43968734939759035,0.18332373493975904,0.0245644578313253,0.023239397590361446,0.0031849397590361446,0.108374578313253,0.0009446987951807229
2022-10-12,0.45495530120481925,0.18725614457831324,0.024562168674698796,0.022347951807228917,0.003396746987951807,0.11395012048192771,0.0009421686746987952
2022-10-13,0.44371072289156627,0.17636084337349398,0.023537349397590362,0.02086433734939759,0.0031833734939759038,0.11265518072289156,0.0009148192771084337
2022-10-14,0.43117734939759034,0.17694,0.02248120481927711,0.020504578313253013,0.0032381927710843374,0.12056855421686748,0.0008285542168674698
2022-10-15,0.284759156626506,0.1102133734939759,0.012145060240963856,0.013039759036144578,0.0019210843373493975,0.11624807228915662,0.00022855421686746987
2022-10-16,0.2137232530120482,0.08494855421686746,0.009686144578313252,0.010293734939759037,0.0018479518072289157,0.10830951807228915,0.00016686746987951807
2022-10-17,0.3993369879518072,0.1723701204819277,0.022030722891566264,0.020568192771084338,0.002896987951807229,0.10368626506024096,0.0008375903614457832
2022-10-18,0.4450153012048193,0.18202722891566264,0.023979036144578313,0.02307710843373494,0.0031487951807228918,0.1077687951807229,0.000953855421686747
2022-10-19,0.4595667469879518,0.18616144578313254,0.024448313253012048,0.022313493975903615,0.003373734939759036,0.1103910843373494,0.0009559036144578313
2022-10-20,0.4591446987951807,0.18466168674698796,0.024323614457831325,0.021714939759036146,0.0033312048192771083,0.11692518072289157,0.0009378313253012048
2022-10-21,0.43016072289156626,0.17497349397590362,0.022385180722891567,0.020064939759036143,0.0031789156626506024,0.12024012048192771,0.0008250602409638554
2022-10-22,0.29282,0.11042638554216867,0.011797710843373494,0.014802771084337349,0.0019074698795180723,0.11697132530120483,1.0843373493975904e-05
2022-10-23,0.20970120481927712,0.08050397590361445,0.009159518072289157,0.010080120481927711,0.0017390361445783133,0.10507457831325301,2.2891566265060243e-06
2022-10-24,0.40455903614457833,0.1726178313253012,0.021974698795180724,0.019490602409638555,0.0029690361445783133,0.10691228915662651,0.0008348192771084337
2022-10-25,0.44729903614457833,0.18225602409638555,0.024177228915662652,0.022109277108433734,0.0032626506024096384,0.1089078313253012,0.0009474698795180722
2022-10-26,0.45717277108433735,0.1854887951807229,0.02431843373493976,0.021837831325301205,0.0033603614457831327,0.11235795180722892,0.0009612048192771084
2022-10-27,0.4690343373493976,0.18590734939759035,0.023709518072289156,0.02157012048192771,0.003377710843373494,0.11706710843373494,0.0009455421686746988
2022-10-28,0.4367166265060241,0.17540168674698794,0.021642530120481927,0.01916975903614458,0.0031610843373493978,0.11955313253012048,0.000800843373493976
2022-10-29,0.29404831325301206,0.10996638554216867,0.01046843373493976,0.012406626506024096,0.0019009638554216867,0.11434253012048193,5.060240963855422e-06
2022-10-30,0.22601843373493977,0.08566313253012048,0.008356385542168675,0.009707951807228915,0.0018462650602409638,0.10881566265060241,6.024096385542169e-07
2022-10-31,0.41095084337349397,0.16800638554216868,0.02139120481927711,0.018922289156626505,0.002913012048192771,0.10389602409638554,0.0008143373493975903
2022-11-01,0.4465912048192771,0.18088301204819277,0.023626746987951808,0.02149698795180723,0.0032521686746987953,0.1098255421686747,0.0009344578313253012
2022-11-02,0.4564003614457831,0.18671373493975904,0.023888795180722892,0.021826265060240962,0.0034328915662650604,0.11070301204819277,0.0009383132530120482
2022-11-03,0.45812710843373494,0.18337048192771085,0.023848192771084336,0.02150578313253012,0.0034173493975903613,0.11343530120481927,0.0009248192771084338
2022-11-04,0.4320913253012048,0.17585771084337348,0.02169686746987952,0.01944313253012048,0.0032939759036144578,0.11751168674698795,0.0008208433734939759
2022-11-05,0.2951738554216867,0.11061771084337349,0.011668072289156627,0.01334855421686747,0.00202289156626506,0.1132778313253012,0.0003166265060240964
2022-11-06,0.25494734939759034,0.07808253012048193,0.011162409638554216,0.011387590361445783,0.0016778313253012049,0.09389096385542169,0.000376144578313253
2022-11-07,0.4164901204819277,0.17816036144578312,0.02292710843373494,0.020289277108433736,0.0031557831325301207,0.10867433734939759,0.0008873493975903614
2022-11-08,0.41345783132530123,0.1634812048192771,0.024220240963855423,0.02206530120481928,0.0031251807228915665,0.10704361445783132,0.0007786746987951807
2022-11-09,0.4544614457831325,0.1828012048192771,0.023979518072289156,0.021756746987951808,0.0034444578313253013,0.1110110843373494,0.0009303614457831325
2022-11-10,0.4581,0.18274843373493976,0.024544819277108432,0.02175710843373494,0.0034198795180722893,0.11767409638554217,0.0009336144578313253
2022-11-11,0.36080819277108434,0.12982819277108434,0.02081397590361446,0.01861578313253012,0.002486024096385542,0.1048444578313253,0.0005491566265060241
2022-11-12,0.2929420481927711,0.1076912048192771,0.011435060240963855,0.012783253012048192,0.0018256626506024097,0.10711686746987951,0.0002725301204819277
2022-11-13,0.21614746987951808,0.07976313253012048,0.009261325301204819,0.009212048192771084,0.0018727710843373495,0.10361144578313253,0.0001997590361445783
2022-11-14,0.4097680722891566,0.17369939759036146,0.02187734939759036,0.01994855421686747,0.0030997590361445783,0.10720530120481928,0.0008596385542168675
2022-11-15,0.44742493975903613,0.1787689156626506,0.02363602409638554,0.022022891566265062,0.003392168674698795,0.10882614457831326,0.0009368674698795181
2022-11-16,0.45202084337349396,0.17886831325301206,0.023481084337349398,0.02159433734939759,0.0034426506024096385,0.10996204819277108,0.0009143373493975904
2022-11-17,0.45756807228915664,0.17989385542168676,0.023349036144578315,0.021463493975903615,0.0034672289156626505,0.11598433734939759,0.0009196385542168675
2022-11-18,0.4264098795180723,0.1702378313253012,0.022117590361445782,0.01949120481927711,0.00328144578313253,0.11824349397590361,0.0007886746987951807
2022-11-19,0.2799336144578313,0.10418867469879518,0.0117655421686747,0.012177831325301204,0.001936867469879518,0.11201048192771085,0.00019638554216867469
2022-11-20,0.20737192771084337,0.07782963855421687,0.008978795180722891,0.009020481927710843,0.0018742168674698795,0.1001055421686747,0.00013
2022-11-21,0.40525614457831327,0.16783506024096387,0.022357831325301204,0.020062289156626507,0.0031043373493975903,0.10801048192771084,0.0008454216867469879
2022-11-22,0.4275761445783133,0.17441180722891567,0.02412819277108434,0.022141084337349397,0.0033683132530120483,0.11840240963855422,0.0008990361445783133
2022-11-23,0.39325277108433737,0.16361638554216867,0.02535397590361446,0.022184939759036144,0.0030159036144578313,0.11852036144578314,0.0008267469879518072
2022-11-24,0.16653807228915662,0.06215698795180723,0.010936265060240964,0.010850240963855421,0.002213132530120482,0.10350168674698795,0.00024168674698795182
2022-11-25,0.2480310843373494,0.10155325301204819,0.01968120481927711,0.01787566265060241,0.001546265060240964,0.09232409638554216,0.0004049397590361446
2022-11-26,0.2409166265060241,0.09417650602409638,0.01268722891566265,0.012853614457831326,0.0015151807228915664,0.10275048192771084,0.000275421686746988
2022-11-27,0.1778587951807229,0.06771963855421687,0.009635301204819277,0.00923855421686747,0.001573855421686747,0.09815698795180723,0.00016963855421686747
2022-11-28,0.39349048192771086,0.16842927710843372,0.022495180722891566,0.019722168674698795,0.0030083132530120483,0.10895626506024096,0.0008578313253012048
2022-11-29,0.43336072289156624,0.1753366265060241,0.023192048192771084,0.02185180722891566,0.0032540963855421687,0.10735626506024096,0.0009048192771084337
2022-11-30,0.42992927710843376,0.16346132530120483,0.022789397590361447,0.021369518072289158,0.0031890361445783134,0.10335927710843373,0.0008679518072289157
2022-12-01,0.45427650602409636,0.1758956626506024,0.021906626506024096,0.02010313253012048,0.0032551807228915664,0.11221397590361445,0.0009081927710843374
2022-12-02,0.43379566265060243,0.16814963855421686,0.020826506024096386,0.01840313253012048,0.003253855421686747,0.11243602409638555,0.000792289156626506
2022-12-03,0.2761068674698795,0.09157939759036145,0.010569879518072289,0.010840481927710843,0.001872289156626506,0.09829734939759036,0.00017674698795180723
2022-12-04,0.2398167469879518,0.08213409638554217,0.009804939759036145,0.009659397590361446,0.001899156626506024,0.0968821686746988,0.00015253012048192772
2022-12-05,0.41947469879518073,0.17220578313253013,0.022076867469879517,0.01986421686746988,0.0031818072289156625,0.10527313253012048,0.0008449397590361445
2022-12-06,0.4522046987951807,0.17047939759036146,0.02360144578313253,0.021549638554216866,0.0032897590361445784,0.1058298795180723,0.0008972289156626507
2022-12-07,0.46208831325301203,0.17383987951807228,0.023426024096385542,0.021487349397590363,0.0033663855421686745,0.10831409638554217,0.0009067469879518072
2022-12-08,0.473674578313253,0.1784189156626506,0.023247951807228915,0.0219655421686747,0.0034086746987951806,0.1142278313253012,0.0009085542168674698
2022-12-09,0.4470997590361446,0.16704493975903614,0.022301686746987952,0.01989722891566265,0.003158192771084337,0.11616469879518072,0.0007685542168674699
2022-12-10,0.32090277108433735,0.10473734939759036,0.013511084337349398,0.014440722891566265,0.0019556626506024096,0.1084378313253012,0.00022566265060240963
2022-12-11,0.22476855421686748,0.07456265060240964,0.009350240963855422,0.00894855421686747,0.0018010843373493977,0.0937189156626506,0.00013289156626506023
2022-12-12,0.41770819277108434,0.1668510843373494,0.022044939759036146,0.019700722891566266,0.0031049397590361444,0.10557831325301205,0.000823855421686747
2022-12-13,0.45344192771084335,0.17316,0.023808795180722892,0.022073975903614457,0.0034016867469879516,0.10942144578313252,0.0009120481927710843
2022-12-14,0.4550810843373494,0.17289397590361447,0.02372542168674699,0.022106506024096386,0.0035037349397590363,0.11335638554216868,0.000891566265060241
2022-12-15,0.44893421686746987,0.16423614457831326,0.023043493975903613,0.02092879518072289,0.0032571084337349398,0.11227349397590361,0.0008434939759036145
2022-12-16,0.39397783132530123,0.14718481927710844,0.02055602409638554,0.018222168674698794,0.0029004819277108434,0.11052192771084338,0.0007015662650602409
2022-12-17,0.31057481927710845,0.10654012048192771,0.013767710843373493,0.014853734939759037,0.0020226506024096386,0.11249,0.0002495180722891566
2022-12-18,0.23701192771084337,0.08060168674698795,0.010499518072289157,0.010533132530120481,0.0019320481927710843,0.1015555421686747,0.0001791566265060241
2022-12-19,0.40739891566265063,0.16294638554216867,0.021479277108433736,0.01920277108433735,0.0030757831325301205,0.1068333734939759,0.0007940963855421687
2022-12-20,0.432058313253012,0.16852144578313252,0.02313144578313253,0.020885060240963857,0.003270843373493976,0.11124493975903614,0.0008489156626506024
2022-12-21,0.4293055421686747,0.16786626506024097,0.023094457831325303,0.020286626506024096,0.003431325301204819,0.11490072289156626,0.0008425301204819277
2022-12-22,0.38398590361445784,0.15293132530120482,0.021406626506024096,0.017754939759036144,0.00304144578313253,0.11285084337349398,0.0006901204819277109
2022-12-23,0.32988144578313255,0.1274320481927711,0.019724819277108434,0.016729759036144577,0.00245289156626506,0.09793144578313254,0.0005449397590361446
2022-12-24,0.1700565060240964,0.05989506024096385,0.007433855421686747,0.007273855421686747,0.0015372289156626506,0.08991759036144578,0.00015710843373493977
2022-12-25,0.12150024096385542,0.03870421686746988,0.0062525301204819275,0.005717349397590362,0.0016516867469879518,0.08804614457831325,0.00012108433734939758
2022-12-26,0.21841469879518072,0.07769012048192771,0.010530240963855422,0.010739397590361445,0.0011237349397590361,0.09213084337349398,0.0002667469879518072
2022-12-27,0.32885710843373495,0.1238177108433735,0.021551807228915663,0.01885578313253012,0.002573855421686747,0.10626373493975903,0.0006298795180722891
2022-12-28,0.3550636144578313,0.1311179518072289,0.021954939759036146,0.01969867469879518,0.002839879518072289,0.107444578313253,0.0006514457831325301
2022-12-29,0.3661966265060241,0.13247144578313252,0.02278012048192771,0.02013602409638554,0.0027951807228915665,0.11042951807228915,0.0006743373493975904
2022-12-30,0.3690939759036145,0.13097855421686747,0.023372168674698796,0.021230722891566266,0.0027651807228915664,0.11167240963855422,0.0006431325301204819
2022-12-31,0.23218084337349398,0.07849084337349398,0.00983012048192771,0.009782891566265061,0.0016975903614457831,0.08270289156626506,0.0002225301204819277
2023-01-01,0.20186831325301205,0.05725614457831325,0.008159277108433735,0.007989036144578313,0.0013826506024096385,0.08885939759036145,0.0002133734939759036
2023-01-02,0.23351253012048193,0.08909722891566266,0.009186385542168675,0.008723253012048193,0.0012212048192771084,0.08349204819277109,0.00032180722891566265
2023-01-03,0.38262373493975904,0.1528810843373494,0.021579397590361447,0.020136867469879517,0.002996144578313253,0.09825686746987952,0.0008256626506024096
2023-01-04,0.4112110843373494,0.1676444578313253,0.022028192771084337,0.02058397590361446,0.0032346987951807227,0.10109879518072289,0.0008773493975903615
2023-01-05,0.4130746987951807,0.16610819277108435,0.021117831325301206,0.02007734939759036,0.0032298795180722892,0.10352024096385543,0.000848433734939759
2023-01-06,0.38913951807228914,0.15898734939759035,0.01942879518072289,0.01717156626506024,0.003111325301204819,0.10525951807228916,0.0007289156626506024
2023-01-07,0.25495638554216865,0.0972266265060241,0.010507831325301205,0.010270361445783133,0.0017865060240963855,0.09741807228915662,0.00027674698795180725
2023-01-08,0.1940679518072289,0.07573638554216867,0.008270722891566265,0.00781843373493976,0.001826144578313253,0.08911518072289157,0.00018421686746987952
2023-01-09,0.3790051807228916,0.1630889156626506,0.020914939759036143,0.018956024096385544,0.0030027710843373496,0.0999243373493976,0.0007986746987951808
2023-01-10,0.4179731325301205,0.17018590361445785,0.02371289156626506,0.021630120481927712,0.0032902409638554215,0.10361132530120482,0.0008932530120481927
2023-01-11,0.4227665060240964,0.17131493975903614,0.022759518072289157,0.02100590361445783,0.0033724096385542167,0.10413036144578314,0.0008633734939759037
2023-01-12,0.41839867469879516,0.1644234939759036,0.022753012048192772,0.02032542168674699,0.0032673493975903614,0.10621433734939759,0.0008614457831325301
2023-01-13,0.393978313253012,0.16213831325301206,0.020177710843373494,0.017817469879518072,0.0031427710843373495,0.11118843373493977,0.0007279518072289157
2023-01-14,0.24968518072289156,0.09469301204819278,0.01020698795180723,0.010068072289156627,0.0018562650602409639,0.09855168674698796,0.0002480722891566265
2023-01-15,0.20551855421686746,0.07482421686746987,0.008732409638554216,0.008493132530120483,0.0018310843373493975,0.09129855421686747,0.0001819277108433735
2023-01-16,0.26171301204819275,0.10652433734939759,0.009929638554216868,0.009143614457831324,0.0017610843373493975,0.09787313253012048,0.0003783132530120482
2023-01-17,0.41585590361445784,0.1686232530120482,0.023294578313253014,0.022129397590361446,0.0032787951807228917,0.10489759036144579,0.0009026506024096385
2023-01-18,0.4341378313253012,0.17464939759036144,0.02388722891566265,0.02195289156626506,0.003520843373493976,0.10572795180722891,0.0009021686746987952
2023-01-19,0.4207501204819277,0.15997638554216867,0.021656867469879517,0.020496626506024098,0.0032213253012048195,0.10389590361445783,0.0008343373493975904
2023-01-20,0.4067333734939759,0.16664831325301205,0.02095698795180723,0.01807265060240964,0.00319855421686747,0.11024361445783133,0.0007460240963855422
2023-01-21,0.2574902409638554,0.09918506024096385,0.010654819277108435,0.010212409638554217,0.0018771084337349398,0.09962048192771085,0.00024795180722891565
2023-01-22,0.19197421686746988,0.07363265060240964,0.00781722891566265,0.00743710843373494,0.0017736144578313253,0.08966626506024096,0.00017819277108433736
2023-01-23,0.3777366265060241,0.15434180722891566,0.020834578313253013,0.018727590361445782,0.0030225301204819277,0.09750132530120482,0.0007481927710843374
2023-01-24,0.42972963855421686,0.1699609638554217,0.02365289156626506,0.02194301204819277,0.003337469879518072,0.10408265060240963,0.0008837349397590362
2023-01-25,0.42302060240963857,0.1617731325301205,0.022680361445783132,0.020692530120481927,0.00322144578313253,0.09821807228915663,0.0008357831325301204
2023-01-26,0.4372324096385542,0.1697042168674699,0.022917951807228915,0.02092722891566265,0.0032603614457831324,0.1073289156626506,0.000854578313253012
2023-01-27,0.4018520481927711,0.16163722891566265,0.021551927710843372,0.018043734939759037,0.003232048192771084,0.11085481927710844,0.0007290361445783133
2023-01-28,0.27085626506024096,0.10381686746987952,0.011880602409638555,0.010824698795180722,0.0018767469879518073,0.10142927710843373,0.00028108433734939757
2023-01-29,0.19727686746987952,0.07806301204819277,0.008808313253012049,0.007882168674698795,0.0018519277108433735,0.09212349397590361,0.00020409638554216868
2023-01-30,0.38837710843373496,0.165245421686747,0.02174409638554217,0.019177831325301205,0.0030934939759036145,0.10245855421686748,0.0007980722891566265
2023-01-31,0.4402896385542169,0.16456939759036143,0.023946385542168675,0.022106506024096386,0.003290120481927711,0.10276265060240963,0.0009148192771084337
2023-02-01,0.4437057831325301,0.17592120481927712,0.022173855421686747,0.020463373493975905,0.0034327710843373494,0.10464072289156627,0.0009142168674698795
2023-02-02,0.44577493975903615,0.17812975903614459,0.022626385542168673,0.0204655421686747,0.0033634939759036144,0.10780602409638554,0.000898433734939759
2023-02-03,0.3842831325301205,0.15021939759036146,0.019105903614457832,0.016374457831325302,0.0031612048192771083,0.1069177108433735,0.0007010843373493976
2023-02-04,0.20993192771084337,0.0721467469879518,0.008365421686746989,0.007714698795180723,0.001619156626506024,0.08879518072289157,0.00018734939759036144
2023-02-05,0.19582831325301206,0.07838831325301204,0.008358915662650603,0.007546867469879518,0.001856987951807229,0.09138903614457831,0.0001833734939759036
2023-02-06,0.4063186746987952,0.1724375903614458,0.02184578313253012,0.019013614457831327,0.0032095180722891566,0.1022901204819277,0.000851566265060241
2023-02-07,0.4504263855421687,0.1796887951807229,0.024269638554216866,0.022095060240963856,0.0034563855421686747,0.10455746987951807,0.0009320481927710844
2023-02-08,0.45550385542168675,0.182305421686747,0.023779518072289157,0.021789397590361446,0.0035726506024096384,0.10659698795180723,0.0009213253012048193
2023-02-09,0.45239265060240963,0.17621951807228917,0.023292289156626508,0.020783975903614457,0.003435542168674699,0.1095189156626506,0.0008919277108433735
2023-02-10,0.4264492771084337,0.17141939759036146,0.021643012048192772,0.01864578313253012,0.0033848192771084337,0.11421578313253013,0.0007803614457831326
2023-02-11,0.2811596385542169,0.1043110843373494,0.011377590361445783,0.010636265060240964,0.002004578313253012,0.10427771084337349,0.00019457831325301204
2023-02-12,0.2103733734939759,0.07945734939759036,0.00812734939759036,0.007636506024096386,0.0019644578313253013,0.09030518072289156,0.00014783132530120482
2023-02-13,0.3979924096385542,0.16644867469879518,0.021686987951807228,0.01924590361445783,0.0031204819277108435,0.10293903614457832,0.0007455421686746987
2023-02-14,0.45939072289156624,0.1784177108433735,0.02413578313253012,0.02166397590361446,0.003494096385542169,0.10817024096385543,0.0009104819277108434
2023-02-15,0.4533514457831325,0.18062108433734939,0.023776385542168675,0.021926746987951808,0.0035083132530120483,0.10902722891566265,0.0009025301204819277
2023-02-16,0.443829156626506,0.17603530120481928,0.022867710843373495,0.02074566265060241,0.0034173493975903613,0.1103322891566265,0.0008816867469879518
2023-02-17,0.3919475903614458,0.15848987951807228,0.020736506024096386,0.018090481927710844,0.003223975903614458,0.11285409638554217,0.0007098795180722891
2023-02-18,0.27362722891566266,0.09909698795180723,0.01102144578313253,0.011230481927710843,0.0018809638554216866,0.10369228915662651,0.00015253012048192772
2023-02-19,0.219775421686747,0.07710602409638555,0.009090120481927711,0.009043855421686746,0.0019475903614457832,0.09453614457831325,0.0001155421686746988
2023-02-20,0.2697056626506024,0.11198060240963856,0.010888072289156626,0.009636626506024096,0.0017853012048192772,0.09753951807228915,0.00018638554216867469
2023-02-21,0.4006677108433735,0.15344313253012049,0.02349,0.020997951807228916,0.00328,0.10410204819277108,0.000786144578313253
2023-02-22,0.4161881927710843,0.15731855421686747,0.023343734939759036,0.020624939759036145,0.003360843373493976,0.1048144578313253,0.0007877108433734939
2023-02-23,0.42149,0.16011168674698795,0.022703373493975904,0.020143734939759034,0.0032934939759036146,0.109195421686747,0.0008066265060240964
2023-02-24,0.39116855421686747,0.1502165060240964,0.021661807228915662,0.018440722891566265,0.003141807228915663,0.11181409638554217,0.0006687951807228915
2023-02-25,0.2462210843373494,0.09649963855421687,0.01041,0.009848433734939759,0.0018627710843373494,0.10019433734939759,0.00016819277108433734
2023-02-26,0.19580614457831325,0.08145072289156627,0.00894289156626506,0.008156867469879519,0.001914578313253012,0.09728614457831325,0.0001319277108433735
2023-02-27,0.40215855421686747,0.1714809638554217,0.021720120481927712,0.01931879518072289,0.0032204819277108433,0.10296686746987951,0.0008134939759036144
2023-02-28,0.41109385542168675,0.1625509638554217,0.021389397590361445,0.016786265060240963,0.0031465060240963853,0.09055939759036144,0.0008060240963855421
2023-03-01,0.4555075903614458,0.18214361445783134,0.023149638554216867,0.0212844578313253,0.0035480722891566264,0.10861807228915663,0.0008919277108433735
2023-03-02,0.4537259036144578,0.179954578313253,0.023523253012048193,0.021286506024096385,0.0034913253012048193,0.11258156626506025,0.0008956626506024096
2023-03-03,0.4194975903614458,0.17080361445783132,0.020797951807228914,0.018144939759036145,0.0032889156626506023,0.11252915662650602,0.0007430120481927711
2023-03-04,0.2618333734939759,0.10486036144578313,0.011653012048192772,0.01016289156626506,0.001959397590361446,0.10177722891566265,0.00017457831325301204
2023-03-05,0.21350855421686746,0.08583228915662651,0.00976855421686747,0.008785301204819277,0.0020428915662650603,0.10016578313253012,0.0001463855421686747
2023-03-06,0.4128938554216868,0.17597578313253012,0.02239710843373494,0.019676385542168676,0.003319277108433735,0.10550554216867469,0.0008251807228915663
2023-03-07,0.4546722891566265,0.17955084337349397,0.024766144578313252,0.022483734939759036,0.003423734939759036,0.10689481927710844,0.0009165060240963856
2023-03-08,0.4629953012048193,0.18243156626506024,0.0244889156626506,0.02252289156626506,0.0036718072289156625,0.11065373493975904,0.0008978313253012048
2023-03-09,0.4611633734939759,0.1825487951807229,0.02430253012048193,0.022433373493975905,0.003596024096385542,0.11378385542168674,0.0008687951807228915
2023-03-10,0.42196855421686746,0.16974807228915662,0.02203289156626506,0.019343373493975902,0.0033986746987951805,0.11617722891566265,0.0007391566265060241
2023-03-11,0.2687385542168675,0.09903493975903614,0.0095155421686747,0.01068277108433735,0.0018666265060240965,0.10145879518072289,0.0002163855421686747
2023-03-12,0.21368493975903616,0.08265530120481927,0.009153012048192771,0.008482289156626506,0.002005301204819277,0.10034614457831326,0.00018638554216867469
2023-03-13,0.4039021686746988,0.1659090361445783,0.0216610843373494,0.01895301204819277,0.0031357831325301206,0.10276638554216867,0.0007660240963855421
2023-03-14,0.43099397590361443,0.16391530120481929,0.022819518072289158,0.019160361445783133,0.003164096385542169,0.09341975903614458,0.0008272289156626506
2023-03-15,0.47136939759036145,0.17995240963855422,0.02470987951807229,0.022545542168674697,0.003576746987951807,0.11047204819277108,0.0009003614457831325
2023-03-16,0.47587807228915663,0.1834033734939759,0.025281686746987952,0.022599156626506023,0.0036326506024096385,0.11760650602409639,0.0009110843373493976
2023-03-17,0.4411468674698795,0.16969542168674698,0.023998915662650604,0.02065578313253012,0.0033848192771084337,0.11627867469879519,0.0008180722891566265
2023-03-18,0.29131,0.11103240963855422,0.012291686746987952,0.012263614457831326,0.002027469879518072,0.11135831325301204,0.00022156626506024095
2023-03-19,0.22825012048192772,0.07972722891566265,0.009883373493975904,0.008787469879518072,0.0019844578313253014,0.10606879518072289,0.0001502409638554217
2023-03-20,0.4147697590361446,0.17407506024096386,0.023056265060240964,0.02015132530120482,0.0032471084337349397,0.10798168674698795,0.000830722891566265
2023-03-21,0.4579619277108434,0.1821289156626506,0.02566578313253012,0.022882530120481928,0.0035501204819277108,0.11068481927710844,0.0009457831325301205
2023-03-22,0.45751795180722893,0.1818187951807229,0.024436867469879518,0.02220734939759036,0.0036143373493975903,0.11087855421686747,0.0009143373493975904
2023-03-23,0.4547465060240964,0.17672759036144578,0.02420120481927711,0.021430963855421686,0.003516746987951807,0.11260650602409639,0.0008684337349397591
2023-03-24,0.42581927710843376,0.17112602409638555,0.02269301204819277,0.019225783132530122,0.0033593975903614456,0.11555987951807228,0.0007389156626506024
2023-03-25,0.2594643373493976,0.09446602409638555,0.010735060240963856,0.009964096385542168,0.0018742168674698795,0.10006590361445783,0.00021265060240963855
2023-03-26,0.23373301204819277,0.08733373493975903,0.010006506024096385,0.009857710843373495,0.0020334939759036144,0.10503903614457831,0.00019855421686746987
2023-03-27,0.4093081927710843,0.1718344578313253,0.023188072289156626,0.02006542168674699,0.00318,0.10665506024096386,0.0008042168674698795
2023-03-28,0.4537253012048193,0.17961951807228915,0.025040602409638554,0.022806506024096385,0.003484698795180723,0.10782939759036145,0.0009085542168674698
2023-03-29,0.4666202409638554,0.18336963855421687,0.025148915662650602,0.02259277108433735,0.003586867469879518,0.11119313253012048,0.0009427710843373494
2023-03-30,0.46509506024096386,0.1791379518072289,0.02416879518072289,0.022571566265060242,0.0035377108433734938,0.11537771084337349,0.0009050602409638554
2023-03-31,0.43057048192771086,0.17152843373493976,0.02220987951807229,0.019142048192771086,0.0034456626506024096,0.11782674698795181,0.0007742168674698796
2023-04-01,0.2751244578313253,0.10147144578313252,0.009896385542168675,0.010613975903614457,0.001979277108433735,0.10316698795180723,0.00018313253012048193
2023-04-02,0.23489939759036144,0.0863710843373494,0.009163734939759036,0.009521325301204819,0.002127710843373494,0.10306289156626507,0.00015891566265060242
2023-04-03,0.4334680722891566,0.17771289156626505,0.022041807228915664,0.019562650602409637,0.0032996385542168674,0.10833457831325301,0.0008525301204819277
2023-04-04,0.4707086746987952,0.1831012048192771,0.024103975903614457,0.022743253012048194,0.0035780722891566264,0.11006759036144578,0.0009196385542168675
2023-04-05,0.4578271084337349,0.1725689156626506,0.024706024096385542,0.022323253012048194,0.0035496385542168676,0.11307626506024096,0.0008630120481927711
2023-04-06,0.41220132530120485,0.1523266265060241,0.02329397590361446,0.02038457831325301,0.0032603614457831324,0.11023289156626506,0.0007375903614457831
2023-04-07,0.3771897590361446,0.13858096385542168,0.022626506024096386,0.01918819277108434,0.0028712048192771084,0.10852674698795181,0.0005933734939759036
2023-04-08,0.28835506024096386,0.10635265060240964,0.013101204819277108,0.011960602409638555,0.0019585542168674697,0.10512843373493976,0.0002883132530120482
2023-04-09,0.2235934939759036,0.07882638554216867,0.011810843373493977,0.01031566265060241,0.002292289156626506,0.10897650602409639,0.0002308433734939759
2023-04-10,0.3786433734939759,0.1489920481927711,0.023061686746987952,0.020567831325301204,0.002907831325301205,0.1111544578313253,0.0007374698795180723
2023-04-11,0.4262461445783133,0.15863975903614458,0.025400963855421687,0.02335313253012048,0.0033466265060240964,0.10786156626506024,0.000853132530120482
2023-04-12,0.43092614457831324,0.1580021686746988,0.025036385542168676,0.02308120481927711,0.0034127710843373494,0.10733626506024097,0.0008268674698795181
2023-04-13,0.43714506024096383,0.15806096385542168,0.024105060240963854,0.022127469879518073,0.003427831325301205,0.11315975903614457,0.0008033734939759036
2023-04-14,0.4182433734939759,0.1559466265060241,0.022994939759036145,0.02093855421686747,0.0033149397590361445,0.11916289156626506,0.0007071084337349398
2023-04-15,0.2849956626506024,0.10723493975903614,0.012023253012048193,0.012518313253012048,0.002024578313253012,0.11036240963855422,0.00021
2023-04-16,0.2246690361445783,0.08776650602409639,0.009676867469879518,0.010244096385542169,0.0020283132530120483,0.10625578313253012,0.00015771084337349399
2023-04-17,0.4119077108433735,0.17325819277108434,0.02270421686746988,0.020211927710843375,0.0033266265060240964,0.10810493975903615,0.0008344578313253012
2023-04-18,0.46531722891566263,0.18387144578313253,0.025046024096385542,0.023439518072289157,0.003573253012048193,0.11200638554216867,0.000949277108433735
2023-04-19,0.4732175903614458,0.18439180722891566,0.024833253012048192,0.02350421686746988,0.0037143373493975906,0.11481698795180723,0.0009504819277108433
2023-04-20,0.48222084337349397,0.18316361445783133,0.02514024096385542,0.022855301204819278,0.0036272289156626504,0.12224493975903615,0.0009128915662650602
2023-04-21,0.42075385542168675,0.15792012048192772,0.02354722891566265,0.02105144578313253,0.0033466265060240964,0.11982518072289157,0.0007234939759036145
2023-04-22,0.301944578313253,0.10759204819277109,0.012787228915662651,0.012774939759036144,0.0020319277108433735,0.11217795180722892,0.0002066265060240964
2023-04-23,0.23171602409638553,0.08116481927710843,0.010577469879518072,0.00951843373493976,0.0019213253012048193,0.10611156626506024,0.0001597590361445783
2023-04-24,0.4290677108433735,0.17671831325301204,0.023685903614457833,0.020963493975903615,0.003283614457831325,0.10987626506024097,0.0008457831325301205
2023-04-25,0.4767375903614458,0.18423638554216867,0.026116506024096386,0.023146385542168673,0.0035546987951807227,0.11176036144578314,0.0009404819277108433
2023-04-26,0.48130566265060243,0.18451518072289155,0.026035783132530122,0.02311867469879518,0.0036374698795180725,0.11412698795180723,0.0009346987951807229
2023-04-27,0.48190734939759033,0.18154012048192772,0.026105301204819277,0.02221265060240964,0.003610722891566265,0.11829024096385542,0.0009113253012048193
2023-04-28,0.44615518072289156,0.17157566265060242,0.023546506024096386,0.019380843373493977,0.0034103614457831324,0.12006602409638555,0.0007760240963855422
2023-04-29,0.26264795180722894,0.08621783132530121,0.010261084337349397,0.009278192771084338,0.0018901204819277108,0.10030168674698796,0.00022542168674698795
2023-04-30,0.21013228915662652,0.06964759036144579,0.009043975903614459,0.007871566265060241,0.001861566265060241,0.09471939759036145,0.00016325301204819277
2023-05-01,0.4415367469879518,0.17657807228915662,0.02271879518072289,0.020141927710843374,0.0033066265060240963,0.11120132530120481,0.0008385542168674699
2023-05-02,0.4773322891566265,0.1805501204819277,0.025487951807228914,0.023761084337349397,0.003550843373493976,0.11041674698795181,0.0009336144578313253
2023-05-03,0.485614578313253,0.18478481927710844,0.025234939759036144,0.023537710843373492,0.003716867469879518,0.11335204819277109,0.0009472289156626506
2023-05-04,0.48012060240963855,0.18041289156626505,0.024858192771084336,0.022835903614457833,0.00366855421686747,0.11648626506024097,0.0008936144578313253
2023-05-05,0.45293674698795183,0.17477084337349397,0.024177710843373494,0.020555421686746986,0.003488192771084337,0.12186638554216868,0.0007848192771084337
2023-05-06,0.30880746987951807,0.11260602409638554,0.013436746987951807,0.012447951807228916,0.002210722891566265,0.11766626506024096,0.00031132530120481927
2023-05-07,0.24503493975903615,0.08499024096385542,0.011093493975903614,0.010000843373493976,0.0021472289156626505,0.10868277108433735,0.00032590361445783135
2023-05-08,0.42931807228915664,0.17601590361445782,0.023862168674698796,0.02178180722891566,0.0033459036144578313,0.11265602409638555,0.0008669879518072289
2023-05-09,0.47295843373493973,0.18372192771084336,0.02666144578313253,0.02470710843373494,0.0036051807228915664,0.11506421686746988,0.0009430120481927711
2023-05-10,0.4836155421686747,0.1841132530120482,0.026716506024096386,0.024507710843373495,0.003778313253012048,0.1182633734939759,0.0009636144578313253
2023-05-11,0.48384843373493974,0.18497156626506023,0.025383493975903615,0.024217590361445784,0.0037227710843373493,0.12247927710843373,0.0009179518072289156
2023-05-12,0.44857734939759036,0.17305843373493976,0.024261084337349397,0.022292409638554216,0.0035418072289156626,0.12575927710843374,0.0007986746987951808
2023-05-13,0.29966,0.11063337349397591,0.013712048192771085,0.013245783132530121,0.0022096385542168676,0.1214832530120482,0.00023771084337349398
2023-05-14,0.23216457831325302,0.08320554216867469,0.012310602409638554,0.012179277108433735,0.0024363855421686747,0.11819457831325302,0.00019927710843373493
2023-05-15,0.4281256626506024,0.1735832530120482,0.024242048192771086,0.022278192771084337,0.003119518072289157,0.1142044578313253,0.0008380722891566265
2023-05-16,0.48217048192771084,0.1830598795180723,0.02740831325301205,0.024998072289156625,0.0035839759036144577,0.11627602409638554,0.000955421686746988
2023-05-17,0.49455253012048195,0.18295734939759037,0.026874578313253013,0.024895180722891565,0.003665421686746988,0.11873867469879518,0.0008575903614457831
2023-05-18,0.4918257831325301,0.17983819277108434,0.02638012048192771,0.023907590361445782,0.003595421686746988,0.12155253012048192,0.0009072289156626506
2023-05-19,0.4566179518072289,0.1724420481927711,0.025097590361445783,0.021820963855421687,0.0034193975903614457,0.12338120481927711,0.0007665060240963855
2023-05-20,0.2788761445783133,0.09166626506024096,0.012404457831325301,0.011521084337349398,0.001996385542168675,0.10708240963855421,0.00023734939759036144
2023-05-21,0.25695469879518074,0.08769277108433735,0.012467951807228915,0.01100421686746988,0.002113855421686747,0.11565638554216867,0.00023120481927710844
2023-05-22,0.4303310843373494,0.17421867469879518,0.02447253012048193,0.022410602409638554,0.0032575903614457833,0.11358325301204819,0.0008355421686746988
2023-05-23,0.47337385542168675,0.1808401204819277,0.02646012048192771,0.025857951807228916,0.0035587951807228915,0.11490397590361445,0.0009551807228915663
2023-05-24,0.47714024096385543,0.18071602409638554,0.026492289156626506,0.025118915662650603,0.0036740963855421685,0.11852096385542168,0.0009237349397590362
2023-05-25,0.4649861445783133,0.1758555421686747,0.026017590361445783,0.02431987951807229,0.00353144578313253,0.12136638554216868,0.000865421686746988
2023-05-26,0.42126638554216866,0.16509060240963855,0.02498156626506024,0.02255277108433735,0.0032574698795180723,0.11978132530120482,0.0006924096385542168
2023-05-27,0.2862338554216867,0.10222192771084337,0.014028795180722892,0.014459156626506025,0.0020157831325301203,0.11153807228915663,0.00035096385542168675
2023-05-28,0.24446843373493976,0.0852755421686747,0.012407831325301205,0.012290240963855422,0.0021116867469879517,0.10916734939759036,0.00029228915662650603
2023-05-29,0.23527457831325302,0.09143289156626506,0.011982650602409639,0.010379397590361446,0.0014603614457831325,0.10079674698795181,0.0003036144578313253
2023-05-30,0.4475739759036145,0.17328734939759036,0.0274244578313253,0.024778433734939757,0.003330722891566265,0.11564144578313253,0.0008913253012048193
2023-05-31,0.471250843373494,0.1784097590361446,0.027617710843373493,0.025541927710843373,0.003623855421686747,0.11706048192771085,0.0009266265060240964
2023-06-01,0.4691767469879518,0.17560277108433736,0.025359397590361446,0.02306144578313253,0.0036250602409638555,0.12121771084337349,0.0008616867469879518
2023-06-02,0.4369265060240964,0.1686098795180723,0.02440277108433735,0.02053,0.0035626506024096388,0.1218366265060241,0.0007795180722891566
2023-06-03,0.2905667469879518,0.1083387951807229,0.013942530120481928,0.012369638554216867,0.00218289156626506,0.11546337349397591,0.00022132530120481928
2023-06-04,0.2395578313253012,0.08605036144578314,0.012424096385542168,0.010705903614457831,0.0022203614457831323,0.11221048192771084,0.00018951807228915663
2023-06-05,0.42700072289156626,0.1725489156626506,0.024193493975903615,0.022109638554216868,0.003363855421686747,0.11311060240963855,0.0008303614457831326
2023-06-06,0.47338927710843376,0.17762855421686746,0.026310361445783133,0.025697831325301203,0.0036143373493975903,0.1139222891566265,0.000939156626506024
2023-06-07,0.45107096385542167,0.16757036144578313,0.025660481927710845,0.024451927710843372,0.0037526506024096384,0.11346963855421686,0.0008836144578313253
2023-06-08,0.3937986746987952,0.1465410843373494,0.02282975903614458,0.021323493975903614,0.0033360240963855423,0.11230867469879519,0.0006630120481927711
2023-06-09,0.41267855421686744,0.15140602409638554,0.02578325301204819,0.022370722891566264,0.003113855421686747,0.12120168674698795,0.0006604819277108433
2023-06-10,0.3143079518072289,0.10758265060240964,0.016783614457831324,0.014170602409638555,0.002168192771084337,0.11942626506024097,0.0002383132530120482
2023-06-11,0.25007843373493976,0.08375903614457832,0.012888072289156626,0.011821084337349397,0.0021636144578313253,0.11768807228915662,0.00019060240963855423
2023-06-12,0.4192053012048193,0.16802108433734939,0.024339156626506025,0.022330481927710845,0.0033156626506024097,0.11317710843373494,0.0008125301204819277
2023-06-13,0.4780915662650602,0.1807375903614458,0.028143132530120483,0.02558602409638554,0.003667590361445783,0.11698915662650602,0.0009457831325301205
2023-06-14,0.46904493975903616,0.17285385542168674,0.028393614457831326,0.025029638554216867,0.0036940963855421685,0.11704060240963855,0.000871566265060241
2023-06-15,0.47330036144578314,0.17774698795180724,0.027543132530120484,0.024841927710843374,0.003770843373493976,0.12395566265060241,0.0008903614457831325
2023-06-16,0.409149156626506,0.15671698795180722,0.025889518072289158,0.02143566265060241,0.003456987951807229,0.12355590361445783,0.0007180722891566265
2023-06-17,0.2890989156626506,0.10511481927710843,0.01670530120481928,0.013428915662650602,0.002164698795180723,0.12048831325301204,0.00031710843373493976
2023-06-18,0.23826289156626507,0.08525481927710843,0.014457349397590361,0.011517710843373495,0.002335421686746988,0.11709156626506025,0.0002444578313253012
2023-06-19,0.31769722891566265,0.12960807228915663,0.023692168674698796,0.020312168674698795,0.002107710843373494,0.11615313253012048,0.0004932530120481928
2023-06-20,0.4557602409638554,0.1728021686746988,0.02841036144578313,0.027032650602409638,0.003552048192771084,0.11796072289156627,0.0009084337349397591
2023-06-21,0.47015638554216865,0.17234650602409637,0.029176144578313253,0.026643493975903616,0.0037372289156626507,0.12038566265060241,0.0009097590361445783
2023-06-22,0.45571951807228916,0.16478421686746988,0.028143132530120483,0.025176987951807228,0.0035204819277108433,0.12209301204819277,0.0008380722891566265
2023-06-23,0.4181415662650602,0.15457277108433734,0.0267810843373494,0.0226955421686747,0.0034480722891566265,0.12324602409638555,0.0007430120481927711
2023-06-24,0.29734867469879517,0.10176795180722892,0.015430722891566264,0.01315867469879518,0.0020406024096385543,0.11465120481927711,0.00030734939759036146
2023-06-25,0.2677956626506024,0.0830144578313253,0.014882771084337349,0.013643132530120483,0.0020606024096385543,0.11426843373493976,0.0002708433734939759
2023-06-26,0.40256891566265063,0.15840277108433734,0.02631240963855422,0.022297590361445782,0.0032316867469879516,0.11600746987951807,0.0007850602409638554
2023-06-27,0.4511116867469879,0.16770048192771084,0.02792024096385542,0.025208915662650603,0.0035236144578313254,0.11684144578313253,0.0009196385542168675
2023-06-28,0.43786385542168677,0.157329156626506,0.028127349397590363,0.024975060240963857,0.0035050602409638556,0.11907409638554217,0.0008146987951807229
2023-06-29,0.4401965060240964,0.15754807228915663,0.028147590361445783,0.024183614457831324,0.0034790361445783133,0.1248877108433735,0.000836867469879518
2023-06-30,0.3927430120481928,0.15046048192771083,0.026466626506024098,0.021453493975903615,0.003376867469879518,0.12569710843373494,0.0007008433734939759
2023-07-01,0.26982277108433733,0.10352951807228916,0.014490361445783133,0.011999638554216867,0.0020593975903614456,0.11528795180722892,0.0003307228915662651
2023-07-02,0.21491048192771084,0.08051771084337349,0.011178313253012048,0.00896566265060241,0.002014096385542169,0.10034072289156626,0.00023951807228915663
2023-07-03,0.32072915662650603,0.13469036144578314,0.018029036144578313,0.015471927710843374,0.002866867469879518,0.10369421686746988,0.000568433734939759
2023-07-04,0.21580469879518072,0.07613698795180723,0.01162144578313253,0.010121686746987952,0.0015733734939759037,0.08619915662650603,0.000277710843373494
2023-07-05,0.3998046987951807,0.15621481927710842,0.02547566265060241,0.022823373493975903,0.0034667469879518073,0.11606530120481928,0.0007797590361445783
2023-07-06,0.4210609638554217,0.16067831325301205,0.025221084337349396,0.02250867469879518,0.0036016867469879517,0.11561879518072289,0.000796144578313253
2023-07-07,0.39665855421686746,0.15348192771084337,0.02384240963855422,0.02067433734939759,0.0034468674698795183,0.11771192771084338,0.0007069879518072289
2023-07-08,0.2781679518072289,0.10446349397590361,0.01457,0.012994457831325301,0.002154096385542169,0.11433831325301205,0.0003246987951807229
2023-07-09,0.21404903614457832,0.07854855421686747,0.011475060240963855,0.01009433734939759,0.00201144578313253,0.10478144578313253,0.00023060240963855422
2023-07-10,0.38659397590361444,0.1575056626506024,0.023675421686746988,0.020662289156626507,0.0032956626506024096,0.11151433734939759,0.0007439759036144578
2023-07-11,0.4353819277108434,0.16647,0.026737710843373494,0.02411457831325301,0.003624698795180723,0.11471228915662651,0.0008613253012048192
2023-07-12,0.44539,0.16668481927710843,0.026276746987951807,0.023996265060240964,0.003736746987951807,0.11781903614457831,0.0008314457831325302
2023-07-13,0.4395189156626506,0.1637713253012048,0.026351204819277108,0.023006265060240963,0.0036120481927710843,0.1193687951807229,0.0008298795180722891
2023-07-14,0.38667385542168675,0.14838843373493976,0.023869759036144578,0.01973975903614458,0.003432409638554217,0.11888530120481927,0.0006732530120481928
2023-07-15,0.2802474698795181,0.10719385542168675,0.014940602409638555,0.012906506024096386,0.002173855421686747,0.11844963855421686,0.0002902409638554217
2023-07-16,0.19275397590361446,0.07031867469879519,0.010814819277108433,0.008723614457831326,0.0019874698795180725,0.09851313253012048,0.00018783132530120482
2023-07-17,0.39543277108433733,0.1579289156626506,0.02474433734939759,0.021953734939759037,0.0033297590361445785,0.11623012048192771,0.0007644578313253012
2023-07-18,0.43190590361445785,0.15827289156626506,0.0271444578313253,0.02460277108433735,0.0035066265060240964,0.11376,0.0008151807228915663
2023-07-19,0.4432943373493976,0.16178084337349397,0.027012289156626505,0.0245610843373494,0.0036779518072289157,0.11686072289156627,0.0008359036144578313
2023-07-20,0.44711048192771086,0.1606755421686747,0.027027349397590363,0.02378313253012048,0.003583734939759036,0.12098397590361445,0.0008262650602409639
2023-07-21,0.388813734939759,0.14600469879518072,0.024238192771084337,0.021312289156626505,0.0033114457831325303,0.12058265060240964,0.0006492771084337349
2023-07-22,0.29638433734939756,0.10776987951807229,0.016063614457831325,0.011230722891566266,0.0022027710843373492,0.12115734939759036,0.0002550602409638554
2023-07-23,0.2390967469879518,0.08720168674698796,0.01403433734939759,0.011413132530120482,0.0021712048192771083,0.11911277108433735,0.00018204819277108434
2023-07-24,0.3922143373493976,0.15698361445783132,0.024822289156626508,0.02177301204819277,0.0032797590361445784,0.11431987951807229,0.0007439759036144578
2023-07-25,0.43739927710843374,0.15755614457831324,0.02730734939759036,0.025428072289156625,0.0035283132530120483,0.11324409638554217,0.0008493975903614458
2023-07-26,0.4528166265060241,0.16654759036144579,0.02727265060240964,0.025339156626506026,0.0036748192771084336,0.11779192771084337,0.0008792771084337349
2023-07-27,0.4313267469879518,0.15823915662650603,0.026440963855421686,0.022617951807228916,0.003456867469879518,0.11726686746987952,0.0008178313253012048
2023-07-28,0.3935179518072289,0.15015602409638554,0.024800602409638554,0.02049734939759036,0.0033159036144578312,0.12336843373493976,0.000678433734939759
2023-07-29,0.2712679518072289,0.10324349397590361,0.014512891566265061,0.012109397590361446,0.002017710843373494,0.11530879518072289,0.00027879518072289154
2023-07-30,0.23523289156626506,0.0849733734939759,0.014070361445783133,0.011067590361445783,0.002102409638554217,0.11916518072289156,0.0002502409638554217
2023-07-31,0.3861349397590361,0.1546789156626506,0.024816385542168674,0.022331084337349396,0.0032146987951807227,0.11683277108433734,0.0007422891566265061
2023-08-01,0.43353963855421684,0.16352433734939759,0.0266889156626506,0.024041807228915663,0.0035366265060240965,0.11501795180722892,0.0008506024096385542
2023-08-02,0.4385912048192771,0.16376301204819277,0.02646277108433735,0.02421722891566265,0.0036602409638554216,0.11626240963855422,0.0008328915662650602
2023-08-03,0.43482843373493973,0.16270746987951806,0.02657409638554217,0.023740240963855422,0.0036726506024096386,0.11987686746987952,0.0008136144578313253
2023-08-04,0.38897710843373495,0.14953277108433735,0.023316626506024098,0.020666626506024098,0.0033889156626506025,0.11903542168674698,0.0006738554216867469
2023-08-05,0.28486313253012047,0.10595457831325301,0.014770602409638555,0.0138144578313253,0.0022692771084337347,0.11683156626506024,0.0003419277108433735
2023-08-06,0.23022180722891566,0.08616024096385543,0.012939638554216867,0.011567469879518072,0.0022656626506024095,0.11524084337349398,0.000261566265060241
2023-08-07,0.3663856626506024,0.1455955421686747,0.02307590361445783,0.019734819277108434,0.0032739759036144577,0.10859542168674699,0.0007089156626506024
2023-08-08,0.42289722891566267,0.16133409638554216,0.026331927710843372,0.02335746987951807,0.0035463855421686745,0.11250626506024096,0.0008475903614457831
2023-08-09,0.4353086746987952,0.1649512048192771,0.02701698795180723,0.02313590361445783,0.003716746987951807,0.11567698795180723,0.0008262650602409639
2023-08-10,0.41316915662650605,0.15205698795180722,0.025154457831325302,0.02153831325301205,0.003585301204819277,0.11528614457831325,0.000763012048192771
2023-08-11,0.39900168674698794,0.1536889156626506,0.024933373493975904,0.020616385542168675,0.0035071084337349396,0.12275,0.0007372289156626506
2023-08-12,0.2851550602409639,0.10177698795180723,0.015853734939759036,0.013164939759036145,0.00221566265060241,0.11693096385542169,0.00034156626506024097
2023-08-13,0.23536843373493976,0.08319771084337349,0.013606265060240964,0.01129277108433735,0.0021772289156626505,0.11630867469879518,0.00026457831325301203
2023-08-14,0.3726266265060241,0.15017409638554216,0.024259277108433733,0.02034614457831325,0.003275301204819277,0.11324337349397591,0.0007290361445783133
2023-08-15,0.4079513253012048,0.1534677108433735,0.025556144578313254,0.022583253012048193,0.003508674698795181,0.11133168674698796,0.0008048192771084338
2023-08-16,0.41537927710843375,0.15674132530120483,0.02619253012048193,0.022923734939759036,0.0037063855421686745,0.11522301204819277,0.0008014457831325301
2023-08-17,0.40783807228915664,0.15373409638554217,0.025580843373493974,0.02176277108433735,0.003619879518072289,0.11747204819277109,0.0007662650602409638
2023-08-18,0.3834356626506024,0.14560265060240965,0.02513722891566265,0.02101325301204819,0.003309397590361446,0.12047903614457832,0.0006459036144578314
2023-08-19,0.2842122891566265,0.10323060240963855,0.01735855421686747,0.014948072289156627,0.0023187951807228917,0.11847626506024096,0.00032108433734939757
2023-08-20,0.2253765060240964,0.08311192771084337,0.012210963855421687,0.011365301204819277,0.002169156626506024,0.1155189156626506,0.00024879518072289157
2023-08-21,0.35797180722891564,0.14451084337349399,0.02391975903614458,0.02049421686746988,0.003171686746987952,0.11202939759036144,0.0007056626506024096
2023-08-22,0.40394807228915663,0.15222397590361444,0.02574987951807229,0.023412168674698794,0.0034834939759036143,0.1118801204819277,0.0007786746987951807
2023-08-23,0.4111857831325301,0.15331144578313252,0.025934698795180722,0.023138915662650604,0.003636987951807229,0.11499638554216868,0.0007910843373493976
2023-08-24,0.39734060240963853,0.14471746987951808,0.024631204819277108,0.021304457831325303,0.0034565060240963857,0.11552168674698796,0.0007459036144578313
2023-08-25,0.36557289156626505,0.13771204819277108,0.023026385542168674,0.018536626506024098,0.0031940963855421685,0.1148344578313253,0.0005892771084337349
2023-08-26,0.27492590361445784,0.10173831325301205,0.014810843373493976,0.012071566265060242,0.002171566265060241,0.11504722891566264,0.0003253012048192771
2023-08-27,0.23009710843373493,0.08469686746987952,0.012881084337349398,0.010346746987951808,0.0021713253012048193,0.11367698795180722,0.00025156626506024095
2023-08-28,0.3760849397590361,0.14948048192771085,0.026005180722891565,0.02059,0.0032063855421686745,0.11232867469879518,0.0007444578313253012
2023-08-29,0.4097696385542169,0.15481361445783132,0.02832433734939759,0.02278036144578313,0.0034036144578313255,0.11207807228915663,0.0008044578313253012
2023-08-30,0.41722530120481927,0.15270301204819278,0.027820722891566264,0.021723373493975903,0.0035481927710843374,0.11565036144578313,0.0007998795180722891
2023-08-31,0.4157267469879518,0.15844734939759036,0.027647831325301204,0.021286265060240964,0.003531566265060241,0.12254072289156627,0.0007875903614457831
2023-09-01,0.3850944578313253,0.14763493975903613,0.02439156626506024,0.018430602409638553,0.0034843373493975904,0.12353638554216867,0.0006472289156626506
2023-09-02,0.27800192771084337,0.10151698795180723,0.01597,0.012919277108433736,0.002233253012048193,0.11324843373493976,0.0003172289156626506
2023-09-03,0.2425910843373494,0.08338301204819278,0.0144055421686747,0.010931204819277108,0.0023612048192771084,0.11323024096385542,0.00026325301204819276
2023-09-04,0.2264842168674699,0.08268987951807229,0.013792168674698796,0.010546746987951806,0.0014809638554216867,0.10313843373493976,0.0002636144578313253
2023-09-05,0.41972951807228914,0.16258289156626507,0.02883542168674699,0.026373373493975904,0.0035986746987951806,0.11686710843373493,0.0008119277108433735
2023-09-06,0.44723746987951807,0.16813506024096386,0.028732168674698796,0.02543686746987952,0.0038903614457831324,0.11614192771084338,0.0008324096385542169
2023-09-07,0.4659934939759036,0.17366710843373495,0.027341807228915663,0.024928915662650604,0.0038197590361445785,0.11823614457831326,0.0008486746987951807
2023-09-08,0.43490373493975903,0.16449192771084337,0.027123493975903613,0.022142771084337348,0.0036244578313253013,0.1223833734939759,0.0007538554216867469
2023-09-09,0.29223072289156626,0.10125036144578313,0.01508156626506024,0.012334096385542169,0.002156265060240964,0.11482915662650603,0.0003102409638554217
2023-09-10,0.21954578313253012,0.07544843373493976,0.011666867469879518,0.009861445783132531,0.0021585542168674698,0.10493831325301205,0.0001955421686746988
2023-09-11,0.4333178313253012,0.16870698795180722,0.025696385542168673,0.023083373493975903,0.0035008433734939758,0.10981843373493975,0.0008653012048192771
2023-09-12,0.4836722891566265,0.18308084337349398,0.029059759036144578,0.026637590361445782,0.0038287951807228914,0.1151244578313253,0.0009675903614457832
2023-09-13,0.47452,0.17859277108433735,0.027682530120481927,0.02530132530120482,0.0038433734939759038,0.11281180722891566,0.0009381927710843374
2023-09-14,0.4873697590361446,0.18277590361445784,0.027956506024096387,0.02486433734939759,0.003941807228915663,0.11916530120481927,0.0009454216867469879
2023-09-15,0.4451620481927711,0.1685466265060241,0.02721734939759036,0.023180481927710845,0.0037297590361445782,0.12317397590361445,0.000774578313253012
2023-09-16,0.2947155421686747,0.10618722891566265,0.014216506024096385,0.013863253012048193,0.0022798795180722893,0.11721975903614458,0.00034506024096385543
2023-09-17,0.23951843373493975,0.08028819277108434,0.012927951807228916,0.011593855421686746,0.002208433734939759,0.10879433734939759,0.00026469879518072287
2023-09-18,0.4263912048192771,0.15599722891566264,0.025921807228915662,0.023144939759036146,0.003414578313253012,0.10561698795180723,0.0008445783132530121
2023-09-19,0.49883144578313254,0.17841722891566264,0.029052409638554218,0.027039277108433735,0.0037480722891566265,0.11261542168674699,0.0010424096385542169
2023-09-20,0.5035977108433735,0.1781467469879518,0.029181084337349398,0.026450602409638556,0.0038772289156626507,0.11550253012048192,0.0010446987951807229
2023-09-21,0.4987093975903614,0.17814530120481928,0.028001084337349397,0.025466867469879518,0.0037897590361445784,0.11789891566265061,0.0010306024096385542
2023-09-22,0.4627002409638554,0.16913385542168674,0.026966385542168674,0.02339722891566265,0.003624819277108434,0.12292204819277108,0.0008644578313253012
2023-09-23,0.2549566265060241,0.08217975903614458,0.011575060240963855,0.01048012048192771,0.001889156626506024,0.09680481927710843,0.00024240963855421687
2023-09-24,0.20501879518072288,0.0677378313253012,0.010080602409638555,0.00904855421686747,0.0018379518072289157,0.08947397590361446,0.0002244578313253012
2023-09-25,0.34770132530120484,0.12470132530120481,0.023447108433734938,0.02116277108433735,0.0029649397590361445,0.09792518072289157,0.0006409638554216868
2023-09-26,0.4754968674698795,0.16794734939759037,0.028387951807228917,0.025902048192771084,0.003681686746987952,0.1095966265060241,0.000922289156626506
2023-09-27,0.490955421686747,0.17630228915662652,0.028050963855421687,0.02566,0.003946746987951807,0.11372638554216867,0.0009490361445783133
2023-09-28,0.48812578313253013,0.17273843373493977,0.027448072289156626,0.024253493975903616,0.0038318072289156625,0.11628493975903614,0.0009140963855421687
2023-09-29,0.2972644578313253,0.1269043373493976,0.022651566265060243,0.015490361445783132,0.003500481927710843,0.09957168674698795,0.0006244578313253012
2023-09-30,0.26573168674698794,0.09513096385542169,0.012631566265060241,0.01213289156626506,0.001992289156626506,0.10420036144578314,0.00023325301204819276
2023-10-01,0.24040493975903615,0.08063168674698795,0.011352048192771084,0.01117156626506024,0.002239277108433735,0.10820048192771084,0.00023903614457831325
2023-10-02,0.439685421686747,0.16757132530120483,0.025168795180722892,0.02215566265060241,0.0034544578313253013,0.11219469879518072,0.0008781927710843373
2023-10-03,0.48291578313253014,0.17734204819277108,0.02835,0.025796506024096385,0.003890963855421687,0.11292397590361446,0.0009581927710843374
2023-10-04,0.48516602409638554,0.17679325301204818,0.02795168674698795,0.025228795180722893,0.003998313253012048,0.11437168674698796,0.0009551807228915663
2023-10-05,0.4855787951807229,0.17556036144578313,0.028128915662650602,0.024982650602409638,0.003905301204819277,0.11727361445783133,0.0009414457831325301
2023-10-06,0.4385215662650602,0.1596901204819277,0.027113253012048193,0.023260843373493975,0.0036919277108433735,0.12055036144578313,0.0007571084337349397
2023-10-07,0.26499734939759034,0.08683542168674699,0.012768072289156626,0.011448915662650603,0.002038433734939759,0.1015377108433735,0.00024216867469879517
2023-10-08,0.24632939759036146,0.07884855421686747,0.011845180722891566,0.012765301204819278,0.002225421686746988,0.10799024096385543,0.00032795180722891565
2023-10-09,0.34140409638554214,0.12329819277108434,0.02487843373493976,0.022839397590361445,0.002609036144578313,0.10909518072289157,0.0005513253012048193
2023-10-10,0.4764969879518072,0.17150987951807228,0.028911686746987953,0.026559638554216867,0.0038518072289156625,0.11270686746987951,0.0010067469879518072
2023-10-11,0.488735421686747,0.17491132530120482,0.028437710843373494,0.02583578313253012,0.0040219277108433735,0.11450409638554217,0.0010397590361445783
2023-10-12,0.4945298795180723,0.17312855421686746,0.029996867469879517,0.025937831325301204,0.003959638554216867,0.11914506024096386,0.000994578313253012
2023-10-13,0.42903180722891565,0.1593465060240964,0.02733409638554217,0.023332289156626506,0.0037510843373493976,0.12074072289156626,0.000774578313253012
2023-10-14,0.2674440963855422,0.08641240963855422,0.01327433734939759,0.011585301204819277,0.002066867469879518,0.10521530120481928,0.0002768674698795181
2023-10-15,0.24254168674698795,0.08308204819277108,0.01234855421686747,0.012124457831325302,0.0022234939759036144,0.10978060240963855,0.00025879518072289154
2023-10-16,0.44110168674698796,0.16646566265060242,0.027487590361445782,0.024533373493975903,0.00354855421686747,0.11154987951807228,0.0009319277108433735
2023-10-17,0.4844990361445783,0.1734298795180723,0.029387590361445785,0.02676024096385542,0.0038459036144578313,0.11377530120481928,0.0010065060240963856
2023-10-18,0.4908987951807229,0.17352915662650603,0.02844240963855422,0.02577734939759036,0.00405,0.11428421686746988,0.0010067469879518072
2023-10-19,0.49657385542168675,0.17350734939759035,0.028313132530120484,0.025656144578313254,0.0039649397590361445,0.11883253012048192,0.0009816867469879518
2023-10-20,0.4357031325301205,0.14852795180722891,0.026793373493975904,0.02317867469879518,0.003586265060240964,0.11587457831325301,0.0007556626506024097
2023-10-21,0.29378156626506025,0.09565265060240964,0.013631204819277109,0.012284698795180723,0.0021120481927710843,0.10928987951807229,0.0002968674698795181
2023-10-22,0.23894831325301205,0.08175132530120482,0.011863975903614458,0.01128421686746988,0.002283614457831325,0.11184421686746988,0.00024349397590361447
2023-10-23,0.4418361445783133,0.1657001204819277,0.026695060240963856,0.023999879518072288,0.0035254216867469878,0.11148602409638554,0.0009174698795180723
2023-10-24,0.4868157831325301,0.17241036144578314,0.029101686746987952,0.026289277108433734,0.003826144578313253,0.11239722891566264,0.0009850602409638555
2023-10-25,0.49638686746987953,0.1739477108433735,0.028589397590361446,0.026195180722891568,0.00395433734939759,0.11409855421686747,0.0010081927710843374
2023-10-26,0.4990867469879518,0.17241156626506024,0.029159156626506023,0.02592421686746988,0.003921566265060241,0.11870963855421687,0.000981566265060241
2023-10-27,0.46428265060240964,0.16247903614457831,0.02769819277108434,0.02446602409638554,0.003754698795180723,0.12377253012048192,0.0008078313253012048
2023-10-28,0.3305733734939759,0.10541457831325302,0.014960481927710843,0.01678024096385542,0.002424819277108434,0.12282867469879519,0.0003608433734939759
2023-10-29,0.22101915662650604,0.07107578313253012,0.010463012048192772,0.009723493975903615,0.002186144578313253,0.105,0.0002127710843373494
2023-10-30,0.43659975903614456,0.1583590361445783,0.027125301204819277,0.023801204819277107,0.003503012048192771,0.10767349397590362,0.0008779518072289156
2023-10-31,0.4839134939759036,0.1607253012048193,0.027086265060240963,0.024572409638554216,0.0037002409638554217,0.10526795180722892,0.000938433734939759
2023-11-01,0.48717156626506025,0.1650165060240964,0.027236987951807227,0.025090240963855422,0.0039004819277108434,0.11173301204819278,0.0009650602409638554
2023-11-02,0.4919044578313253,0.16632650602409638,0.027875903614457832,0.02486144578313253,0.003884578313253012,0.11485168674698795,0.0009634939759036145
2023-11-03,0.4588234939759036,0.15749963855421686,0.026349759036144577,0.02332289156626506,0.0038332530120481927,0.11813397590361446,0.000813855421686747
2023-11-04,0.3118210843373494,0.10035975903614458,0.014750963855421687,0.014930361445783132,0.0024,0.11387819277108434,0.0003110843373493976
2023-11-05,0.27836831325301203,0.07405614457831325,0.013163614457831325,0.01323987951807229,0.0020348192771084336,0.09533361445783133,0.0004104819277108434
2023-11-06,0.4441133734939759,0.16258807228915662,0.027216626506024095,0.023967951807228917,0.003634578313253012,0.11125939759036145,0.0009004819277108433
2023-11-07,0.44037084337349397,0.15310397590361446,0.028753734939759037,0.025945060240963855,0.003716024096385542,0.10741518072289157,0.0008174698795180723
2023-11-08,0.4898830120481928,0.16882746987951808,0.028762289156626507,0.02575156626506024,0.004037951807228915,0.11296746987951807,0.0010007228915662652
2023-11-09,0.48445048192771084,0.1658821686746988,0.028414939759036143,0.025316867469879517,0.003973734939759036,0.11810963855421687,0.0009553012048192771
2023-11-10,0.4351044578313253,0.15066602409638555,0.027049638554216868,0.024176987951807227,0.003073012048192771,0.11746939759036144,0.0006742168674698795
2023-11-11,0.3118722891566265,0.09845132530120482,0.014719277108433735,0.014264819277108433,0.0022474698795180723,0.11319180722891566,0.0003267469879518072
2023-11-12,0.23461084337349397,0.07740132530120482,0.011948313253012047,0.011038915662650603,0.002311686746987952,0.1074356626506024,0.00023590361445783133
2023-11-13,0.43337698795180724,0.15911963855421687,0.02713301204819277,0.023456746987951808,0.003672168674698795,0.10929024096385542,0.0008859036144578314
2023-11-14,0.4809357831325301,0.16659855421686748,0.028371927710843372,0.025809397590361445,0.003979156626506024,0.11105156626506024,0.0009965060240963856
2023-11-15,0.48631831325301206,0.1673755421686747,0.028399759036144577,0.025841686746987953,0.004116385542168675,0.11349192771084338,0.0010026506024096386
2023-11-16,0.48781469879518075,0.1676232530120482,0.028321686746987953,0.025020602409638555,0.004108674698795181,0.1178643373493976,0.0009650602409638554
2023-11-17,0.45077,0.15701686746987953,0.0274589156626506,0.024244698795180722,0.003794698795180723,0.12042409638554216,0.0008183132530120481
2023-11-18,0.29849963855421685,0.10012686746987952,0.014946144578313253,0.014490722891566265,0.0023436144578313253,0.11403795180722892,0.0003168674698795181
2023-11-19,0.23420795180722892,0.07927289156626506,0.012143614457831325,0.012159518072289157,0.002389759036144578,0.10453313253012048,0.00024795180722891565
2023-11-20,0.43943168674698796,0.15674433734939758,0.027530361445783132,0.02453,0.003721566265060241,0.11151180722891567,0.0008946987951807229
2023-11-21,0.4548134939759036,0.1511177108433735,0.028443253012048194,0.025682168674698795,0.003872168674698795,0.11774072289156627,0.0008996385542168675
2023-11-22,0.4070302409638554,0.1398610843373494,0.030719036144578313,0.02650963855421687,0.0034227710843373494,0.11873831325301205,0.0007860240963855422
2023-11-23,0.19619096385542167,0.05682674698795181,0.014092650602409638,0.012974698795180723,0.002619397590361446,0.1082278313253012,0.0002719277108433735
2023-11-24,0.29609530120481925,0.0972555421686747,0.026003975903614456,0.023756385542168676,0.001853132530120482,0.09866457831325301,0.00044795180722891564
2023-11-25,0.2558542168674699,0.08391156626506024,0.015026024096385543,0.01417855421686747,0.001716265060240964,0.10440493975903614,0.00029566265060240965
2023-11-26,0.20319156626506024,0.06824036144578313,0.012227228915662651,0.011533614457831326,0.002036144578313253,0.10415722891566265,0.00022096385542168674
2023-11-27,0.42451734939759034,0.15108313253012048,0.027485180722891567,0.024098433734939757,0.0035443373493975906,0.11100036144578314,0.0008787951807228915
2023-11-28,0.471864578313253,0.15413578313253012,0.02828843373493976,0.026078313253012048,0.0038212048192771083,0.11016638554216868,0.0009439759036144578
2023-11-29,0.4858893975903614,0.15289036144578314,0.02828168674698795,0.02565409638554217,0.00395289156626506,0.11028722891566264,0.0009459036144578313
2023-11-30,0.49063506024096387,0.16149036144578313,0.028450843373493975,0.025372530120481927,0.003933734939759037,0.11396493975903614,0.0009321686746987951
2023-12-01,0.44857481927710846,0.14779240963855422,0.02230734939759036,0.01983469879518072,0.003769156626506024,0.11413096385542168,0.0007749397590361446
2023-12-02,0.33110481927710844,0.09960542168674699,0.01522578313253012,0.015118433734939759,0.0023704819277108433,0.10883686746987951,0.00031542168674698797
2023-12-03,0.22023602409638554,0.06670096385542168,0.01052289156626506,0.009276987951807229,0.0022228915662650603,0.09374915662650603,0.00019674698795180723
2023-12-04,0.44692265060240965,0.1581333734939759,0.026898433734939758,0.024226506024096386,0.0037157831325301204,0.10846072289156626,0.000910722891566265
2023-12-05,0.4809439759036145,0.16219469879518073,0.02931674698795181,0.02699578313253012,0.0040042168674698795,0.11017096385542169,0.0009595180722891567
2023-12-06,0.4959107228915663,0.1627221686746988,0.027821686746987952,0.025430843373493977,0.0040363855421686745,0.11286771084337349,0.0009579518072289156
2023-12-07,0.49258289156626506,0.15841361445783134,0.027845060240963854,0.0246489156626506,0.003916987951807229,0.11572722891566264,0.0008944578313253012
2023-12-08,0.46553746987951805,0.15202361445783133,0.027133493975903613,0.023920361445783134,0.0038403614457831327,0.11711939759036144,0.0007753012048192771
2023-12-09,0.3520584337349398,0.09986674698795181,0.018823734939759036,0.017800602409638554,0.0024795180722891564,0.1137844578313253,0.00038325301204819275
2023-12-10,0.22145156626506024,0.06495385542168675,0.010949879518072289,0.009906626506024096,0.0021134939759036146,0.09389325301204819,0.00019855421686746987
2023-12-11,0.4388846987951807,0.14625578313253013,0.026388192771084337,0.023025301204819278,0.0035266265060240965,0.10774915662650603,0.0008372289156626506
2023-12-12,0.4881414457831325,0.15774734939759036,0.02847566265060241,0.02643289156626506,0.004031084337349397,0.11272180722891566,0.000922289156626506
2023-12-13,0.49005506024096385,0.15833337349397592,0.028729036144578314,0.025969397590361445,0.004135301204819277,0.11563457831325301,0.0009468674698795181
2023-12-14,0.49663746987951807,0.15625409638554216,0.02849590361445783,0.02571265060240964,0.004024819277108434,0.11914168674698795,0.0008932530120481927
2023-12-15,0.4632812048192771,0.15017650602409638,0.028409638554216868,0.025129156626506024,0.003917710843373494,0.1218477108433735,0.0007879518072289157
2023-12-16,0.34536674698795183,0.09812734939759037,0.01799277108433735,0.017953373493975903,0.002467831325301205,0.11714626506024096,0.00037168674698795183
2023-12-17,0.2355068674698795,0.06855481927710844,0.011616265060240964,0.01066289156626506,0.002222289156626506,0.09747168674698795,0.00021530120481927712
2023-12-18,0.39937132530120484,0.13040168674698796,0.024251686746987952,0.021066265060240962,0.003410722891566265,0.09749409638554217,0.0006483132530120482
2023-12-19,0.4714378313253012,0.15361469879518072,0.02940132530120482,0.025737951807228914,0.003920722891566265,0.11405397590361446,0.0009102409638554217
2023-12-20,0.4624586746987952,0.15006590361445782,0.028440963855421688,0.024869879518072287,0.004000602409638554,0.11619084337349397,0.0008871084337349397
2023-12-21,0.44282506024096385,0.1446866265060241,0.027620722891566266,0.024025421686746987,0.0038208433734939757,0.11766650602409638,0.0008265060240963855
2023-12-22,0.4063033734939759,0.13380180722891566,0.02783566265060241,0.024839638554216868,0.0035330120481927713,0.11799662650602409,0.0007081927710843374
2023-12-23,0.2703825301204819,0.08539855421686747,0.01685590361445783,0.015669036144578312,0.002123734939759036,0.10563746987951807,0.0003253012048192771
2023-12-24,0.1996501204819277,0.06619855421686748,0.011149397590361446,0.009382409638554218,0.0024386746987951806,0.09554590361445783,0.00023036144578313252
2023-12-25,0.15346132530120482,0.04600951807228916,0.009709277108433735,0.007873493975903614,0.0017771084337349398,0.0901587951807229,0.00020096385542168674
2023-12-26,0.3215231325301205,0.10923734939759036,0.026403493975903615,0.023242168674698794,0.002494698795180723,0.10446650602409639,0.0006214457831325302
2023-12-27,0.35084421686746986,0.11516746987951808,0.02650722891566265,0.022474819277108433,0.003125903614457831,0.10616144578313252,0.0006473493975903614
2023-12-28,0.3692579518072289,0.11677481927710844,0.026330843373493975,0.02328132530120482,0.0031881927710843373,0.10693024096385542,0.00065
2023-12-29,0.3854078313253012,0.12140927710843373,0.028648313253012047,0.025344698795180722,0.00324,0.1095255421686747,0.0006968674698795181
2023-12-30,0.2940013253012048,0.08681493975903615,0.014661204819277109,0.014656265060240963,0.002046144578313253,0.10042626506024097,0.00033493975903614457
2023-12-31,0.23309048192771084,0.0660655421686747,0.012026144578313252,0.010789638554216868,0.002410240963855422,0.08094855421686747,0.0002444578313253012
2024-01-01,0.2035474074074074,0.056291975308641974,0.010223580246913581,0.009130493827160495,0.0011314814814814816,0.09018382716049382,0.0002491358024691358
2024-01-02,0.40625172839506174,0.13470419753086418,0.02588641975308642,0.02283679012345679,0.0032050617283950616,0.10242716049382716,0.0008774074074074074
2024-01-03,0.438899012345679,0.14972358024691357,0.02683617283950617,0.02400506172839506,0.0038646913580246915,0.1057804938271605,0.0009339506172839506
2024-01-04,0.43959296296296296,0.1534532098765432,0.02619962962962963,0.023529382716049384,0.003855925925925926,0.1071346913580247,0.0009197530864197531
2024-01-05,0.40284740740740743,0.14630197530864197,0.024622345679012347,0.021402716049382715,0.003762962962962963,0.10947728395061729,0.0007361728395061728
2024-01-06,0.23980962962962962,0.08452913580246914,0.011449506172839507,0.010233333333333334,0.0019567901234567903,0.08904728395061728,0.0002555555555555556
2024-01-07,0.18178246913580248,0.06203925925925926,0.009008765432098765,0.007071604938271605,0.0016941975308641976,0.06992555555555556,0.00018925925925925927
2024-01-08,0.4078675308641975,0.1514546913580247,0.025797530864197532,0.022734567901234567,0.0035666666666666668,0.10430283950617283,0.000864320987654321
2024-01-09,0.4139743209876543,0.14020913580246913,0.026382592592592593,0.023319506172839507,0.0037567901234567902,0.09633753086419754,0.0008572839506172839
2024-01-10,0.4391562962962963,0.15413493827160493,0.026847037037037037,0.02360753086419753,0.0038688888888888887,0.10428518518518519,0.0008908641975308642
2024-01-11,0.45542172839506173,0.15974567901234568,0.02828604938271605,0.024666543209876542,0.004048148148148148,0.1137241975308642,0.0009058024691358025
2024-01-12,0.41552975308641976,0.15169086419753086,0.02563827160493827,0.022579753086419754,0.0038390123456790125,0.11484172839506172,0.0007760493827160494
2024-01-13,0.2675781481481481,0.0932925925925926,0.012538024691358025,0.012029506172839505,0.0021195061728395063,0.10122222222222223,0.0002728395061728395
2024-01-14,0.21525382716049382,0.07269246913580248,0.010558148148148148,0.009653950617283951,0.0022948148148148146,0.09259283950617284,0.0002154320987654321
2024-01-15,0.267890987654321,0.09667061728395061,0.011344074074074074,0.009938024691358025,0.002037283950617284,0.10081827160493827,0.00037246913580246915
2024-01-16,0.39949814814814816,0.13319259259259258,0.025397037037037037,0.022023333333333332,0.003682222222222222,0.08798938271604938,0.0006683950617283951
2024-01-17,0.4465337037037037,0.14729765432098765,0.02681148148148148,0.02468962962962963,0.003957283950617284,0.10657308641975309,0.0008507407407407408
2024-01-18,0.4513395061728395,0.15255469135802469,0.026902592592592593,0.024352716049382717,0.003989876543209876,0.11071185185185185,0.0008659259259259259
2024-01-19,0.39214913580246913,0.13696395061728395,0.02370358024691358,0.021171604938271606,0.003354938271604938,0.09795419753086419,0.0006580246913580246
2024-01-20,0.2498816049382716,0.0836216049382716,0.011867654320987655,0.010224320987654321,0.0019119753086419753,0.09369419753086419,0.00023777777777777778
2024-01-21,0.19458345679012345,0.06771567901234568,0.00963469135802469,0.008266049382716049,0.0021169135802469137,0.0887379012345679,0.00018296296296296295
2024-01-22,0.4080724691358025,0.14946222222222222,0.025839753086419753,0.022861851851851852,0.0037150617283950617,0.10383679012345678,0.0008096296296296297
2024-01-23,0.45092444444444446,0.15607395061728396,0.028803827160493827,0.02534567901234568,0.004087777777777778,0.10674938271604938,0.0008881481481481481
2024-01-24,0.4527045679012346,0.15404913580246912,0.02764543209876543,0.024934444444444443,0.004084197530864198,0.10704654320987654,0.0008675308641975308
2024-01-25,0.4545514814814815,0.1551211111111111,0.02762543209876543,0.024637037037037037,0.004014444444444445,0.10994728395061729,0.0008450617283950617
2024-01-26,0.4173846913580247,0.14730555555555555,0.026388765432098765,0.022779135802469135,0.0038677777777777777,0.11279123456790123,0.000701358024691358
2024-01-27,0.28188197530864195,0.09892123456790124,0.014512962962962964,0.012666666666666666,0.002357901234567901,0.10530864197530865,0.0002974074074074074
2024-01-28,0.19124407407407407,0.06615518518518519,0.009281111111111112,0.008246172839506172,0.0021571604938271606,0.08796666666666667,0.00017962962962962963
2024-01-29,0.40710753086419754,0.14959296296296296,0.02652962962962963,0.023173086419753085,0.0036255555555555555,0.10356567901234567,0.0008339506172839506
2024-01-30,0.4589530864197531,0.15859222222222222,0.02851,0.025666172839506174,0.004047160493827161,0.10718888888888889,0.0009560493827160493
2024-01-31,0.47019555555555553,0.1636656790123457,0.02816641975308642,0.025228765432098767,0.004125555555555556,0.10898827160493828,0.0009445679012345679
2024-02-01,0.4709483950617284,0.16512444444444443,0.026453703703703705,0.02341,0.004140740740740741,0.11258691358024692,0.000921604938271605
2024-02-02,0.42688975308641974,0.15303913580246914,0.024740123456790122,0.021486913580246913,0.0039722222222222225,0.11328876543209876,0.0007662962962962963
2024-02-03,0.28691827160493827,0.0997658024691358,0.014021728395061729,0.012630864197530864,0.002477777777777778,0.10442938271604939,0.0002909876543209877
2024-02-04,0.21507493827160493,0.07732086419753087,0.010657654320987654,0.00951641975308642,0.002528395061728395,0.09758382716049382,0.00021555555555555556
2024-02-05,0.429849012345679,0.16019481481481482,0.027022098765432098,0.023479135802469134,0.0038730864197530864,0.10558320987654321,0.0008707407407407407
2024-02-06,0.47623864197530863,0.16628,0.028830123456790122,0.025710123456790124,0.00415037037037037,0.10867851851851852,0.0009517283950617284
2024-02-07,0.48160395061728395,0.16561555555555554,0.0283241975308642,0.025045802469135802,0.004296172839506173,0.11067679012345678,0.0009450617283950617
2024-02-08,0.48193493827160494,0.16678086419753085,0.028650493827160495,0.024445679012345678,0.004245185185185185,0.11574,0.0009187654320987654
2024-02-09,0.43794086419753087,0.1565762962962963,0.0270258024691358,0.022898148148148147,0.003979382716049383,0.11774135802469136,0.000755679012345679
2024-02-10,0.29449975308641974,0.09825827160493827,0.014577037037037038,0.012338518518518518,0.002526172839506173,0.10824024691358025,0.00032049382716049384
2024-02-11,0.21909851851851853,0.07758024691358024,0.010349629629629629,0.009088148148148147,0.0025444444444444447,0.09382666666666667,0.00021839506172839507
2024-02-12,0.4166167901234568,0.15486456790123457,0.026250370370370372,0.022854074074074075,0.00374358024691358,0.1097458024691358,0.0007570370370370371
2024-02-13,0.2806893827160494,0.08949296296296297,0.020592962962962962,0.016587037037037036,0.002872962962962963,0.059281234567901235,0.0004495061728395062
2024-02-14,0.48933679012345677,0.15828654320987653,0.028457407407407407,0.024899506172839505,0.004048888888888889,0.1122241975308642,0.0009438271604938272
2024-02-15,0.4783777777777778,0.16121358024691357,0.028257407407407408,0.025025185185185185,0.004123703703703704,0.11703716049382716,0.000925925925925926
2024-02-16,0.43265876543209875,0.15134135802469137,0.025994074074074076,0.023030493827160495,0.004005185185185185,0.11879617283950618,0.0007739506172839507
2024-02-17,0.2688946913580247,0.08402938271604939,0.011761851851851851,0.011410246913580247,0.0021660493827160496,0.09502444444444444,0.00025160493827160494
2024-02-18,0.22849876543209877,0.0746341975308642,0.011095925925925926,0.010081358024691359,0.0023425925925925927,0.09808432098765432,0.00021234567901234569
2024-02-19,0.2771285185185185,0.10401827160493828,0.011922098765432099,0.01061395061728395,0.0021709876543209877,0.1005141975308642,0.0003712345679012346
2024-02-20,0.43098641975308644,0.14837654320987653,0.028867530864197532,0.025567777777777776,0.003976296296296296,0.11051950617283951,0.000867037037037037
2024-02-21,0.4433930864197531,0.1509185185185185,0.02840222222222222,0.02482395061728395,0.004146913580246913,0.11016345679012346,0.0008780246913580247
2024-02-22,0.44298432098765433,0.1497411111111111,0.027835185185185185,0.024112962962962965,0.004037283950617284,0.11414246913580246,0.0008239506172839506
2024-02-23,0.39742234567901236,0.1390458024691358,0.025744074074074075,0.022512098765432097,0.0037360493827160494,0.11319432098765432,0.0006764197530864198
2024-02-24,0.285038024691358,0.09740271604938272,0.014174814814814815,0.012215061728395062,0.0024019753086419755,0.10693876543209876,0.0002971604938271605
2024-02-25,0.2148737037037037,0.07506296296296296,0.010877037037037037,0.009660246913580247,0.0024471604938271605,0.10155851851851852,0.00022222222222222223
2024-02-26,0.42457765432098765,0.1574469135802469,0.026902962962962962,0.023153333333333335,0.003810740740740741,0.10785234567901235,0.0008603703703703704
2024-02-27,0.4694392592592593,0.16447024691358025,0.028790987654320987,0.0256841975308642,0.004144567901234568,0.11031320987654321,0.0009455555555555556
2024-02-28,0.46718234567901235,0.15936160493827162,0.028161728395061727,0.02465074074074074,0.004156049382716049,0.10984987654320988,0.0009170370370370371
2024-02-29,0.4822083950617284,0.16478728395061729,0.02864320987654321,0.025287407407407408,0.004152716049382716,0.1182241975308642,0.0009006172839506173
2024-03-01,0.44119234567901233,0.1575837037037037,0.022423827160493827,0.019425679012345678,0.0041254320987654325,0.11961456790123456,0.0007679012345679012
2024-03-02,0.2585220987654321,0.08506530864197531,0.012131604938271605,0.010566172839506173,0.0023925925925925924,0.10168259259259259,0.00025728395061728397
2024-03-03,0.24216172839506173,0.08478851851851851,0.011593333333333334,0.010505555555555556,0.002635925925925926,0.10580728395061728,0.0002445679012345679
2024-03-04,0.4369964197530864,0.16291259259259258,0.02710679012345679,0.023314197530864198,0.003979135802469135,0.10950728395061729,0.0008924691358024691
2024-03-05,0.47154493827160493,0.15597246913580248,0.029259135802469135,0.025248765432098766,0.004231728395061729,0.10722061728395062,0.0009066666666666666
2024-03-06,0.4772332098765432,0.1572020987654321,0.027787654320987655,0.02444938271604938,0.004346543209876543,0.1098837037037037,0.000932716049382716
2024-03-07,0.48070753086419754,0.16479345679012344,0.028015555555555554,0.024402345679012345,0.004226543209876543,0.11627345679012345,0.0009153086419753086
2024-03-08,0.4549653086419753,0.15944061728395062,0.027947160493827162,0.023814691358024692,0.00427320987654321,0.12193765432098766,0.0008133333333333333
2024-03-09,0.26279444444444444,0.09227222222222223,0.01399604938271605,0.011997901234567902,0.002427283950617284,0.1058458024691358,0.00026839506172839507
2024-03-10,0.22266395061728395,0.07784765432098766,0.01118111111111111,0.009600987654320988,0.0024790123456790124,0.10100172839506173,0.0002160493827160494
2024-03-11,0.431800987654321,0.15680012345679012,0.02700679012345679,0.02322320987654321,0.0039012345679012347,0.10729469135802469,0.0008461728395061729
2024-03-12,0.49239975308641976,0.16917518518518518,0.02950641975308642,0.026368395061728396,0.004318271604938272,0.11252358024691358,0.0009654320987654321
2024-03-13,0.49690654320987654,0.17000765432098766,0.029333703703703702,0.02624469135802469,0.004502345679012346,0.11574407407407407,0.001
2024-03-14,0.4998995061728395,0.16892135802469135,0.02964493827160494,0.02616814814814815,0.004458148148148149,0.11976604938271605,0.0009454320987654321
2024-03-15,0.4497546913580247,0.15747432098765432,0.028084074074074074,0.024603086419753086,0.004106913580246913,0.12182802469135802,0.0008096296296296297
2024-03-16,0.3151920987654321,0.10349604938271605,0.017056296296296295,0.01600827160493827,0.0025674074074074076,0.11410641975308641,0.0003837037037037037
2024-03-17,0.24347777777777777,0.07726679012345679,0.012838641975308642,0.010736296296296296,0.002498395061728395,0.10651209876543209,0.0002565432098765432
2024-03-18,0.42994629629629627,0.16005222222222223,0.02733962962962963,0.02355185185185185,0.0039388888888888885,0.11052987654320988,0.0008730864197530864
2024-03-19,0.4776686419753086,0.16505061728395062,0.02997172839506173,0.025929382716049384,0.004308518518518519,0.11228407407407408,0.0009623456790123457
2024-03-20,0.47976592592592593,0.16469160493827162,0.02894395061728395,0.025435802469135804,0.004444197530864198,0.11449432098765432,0.0009506172839506173
2024-03-21,0.47682074074074077,0.16260641975308643,0.028244691358024692,0.024695925925925927,0.004332962962962963,0.11695172839506172,0.0009002469135802469
2024-03-22,0.44221716049382714,0.15447222222222223,0.027799382716049384,0.02314679012345679,0.004141851851851851,0.12043432098765432,0.0007776543209876543
2024-03-23,0.23010654320987653,0.07246962962962963,0.011823456790123458,0.009547037037037038,0.0021769135802469134,0.0905725925925926,0.0002180246913580247
2024-03-24,0.23616617283950617,0.08066827160493827,0.011848518518518519,0.009932222222222222,0.002757283950617284,0.10636703703703704,0.00023333333333333333
2024-03-25,0.4424340740740741,0.1582316049382716,0.027662716049382717,0.02379259259259259,0.003944074074074074,0.11139271604938272,0.0008681481481481482
2024-03-26,0.4900979012345679,0.1674062962962963,0.029603703703703705,0.02611925925925926,0.004305432098765432,0.11292172839506173,0.000957283950617284
2024-03-27,0.4955569135802469,0.1657648148148148,0.029786172839506173,0.025647407407407407,0.004398395061728395,0.11653333333333334,0.0009417283950617284
2024-03-28,0.4827835802469136,0.1510922222222222,0.029609876543209877,0.02476333333333333,0.004248888888888889,0.11779543209876543,0.0008370370370370371
2024-03-29,0.41636234567901237,0.13534,0.029825061728395063,0.02448679012345679,0.0037398765432098764,0.1193016049382716,0.000628641975308642
2024-03-30,0.3119220987654321,0.09897814814814815,0.016710493827160493,0.013711234567901234,0.002455679012345679,0.11190456790123457,0.00033925925925925926
2024-03-31,0.23904876543209877,0.07486555555555556,0.014971975308641975,0.012155308641975308,0.0028785185185185185,0.11524024691358024,0.00025876543209876545
2024-04-01,0.4101220987654321,0.14427135802469135,0.02571493827160494,0.022235432098765433,0.0037139506172839507,0.11328925925925926,0.000747283950617284
2024-04-02,0.48148901234567903,0.15402938271604938,0.028964814814814815,0.02552506172839506,0.0042487654320987655,0.10986691358024692,0.0008998765432098766
2024-04-03,0.4802845679012346,0.14353827160493826,0.02750172839506173,0.0240741975308642,0.004317407407407408,0.10516222222222223,0.0008413580246913581
2024-04-04,0.5062633333333333,0.1653741975308642,0.028732098765432097,0.02490679012345679,0.004285432098765432,0.11815333333333333,0.0008864197530864198
2024-04-05,0.4692345679012346,0.15600086419753087,0.02779098765432099,0.025009876543209877,0.00425962962962963,0.1211974074074074,0.0007788888888888889
2024-04-06,0.3058181481481482,0.10158333333333333,0.015815555555555555,0.014456172839506173,0.0026474074074074073,0.11457975308641975,0.0003154320987654321
2024-04-07,0.23452358024691358,0.08038925925925926,0.012546172839506172,0.011617654320987655,0.0026862962962962964,0.10803567901234568,0.0002509876543209877
2024-04-08,0.4329282716049383,0.15535827160493826,0.027204814814814814,0.023963703703703702,0.0039230864197530866,0.10861518518518519,0.0008485185185185185
2024-04-09,0.49909555555555557,0.16871246913580246,0.031106666666666668,0.028196296296296296,0.004463086419753086,0.11921358024691359,0.0009798765432098766
2024-04-10,0.46814135802469137,0.15381592592592594,0.02908456790123457,0.02673962962962963,0.004386913580246914,0.11684740740740741,0.0008783950617283951
2024-04-11,0.493887037037037,0.16245876543209878,0.029779629629629628,0.025310246913580248,0.004364691358024691,0.11890617283950618,0.0009044444444444445
2024-04-12,0.4528937037037037,0.15318802469135803,0.027798518518518518,0.023673456790123455,0.0041606172839506175,0.12092518518518519,0.0007734567901234567
2024-04-13,0.3129767901234568,0.10177234567901235,0.014858148148148148,0.01364716049382716,0.0026674074074074074,0.11490851851851852,0.00032209876543209877
2024-04-14,0.2554179012345679,0.08201950617283951,0.012803827160493827,0.01155962962962963,0.0026871604938271607,0.11079876543209877,0.00026481481481481484
2024-04-15,0.4573058024691358,0.16284012345679014,0.028813086419753088,0.025164814814814813,0.004070987654320988,0.11523864197530864,0.0009103703703703704
2024-04-16,0.4979646913580247,0.16915444444444444,0.030103086419753088,0.027164197530864197,0.0044282716049382715,0.11626407407407408,0.000989753086419753
2024-04-17,0.49645135802469137,0.1664037037037037,0.030039876543209876,0.026522098765432097,0.004440740740740741,0.11630728395061729,0.0009635802469135802
2024-04-18,0.48965753086419755,0.16086543209876544,0.028473333333333333,0.02516777777777778,0.0042982716049382716,0.11796037037037037,0.0008976543209876543
2024-04-19,0.45750395061728394,0.1577883950617284,0.027594814814814815,0.025408518518518518,0.004166543209876543,0.12349074074074073,0.0007718518518518518
2024-04-20,0.3132746913580247,0.10247111111111111,0.015555432098765433,0.015284444444444444,0.0026207407407407408,0.11718456790123456,0.00034481481481481483
2024-04-21,0.23681938271604938,0.08045444444444444,0.01257,0.012201728395061728,0.0025687654320987654,0.1078558024691358,0.00024901234567901233
2024-04-22,0.397490987654321,0.14151666666666668,0.028355555555555554,0.02546037037037037,0.003693703703703704,0.11147444444444445,0.0007618518518518519
2024-04-23,0.43484172839506174,0.1452837037037037,0.029416543209876543,0.02730753086419753,0.003916913580246913,0.10740395061728394,0.0008719753086419754
2024-04-24,0.44543333333333335,0.145709012345679,0.028766666666666666,0.026657654320987656,0.004031851851851852,0.10868493827160494,0.0008453086419753087
2024-04-25,0.45974,0.1470962962962963,0.029906543209876544,0.02681716049382716,0.00407395061728395,0.11879358024691358,0.0008419753086419753
2024-04-26,0.4236530864197531,0.14120888888888888,0.028380864197530865,0.024517283950617284,0.0039332098765432096,0.11801234567901235,0.0006971604938271605
2024-04-27,0.3094788888888889,0.09894987654320987,0.015208888888888888,0.013511975308641976,0.002542098765432099,0.11258024691358025,0.00030604938271604936
2024-04-28,0.25740123456790126,0.08019407407407407,0.0123720987654321,0.011310987654320988,0.0025996296296296297,0.10877481481481481,0.0002425925925925926
2024-04-29,0.4103340740740741,0.14345555555555556,0.02782246913580247,0.024862345679012347,0.003765925925925926,0.10700283950617284,0.0007882716049382716
2024-04-30,0.4492575308641975,0.1473474074074074,0.02973604938271605,0.026986666666666666,0.0040391358024691355,0.10769716049382716,0.0008501234567901235
2024-05-01,0.49787543209876545,0.16674814814814815,0.02847925925925926,0.025312345679012346,0.004407530864197531,0.11788172839506172,0.0009576543209876544
2024-05-02,0.5013879012345679,0.16664666666666667,0.029012716049382718,0.026043333333333335,0.0044745679012345675,0.12109012345679013,0.0009228395061728395
2024-05-03,0.4667762962962963,0.15864345679012345,0.028009876543209876,0.025208641975308643,0.004303703703703704,0.12402111111111111,0.0008044444444444444
2024-05-04,0.316500987654321,0.10484555555555555,0.015248888888888888,0.015150493827160494,0.0027806172839506173,0.11744864197530865,0.00034185185185185187
2024-05-05,0.23323135802469136,0.07137432098765432,0.01228283950617284,0.010862716049382716,0.0025566666666666667,0.10119518518518518,0.0003174074074074074
2024-05-06,0.45087716049382714,0.15997456790123457,0.028350987654320987,0.024753827160493826,0.00412641975308642,0.11485160493827161,0.0008480246913580247
2024-05-07,0.5059655555555556,0.16981913580246913,0.03098185185185185,0.0280620987654321,0.004482592592592593,0.11787197530864198,0.0009834567901234569
2024-05-08,0.5046267901234568,0.16672975308641974,0.030148395061728395,0.027291234567901234,0.004565555555555555,0.11964962962962963,0.0009411111111111111
2024-05-09,0.5045096296296296,0.16717765432098766,0.03061222222222222,0.02695925925925926,0.004435432098765432,0.12337296296296296,0.0009066666666666666
2024-05-10,0.4539837037037037,0.14964074074074074,0.028150617283950616,0.02408530864197531,0.004264074074074074,0.12369271604938271,0.0007276543209876543
2024-05-11,0.3269851851851852,0.10440901234567901,0.016549506172839505,0.01448246913580247,0.0028160493827160495,0.12397,0.00038
2024-05-12,0.22949037037037037,0.06908814814814815,0.014088641975308642,0.012187283950617285,0.0030285185185185185,0.1149037037037037,0.00021666666666666666
2024-05-13,0.45716864197530865,0.1560716049382716,0.030150123456790124,0.025900493827160493,0.0039481481481481485,0.11773407407407407,0.0008811111111111112
2024-05-14,0.508229012345679,0.16588061728395062,0.03219074074074074,0.02798222222222222,0.004419753086419753,0.11902913580246914,0.0009503703703703704
2024-05-15,0.5079771604938271,0.15906506172839507,0.030670864197530866,0.02714074074074074,0.004561851851851852,0.1163762962962963,0.0009698765432098765
2024-05-16,0.5067933333333333,0.16129395061728394,0.030121975308641975,0.02661740740740741,0.004437037037037037,0.12162703703703703,0.000937037037037037
2024-05-17,0.47122395061728395,0.15687333333333334,0.029874074074074074,0.026646666666666666,0.004314197530864198,0.12639074074074075,0.0008109876543209877
2024-05-18,0.33226765432098765,0.09783382716049382,0.01626037037037037,0.01608382716049383,0.0026619753086419753,0.11964172839506172,0.00035246913580246915
2024-05-19,0.2619117283950617,0.08114271604938271,0.01384320987654321,0.01313679012345679,0.0027537037037037035,0.11598,0.0002750617283950617
2024-05-20,0.45457543209876544,0.1594695061728395,0.029240246913580247,0.026722222222222224,0.004002098765432099,0.11812333333333333,0.0008839506172839506
2024-05-21,0.4974761728395062,0.16665135802469136,0.03117358024691358,0.02896135802469136,0.004422098765432099,0.1187725925925926,0.0009598765432098765
2024-05-22,0.5066692592592592,0.1676346913580247,0.03191901234567901,0.028777530864197532,0.004560493827160493,0.12038222222222222,0.0009982716049382716
2024-05-23,0.4769258024691358,0.15744407407407407,0.03096888888888889,0.026553456790123456,0.0042944444444444445,0.12483888888888889,0.0009187654320987654
2024-05-24,0.4423758024691358,0.15353765432098765,0.030976172839506173,0.02581851851851852,0.004155925925925926,0.12772296296296295,0.0008225925925925926
2024-05-25,0.2897727160493827,0.09946666666666666,0.01678530864197531,0.01481925925925926,0.0025596296296296296,0.11417962962962963,0.00037419753086419754
2024-05-26,0.24926074074074073,0.08054234567901235,0.014902345679012345,0.012471234567901234,0.0028101234567901234,0.11175271604938272,0.0003345679012345679
2024-05-27,0.20591234567901234,0.07333716049382716,0.012342592592592593,0.010005185185185185,0.0015645679012345679,0.09164851851851852,0.0002620987654320988
2024-05-28,0.47231864197530865,0.16056925925925927,0.03173802469135802,0.028063086419753087,0.004257407407407408,0.11949,0.0009393827160493828
2024-05-29,0.4946622222222222,0.1617146913580247,0.031450493827160496,0.028071481481481482,0.004498148148148148,0.11653456790123456,0.0009987654320987654
2024-05-30,0.49135296296296294,0.16062074074074073,0.03133864197530864,0.027146543209876542,0.004366913580246914,0.1231,0.0009320987654320988
2024-05-31,0.45538604938271604,0.15525012345679012,0.030249012345679012,0.026052716049382717,0.004323456790123457,0.12599543209876543,0.0008202469135802469
2024-06-01,0.3019941975308642,0.10476555555555556,0.01587098765432099,0.013697283950617284,0.002805679012345679,0.12334172839506173,0.00036790123456790125
2024-06-02,0.24420209876543209,0.08044901234567901,0.014136296296296296,0.011428024691358025,0.002795061728395062,0.11614111111111111,0.0002887654320987654
2024-06-03,0.4458630864197531,0.1598711111111111,0.027828765432098765,0.0244,0.004157901234567901,0.11686543209876543,0.0008849382716049382
2024-06-04,0.4913324691358025,0.16394604938271604,0.03149259259259259,0.02879469135802469,0.004551234567901234,0.11827037037037037,0.000962962962962963
2024-06-05,0.5002398765432099,0.1652379012345679,0.032655802469135804,0.02841641975308642,0.004666666666666667,0.12169407407407408,0.0009804938271604938
2024-06-06,0.46596592592592595,0.14912333333333333,0.030324814814814815,0.027092222222222222,0.004349876543209876,0.12084098765432098,0.0008714814814814814
2024-06-07,0.46326074074074075,0.15485666666666667,0.03112320987654321,0.026427407407407406,0.004378271604938272,0.12787691358024691,0.0007892592592592593
2024-06-08,0.3300271604938272,0.10404679012345679,0.0196320987654321,0.016683703703703704,0.0028853086419753085,0.12326555555555556,0.00038888888888888887
2024-06-09,0.2635248148148148,0.08407172839506173,0.016412962962962963,0.013271234567901235,0.002769753086419753,0.1187816049382716,0.0003076543209876543
2024-06-10,0.4570632098765432,0.16740567901234568,0.029644567901234566,0.026116296296296297,0.00407037037037037,0.11846617283950617,0.0009507407407407407
2024-06-11,0.49326234567901234,0.17165925925925926,0.031987777777777775,0.028493333333333332,0.004469876543209877,0.11742555555555556,0.0010493827160493827
2024-06-12,0.4910814814814815,0.16732024691358025,0.03163641975308642,0.027691975308641974,0.00453,0.11462382716049382,0.0010046913580246913
2024-06-13,0.4860420987654321,0.16175432098765433,0.03142901234567901,0.027389506172839508,0.0043658024691358025,0.1191037037037037,0.0009475308641975308
2024-06-14,0.4342051851851852,0.14972098765432099,0.03049617283950617,0.02525753086419753,0.004290987654320988,0.12493654320987654,0.0007374074074074074
2024-06-15,0.30022345679012347,0.1051237037037037,0.017543456790123455,0.015112222222222223,0.0029111111111111113,0.12625753086419753,0.0003832098765432099
2024-06-16,0.23422234567901234,0.08073407407407407,0.016065802469135804,0.013494197530864198,0.002987654320987654,0.12312074074074074,0.0002771604938271605
2024-06-17,0.4105066666666667,0.14478543209876543,0.029999135802469136,0.02657296296296296,0.003949753086419753,0.11809037037037037,0.0007982716049382716
2024-06-18,0.4840541975308642,0.16226395061728396,0.032165185185185186,0.029890864197530863,0.004457407407407407,0.12206641975308642,0.0009522222222222223
2024-06-19,0.37608888888888886,0.1318730864197531,0.028708641975308643,0.02550395061728395,0.0032630864197530866,0.1196320987654321,0.0005588888888888889
2024-06-20,0.4762712345679012,0.1574846913580247,0.031565802469135804,0.028038641975308642,0.004499382716049383,0.12599185185185185,0.0008909876543209877
2024-06-21,0.4321438271604938,0.1471372839506173,0.03015,0.02611641975308642,0.0042833333333333334,0.12623543209876542,0.0007612345679012346
2024-06-22,0.29447,0.09798444444444444,0.016432345679012347,0.014810123456790123,0.0027123456790123456,0.12065876543209876,0.000338641975308642
2024-06-23,0.23565259259259258,0.0801095061728395,0.014576172839506173,0.012826172839506173,0.00269,0.11773987654320987,0.00025444444444444446
2024-06-24,0.428129012345679,0.15151,0.03040358024691358,0.0264079012345679,0.004111111111111111,0.12039172839506172,0.0008419753086419753
2024-06-25,0.47301814814814813,0.15673666666666666,0.033553456790123455,0.028692592592592592,0.004527037037037037,0.12372395061728395,0.0009487654320987655
2024-06-26,0.48161728395061726,0.15647012345679012,0.03260814814814815,0.027965185185185187,0.004486913580246913,0.12602271604938273,0.0009029629629629629
2024-06-27,0.46627296296296294,0.14990901234567902,0.03150802469135802,0.02810469135802469,0.0043401234567901235,0.12747123456790124,0.0008851851851851851
2024-06-28,0.4349051851851852,0.14088493827160495,0.031572716049382714,0.026162222222222222,0.004211234567901234,0.12807444444444444,0.000778395061728395
2024-06-29,0.30308604938271605,0.09632456790123457,0.017131975308641974,0.01478246913580247,0.0027041975308641974,0.12065271604938271,0.0003639506172839506
2024-06-30,0.2471937037037037,0.07206802469135802,0.015620493827160494,0.013363456790123457,0.0025741975308641975,0.10931234567901235,0.00028
2024-07-01,0.4041414814814815,0.14282765432098765,0.026778518518518517,0.022955925925925925,0.0040714814814814815,0.11788987654320987,0.0008576543209876543
2024-07-02,0.43729296296296294,0.15021666666666667,0.02895493827160494,0.025659753086419754,0.004345679012345679,0.11752691358024692,0.0009174074074074074
2024-07-03,0.42090827160493827,0.1479958024691358,0.029330493827160495,0.02533037037037037,0.004561604938271605,0.12383358024691359,0.000834320987654321
2024-07-04,0.24595604938271606,0.0793974074074074,0.014448148148148147,0.012502962962962962,0.0021785185185185184,0.09292345679012345,0.0003628395061728395
2024-07-05,0.33342395061728397,0.12368567901234567,0.02559432098765432,0.02262,0.0035525925925925924,0.10547074074074074,0.0005633333333333333
2024-07-06,0.2593675308641975,0.09363271604938271,0.014742839506172839,0.013627901234567901,0.0024358024691358026,0.1058904938271605,0.00033185185185185184
2024-07-07,0.22278666666666666,0.07933975308641976,0.014853827160493827,0.012968024691358025,0.002795061728395062,0.11229827160493827,0.00026753086419753085
2024-07-08,0.3986153086419753,0.1452732098765432,0.027976913580246912,0.024623950617283952,0.0040870370370370375,0.11675185185185186,0.0008023456790123457
2024-07-09,0.44506567901234567,0.1526737037037037,0.030860493827160492,0.027141111111111112,0.004382716049382716,0.11451888888888889,0.000885925925925926
2024-07-10,0.4557820987654321,0.1546583950617284,0.030837160493827162,0.02604851851851852,0.004619382716049383,0.1181658024691358,0.0009127160493827161
2024-07-11,0.45531222222222223,0.15230592592592593,0.030401234567901236,0.02582395061728395,0.004406296296296296,0.12262283950617284,0.0008535802469135802
2024-07-12,0.40260172839506175,0.13830987654320986,0.02852888888888889,0.023682469135802468,0.004208641975308642,0.12089444444444444,0.0006896296296296297
2024-07-13,0.2720102469135802,0.0917474074074074,0.01530716049382716,0.01323037037037037,0.002586296296296296,0.11271086419753086,0.0003333333333333333
2024-07-14,0.23082345679012345,0.07824098765432098,0.014726296296296296,0.01198,0.0028002469135802468,0.11693185185185186,0.0002666666666666667
2024-07-15,0.40244444444444444,0.14329901234567902,0.028791234567901235,0.024939259259259258,0.0040448148148148145,0.11736814814814815,0.0007898765432098765
2024-07-16,0.44372222222222224,0.14927802469135804,0.030809753086419752,0.02723703703703704,0.004378765432098765,0.11652358024691357,0.000842962962962963
2024-07-17,0.45083407407407405,0.1494462962962963,0.03066962962962963,0.026436666666666667,0.004511975308641975,0.11802679012345679,0.0008450617283950617
2024-07-18,0.4491143209876543,0.15044506172839506,0.02985,0.026095061728395062,0.004459135802469136,0.12416382716049383,0.0008746913580246913
2024-07-19,0.4164041975308642,0.14902493827160493,0.030054074074074073,0.025545925925925927,0.0042861728395061725,0.12568518518518518,0.0008
2024-07-20,0.28020333333333336,0.09924296296296296,0.016285185185185184,0.015438271604938271,0.002464320987654321,0.12105962962962963,0.00033185185185185184
2024-07-21,0.2318153086419753,0.08135851851851852,0.015576419753086419,0.013757777777777778,0.002674567901234568,0.1188537037037037,0.0002567901234567901
2024-07-22,0.39942506172839504,0.14422543209876543,0.028618888888888888,0.02655395061728395,0.004003827160493827,0.11578493827160494,0.0008037037037037037
2024-07-23,0.44526617283950615,0.14953543209876544,0.03060679012345679,0.028375432098765432,0.004334567901234568,0.11460432098765432,0.0008860493827160494
2024-07-24,0.4514162962962963,0.1506679012345679,0.030760246913580248,0.027760740740740742,0.004524938271604938,0.1170120987654321,0.0008962962962962963
2024-07-25,0.44917913580246915,0.1506241975308642,0.03152679012345679,0.026454444444444444,0.004367037037037037,0.12230567901234568,0.0008456790123456791
2024-07-26,0.40603074074074075,0.14255666666666666,0.03055246913580247,0.024854444444444443,0.004250740740740741,0.12494395061728394,0.0007340740740740741
2024-07-27,0.2848083950617284,0.09995802469135802,0.017079506172839508,0.015444567901234567,0.0027879012345679013,0.12132654320987654,0.0003692592592592593
2024-07-28,0.2285658024691358,0.07971654320987655,0.014966172839506173,0.012285925925925926,0.0027193827160493828,0.11645753086419754,0.00027333333333333333
2024-07-29,0.3953433333333333,0.14160777777777778,0.028831728395061727,0.024814691358024693,0.0039588888888888885,0.1146279012345679,0.0007703703703703704
2024-07-30,0.44323962962962965,0.1516527160493827,0.03103679012345679,0.02717530864197531,0.00431,0.11572024691358025,0.0008909876543209877
2024-07-31,0.4415238271604938,0.1498156790123457,0.030656296296296296,0.02636567901234568,0.004415432098765432,0.11837777777777778,0.0008664197530864197
2024-08-01,0.43761271604938273,0.14916975308641975,0.028287777777777776,0.024004814814814816,0.004429382716049383,0.12448938271604938,0.0008520987654320988
2024-08-02,0.38937716049382715,0.13720246913580247,0.026599135802469136,0.022346666666666667,0.0042576543209876545,0.12194086419753086,0.0007140740740740741
2024-08-03,0.271650987654321,0.09154098765432099,0.015299012345679012,0.013551728395061729,0.002732469135802469,0.11584432098765432,0.00035209876543209874
2024-08-04,0.2164025925925926,0.07262333333333333,0.013451728395061728,0.01140530864197531,0.002739012345679012,0.10928691358024692,0.0002591358024691358
2024-08-05,0.39785197530864197,0.14254864197530864,0.02893148148148148,0.023713333333333333,0.004087901234567901,0.11799037037037037,0.000787037037037037
2024-08-06,0.42747913580246916,0.1395462962962963,0.028969135802469136,0.025581728395061728,0.004361851851851852,0.11091160493827161,0.0008609876543209877
2024-08-07,0.433488024691358,0.1379567901234568,0.029533703703703704,0.02504530864197531,0.00452679012345679,0.1136167901234568,0.0008139506172839507
2024-08-08,0.430890987654321,0.13690814814814814,0.02840530864197531,0.024229506172839504,0.004383827160493827,0.11613938271604939,0.0007982716049382716
2024-08-09,0.3754661728395062,0.12833185185185186,0.026663333333333334,0.021064444444444445,0.0039744444444444445,0.11203851851851852,0.0006422222222222222
2024-08-10,0.29091419753086417,0.0960016049382716,0.016496666666666666,0.014703827160493827,0.0027406172839506172,0.11717024691358024,0.00038962962962962964
2024-08-11,0.23688246913580246,0.07585617283950617,0.014938765432098766,0.01283641975308642,0.0028390123456790125,0.1142162962962963,0.0003150617283950617
2024-08-12,0.39125679012345677,0.1365520987654321,0.028530740740740742,0.023631481481481482,0.004089753086419753,0.11424283950617284,0.0007823456790123456
2024-08-13,0.43106320987654323,0.14301382716049382,0.02993320987654321,0.025391851851851853,0.004383086419753086,0.11202296296296296,0.0008644444444444445
2024-08-14,0.43761333333333335,0.1460469135802469,0.029899506172839506,0.02497901234567901,0.004642716049382716,0.1187616049382716,0.0008676543209876544
2024-08-15,0.43156432098765435,0.1460325925925926,0.029823827160493827,0.024210617283950617,0.00448679012345679,0.1187616049382716,0.000805925925925926
2024-08-16,0.3949053086419753,0.13872506172839505,0.029016666666666666,0.02295716049382716,0.004280987654320988,0.12403753086419753,0.0006908641975308642
2024-08-17,0.2785472839506173,0.09469407407407407,0.016783703703703703,0.013941728395061729,0.0028144444444444445,0.1178825925925926,0.00035555555555555557
2024-08-18,0.21148765432098765,0.07143148148148148,0.013086913580246913,0.010145308641975308,0.0025798765432098764,0.10540827160493828,0.0002411111111111111
2024-08-19,0.3798220987654321,0.13464123456790122,0.02773530864197531,0.02265469135802469,0.003909629629629629,0.11498382716049382,0.0007246913580246913
2024-08-20,0.429121975308642,0.14373567901234569,0.03090172839506173,0.02605567901234568,0.004319135802469135,0.11757938271604938,0.0008490123456790123
2024-08-21,0.4319322222222222,0.14309086419753086,0.03050320987654321,0.025290493827160494,0.0044939506172839505,0.11832506172839506,0.0008530864197530864
2024-08-22,0.4231988888888889,0.14076851851851852,0.030359506172839505,0.024663827160493826,0.004320617283950617,0.12166283950617283,0.000797283950617284
2024-08-23,0.3962550617283951,0.13528,0.029103456790123456,0.024224444444444444,0.004154691358024692,0.12344012345679012,0.0007193827160493827
2024-08-24,0.2879782716049383,0.09580481481481481,0.018109135802469135,0.014722469135802468,0.0027806172839506173,0.12040827160493828,0.00037345679012345677
2024-08-25,0.23528617283950617,0.07769160493827161,0.01615864197530864,0.0125020987654321,0.002758888888888889,0.11687604938271605,0.00028506172839506174
2024-08-26,0.3843824691358025,0.13632086419753087,0.030140493827160494,0.02304074074074074,0.003855925925925926,0.11553876543209876,0.0007279012345679012
2024-08-27,0.4292717283950617,0.14541246913580247,0.032317407407407406,0.02491777777777778,0.004320617283950617,0.11724061728395062,0.0008287654320987655
2024-08-28,0.43415728395061726,0.14861358024691357,0.03175234567901235,0.02418185185185185,0.004454197530864197,0.12003382716049382,0.0008217283950617284
2024-08-29,0.4245382716049383,0.14859617283950619,0.032337654320987654,0.023791851851851852,0.004326419753086419,0.12257432098765432,0.0007958024691358024
2024-08-30,0.38916567901234567,0.1398032098765432,0.03159925925925926,0.024115308641975308,0.00419358024691358,0.12400716049382716,0.000652716049382716
2024-08-31,0.26642024691358024,0.09526345679012346,0.01850493827160494,0.01473,0.002656543209876543,0.11406456790123456,0.00030506172839506174
2024-09-01,0.24312962962962964,0.0813337037037037,0.01487641975308642,0.011805185185185186,0.0028246913580246913,0.11066827160493826,0.00026530864197530865
2024-09-02,0.24783283950617285,0.07773283950617284,0.01655777777777778,0.011802222222222223,0.001844320987654321,0.10544555555555556,0.0003174074074074074
2024-09-03,0.44807456790123457,0.16340395061728394,0.03256333333333333,0.027263086419753085,0.0044416049382716045,0.11844308641975308,0.0009058024691358025
2024-09-04,0.4776362962962963,0.16943358024691357,0.033538271604938275,0.027840493827160494,0.0047682716049382715,0.11544777777777777,0.0009367901234567901
2024-09-05,0.497940987654321,0.17712666666666665,0.03242456790123457,0.027172592592592592,0.0046265432098765435,0.11926641975308643,0.0009228395061728395
2024-09-06,0.4685125925925926,0.1725146913580247,0.03186740740740741,0.02503172839506173,0.0045034567901234565,0.1233783950617284,0.0008155555555555556
2024-09-07,0.3061282716049383,0.10391296296296296,0.016949506172839506,0.01308320987654321,0.0026514814814814817,0.11265691358024692,0.0003548148148148148
2024-09-08,0.25938864197530864,0.08950234567901234,0.014886913580246913,0.012193456790123456,0.0029333333333333334,0.11286925925925925,0.00028148148148148146
2024-09-09,0.4705362962962963,0.1800072839506173,0.03053037037037037,0.02646716049382716,0.004361358024691358,0.11488407407407407,0.0009535802469135803
2024-09-10,0.5163462962962962,0.18646395061728396,0.03247246913580247,0.028801234567901235,0.0047197530864197534,0.11743543209876543,0.0010487654320987655
2024-09-11,0.5203341975308642,0.18389753086419752,0.03255679012345679,0.028179259259259258,0.004818641975308642,0.11379876543209877,0.001124320987654321
2024-09-12,0.5224955555555556,0.18709827160493828,0.03253567901234568,0.02826975308641975,0.004787407407407408,0.12158864197530864,0.0010091358024691358
2024-09-13,0.48289037037037036,0.17811617283950618,0.03147469135802469,0.02712925925925926,0.004604567901234568,0.1254679012345679,0.0008628395061728395
2024-09-14,0.3341325925925926,0.11271814814814815,0.017913456790123457,0.016896790123456792,0.003021358024691358,0.1238158024691358,0.00042
2024-09-15,0.2668811111111111,0.08704691358024691,0.01582395061728395,0.014605308641975309,0.0029819753086419752,0.11685395061728394,0.00032160493827160496
2024-09-16,0.4717812345679012,0.18195592592592594,0.03143432098765432,0.02661740740740741,0.00436037037037037,0.11538271604938272,0.0009548148148148148
2024-09-17,0.5171988888888889,0.18971296296296297,0.03317012345679012,0.028741851851851852,0.004773703703703704,0.11673716049382717,0.0010497530864197531
2024-09-18,0.5225787654320988,0.19005086419753087,0.034768395061728394,0.028357654320987653,0.004851851851851852,0.11890864197530865,0.0010620987654320988
2024-09-19,0.5253313580246913,0.19107740740740742,0.03366975308641975,0.028017777777777777,0.004754938271604938,0.12316481481481481,0.001032962962962963
2024-09-20,0.4855614814814815,0.18167716049382715,0.033341358024691355,0.026626296296296297,0.004529259259259259,0.12592172839506172,0.0008677777777777778
2024-09-21,0.33884345679012345,0.11733617283950618,0.019771604938271604,0.016477654320987654,0.0029149382716049384,0.12100456790123457,0.0004612345679012346
2024-09-22,0.26319876543209875,0.09107592592592592,0.016196543209876544,0.012685432098765432,0.002859753086419753,0.11561061728395061,0.0003160493827160494
2024-09-23,0.4813340740740741,0.17998962962962964,0.03095074074074074,0.02694283950617284,0.004264567901234568,0.11392074074074074,0.0009869135802469135
2024-09-24,0.5337911111111111,0.18519333333333332,0.033398024691358025,0.029725802469135802,0.004628148148148148,0.11454037037037038,0.0011034567901234567
2024-09-25,0.5353018518518519,0.18359864197530865,0.03302111111111111,0.02916074074074074,0.004670246913580247,0.11545864197530864,0.0010992592592592592
2024-09-26,0.5303361728395062,0.1811911111111111,0.03261,0.028268024691358026,0.004582345679012345,0.11889728395061729,0.001014320987654321
2024-09-27,0.4870843209876543,0.17759555555555556,0.031883703703703706,0.027288148148148148,0.004440493827160494,0.1247537037037037,0.0008632098765432099
2024-09-28,0.3158002469135803,0.10657827160493827,0.01659358024691358,0.016318148148148148,0.00273358024691358,0.11383765432098765,0.0003614814814814815
2024-09-29,0.24189666666666668,0.08202061728395062,0.014515061728395062,0.012691975308641976,0.0027580246913580246,0.10732654320987654,0.0003434567901234568
2024-09-30,0.47520222222222225,0.1835193827160494,0.03167246913580247,0.026900864197530863,0.004284074074074074,0.11417222222222222,0.0009685185185185185
2024-10-01,0.5159707407407408,0.19094074074074074,0.030584814814814815,0.02701679012345679,0.004728271604938271,0.11385740740740741,0.001199506172839506
2024-10-02,0.5022312345679012,0.1857604938271605,0.03195728395061728,0.02804,0.0047320987654320985,0.11621296296296296,0.0011781481481481482
2024-10-03,0.44784296296296294,0.16466172839506174,0.030442716049382715,0.026814444444444443,0.004438518518518519,0.11441148148148148,0.0008979012345679012
2024-10-04,0.4329202469135802,0.16212740740740741,0.031076913580246914,0.026583703703703703,0.0043667901234567905,0.11692308641975309,0.0007853086419753086
2024-10-05,0.33458592592592595,0.11769827160493827,0.017611975308641975,0.018386172839506172,0.002935185185185185,0.11936506172839506,0.0005044444444444444
2024-10-06,0.2549745679012346,0.09108148148148149,0.013735432098765432,0.013074814814814815,0.0029230864197530865,0.11269518518518519,0.0003128395061728395
2024-10-07,0.47494506172839507,0.18254024691358026,0.030871975308641976,0.027201851851851852,0.004414074074074074,0.1132267901234568,0.0010904938271604938
2024-10-08,0.5255493827160493,0.19195543209876542,0.03406592592592592,0.029132592592592592,0.00482716049382716,0.11669234567901235,0.0012665432098765432
2024-10-09,0.5324951851851852,0.1920274074074074,0.033953827160493825,0.02897456790123457,0.004923086419753087,0.11825641975308641,0.001225432098765432
2024-10-10,0.5344643209876543,0.18940753086419754,0.033633086419753086,0.028853086419753086,0.0048038271604938275,0.12226543209876543,0.0011722222222222223
2024-10-11,0.4776004938271605,0.17721925925925927,0.03178518518518519,0.027669382716049382,0.004571234567901234,0.12614012345679013,0.0009848148148148149
2024-10-12,0.3193985185185185,0.11617271604938272,0.018406543209876544,0.017806666666666665,0.002904320987654321,0.11826123456790123,0.0004208641975308642
2024-10-13,0.26585543209876544,0.09195876543209877,0.015755432098765433,0.014843827160493827,0.00288320987654321,0.11255654320987654,0.0004412345679012346
2024-10-14,0.37862358024691356,0.13294172839506171,0.029691481481481482,0.027810246913580246,0.0033119753086419752,0.11248197530864197,0.0006325925925925926
2024-10-15,0.5289898765432098,0.18366740740740742,0.03341382716049383,0.03077358024691358,0.004788641975308642,0.1179779012345679,0.0011566666666666667
2024-10-16,0.5379156790123457,0.18460469135802468,0.034519506172839505,0.029147037037037037,0.004886296296296297,0.11739654320987654,0.0012077777777777779
2024-10-17,0.5320534567901235,0.1846983950617284,0.034309382716049386,0.02925925925925926,0.004579382716049383,0.11630802469135802,0.0011558024691358025
2024-10-18,0.4976540740740741,0.17816851851851853,0.033596666666666664,0.028394938271604938,0.0045348148148148144,0.12265148148148149,0.0010195061728395063
2024-10-19,0.3397962962962963,0.11493222222222223,0.01928543209876543,0.01817456790123457,0.002969506172839506,0.12112987654320988,0.000442962962962963
2024-10-20,0.26870074074074074,0.09052728395061728,0.015734814814814816,0.015159135802469135,0.0029714814814814816,0.11595345679012346,0.0003217283950617284
2024-10-21,0.4743598765432099,0.18172395061728394,0.03059962962962963,0.027158395061728395,0.004337407407407407,0.11573913580246914,0.0011080246913580246
2024-10-22,0.5208495061728395,0.18874185185185186,0.03312271604938272,0.029354444444444443,0.004772345679012345,0.11509567901234567,0.001188641975308642
2024-10-23,0.527976049382716,0.1898225925925926,0.031732222222222224,0.028874197530864197,0.004840864197530864,0.11482765432098765,0.0011887654320987655
2024-10-24,0.5314606172839507,0.18321654320987654,0.03212259259259259,0.028698641975308643,0.004537530864197531,0.11502888888888889,0.0011917283950617283
2024-10-25,0.49627037037037036,0.1698864197530864,0.0324462962962963,0.027647037037037036,0.00452283950617284,0.12146728395061729,0.0009979012345679012
2024-10-26,0.34920234567901237,0.11853074074074074,0.017668024691358024,0.018284320987654323,0.002971111111111111,0.12198012345679013,0.00042259259259259257
2024-10-27,0.2726769135802469,0.09140950617283951,0.01491962962962963,0.01431074074074074,0.0029491358024691357,0.11340864197530864,0.0003155555555555556
2024-10-28,0.49174913580246915,0.18185432098765433,0.03134851851851852,0.02837938271604938,0.0044032098765432095,0.11437148148148148,0.00110320987654321
2024-10-29,0.5405914814814815,0.18701604938271604,0.03364518518518519,0.030812962962962962,0.004768024691358025,0.11601654320987655,0.001210246913580247
2024-10-30,0.545426049382716,0.18933703703703703,0.03296382716049383,0.030374691358024692,0.00499604938271605,0.11976444444444445,0.0012195061728395061
2024-10-31,0.535836049382716,0.1757416049382716,0.03182172839506173,0.02738962962962963,0.00464679012345679,0.11762654320987655,0.0010791358024691358
2024-11-01,0.46677456790123456,0.15925962962962964,0.026362345679012345,0.022845925925925926,0.004605679012345679,0.11691604938271605,0.0007855555555555555
2024-11-02,0.34779086419753086,0.11413,0.017130987654320987,0.016607654320987653,0.0030223456790123455,0.11626876543209877,0.00040407407407407406
2024-11-03,0.321341975308642,0.07995901234567901,0.016385185185185187,0.015188641975308642,0.002686172839506173,0.09831432098765432,0.0005055555555555555
2024-11-04,0.48761716049382714,0.1791062962962963,0.030109135802469135,0.026668395061728394,0.004532839506172839,0.11210864197530865,0.000958641975308642
2024-11-05,0.4494130864197531,0.1632011111111111,0.030133086419753086,0.02636,0.004457530864197531,0.10597222222222222,0.0008260493827160494
2024-11-06,0.5078285185185185,0.1840204938271605,0.031643333333333336,0.027340864197530863,0.004943703703703704,0.11468876543209877,0.0010276543209876542
2024-11-07,0.5224925925925926,0.18514444444444444,0.03200345679012346,0.0279020987654321,0.004845432098765432,0.1183520987654321,0.0010095061728395062
2024-11-08,0.4903553086419753,0.17640135802469137,0.030257654320987655,0.026371728395061727,0.004699012345679012,0.12231395061728395,0.0008688888888888889
2024-11-09,0.34203382716049385,0.11360617283950618,0.01646037037037037,0.01662358024691358,0.0029874074074074074,0.1141858024691358,0.0004037037037037037
2024-11-10,0.2613758024691358,0.08803493827160494,0.012994567901234568,0.012721975308641975,0.0029595061728395064,0.10741728395061728,0.0002865432098765432
2024-11-11,0.4046440740740741,0.14485530864197532,0.02913641975308642,0.02550358024691358,0.003460740740740741,0.10676814814814815,0.0006832098765432099
2024-11-12,0.5263208641975309,0.18361802469135802,0.03263851851851852,0.028981728395061728,0.0049170370370370375,0.11373740740740741,0.0010611111111111112
2024-11-13,0.5346943209876543,0.18470432098765432,0.031771481481481484,0.028327777777777778,0.0050793827160493825,0.11517567901234568,0.0010298765432098765
2024-11-14,0.5304404938271605,0.18228345679012345,0.0310820987654321,0.02690975308641975,0.004943086419753087,0.11839901234567901,0.0009903703703703704
2024-11-15,0.4921637037037037,0.17115308641975308,0.03060320987654321,0.026436913580246912,0.00482320987654321,0.12171728395061729,0.0008430864197530864
2024-11-16,0.3443372839506173,0.11357814814814815,0.01694320987654321,0.0163879012345679,0.0030316049382716048,0.11315975308641975,0.0003719753086419753
2024-11-17,0.2594822222222222,0.0887758024691358,0.0146179012345679,0.01255641975308642,0.0030024691358024693,0.1039,0.00029666666666666665
2024-11-18,0.4815997530864198,0.17812382716049383,0.030444691358024693,0.026421604938271604,0.004528641975308642,0.1063837037037037,0.0009554320987654321
2024-11-19,0.5281397530864198,0.18569777777777777,0.03217543209876543,0.02903679012345679,0.004913950617283951,0.11407024691358025,0.0010365432098765432
2024-11-20,0.5307339506172839,0.18629320987654321,0.03232037037037037,0.028710864197530866,0.005101358024691358,0.11758148148148148,0.0010733333333333333
2024-11-21,0.5207091358024691,0.16698469135802468,0.03059,0.026820740740740742,0.004806172839506173,0.11428296296296296,0.0009574074074074074
2024-11-22,0.47590864197530863,0.16102543209876544,0.029728765432098764,0.025336913580246912,0.00465358024691358,0.11872518518518518,0.000801604938271605
2024-11-23,0.33583259259259257,0.11149382716049383,0.017895061728395063,0.016606666666666665,0.002920246913580247,0.11403604938271605,0.0003774074074074074
2024-11-24,0.2561746913580247,0.08796580246913581,0.0142020987654321,0.012858888888888888,0.0030209876543209877,0.10442666666666667,0.0002880246913580247
2024-11-25,0.48323617283950615,0.17783148148148148,0.03199753086419753,0.027364074074074075,0.00459962962962963,0.11415098765432098,0.001011111111111111
2024-11-26,0.49753197530864196,0.17435493827160495,0.032497654320987654,0.02884851851851852,0.004903456790123457,0.1208679012345679,0.001
2024-11-27,0.45807777777777775,0.169180987654321,0.035147407407407405,0.03006530864197531,0.004387654320987654,0.12418716049382716,0.0009253086419753086
2024-11-28,0.18684530864197532,0.057138148148148146,0.014308024691358025,0.012765679012345679,0.003293086419753086,0.10722851851851851,0.000258641975308642
2024-11-29,0.3305554320987654,0.1124358024691358,0.030027037037037036,0.027068024691358026,0.0024551851851851852,0.1023753086419753,0.0005109876543209877
2024-11-30,0.2864174074074074,0.09724506172839506,0.018372839506172838,0.016712098765432098,0.0024125925925925925,0.11009086419753086,0.00036
2024-12-01,0.23376444444444444,0.0777358024691358,0.014420493827160494,0.012810864197530865,0.002721728395061728,0.11031728395061728,0.0002476543209876543
2024-12-02,0.47083888888888886,0.1692759259259259,0.029675925925925925,0.02580506172839506,0.004472098765432099,0.11519827160493827,0.0009409876543209877
2024-12-03,0.5235113580246914,0.1796643209876543,0.03290666666666667,0.028913703703703705,0.004962098765432099,0.1161646913580247,0.0010233333333333333
2024-12-04,0.540109012345679,0.1785835802469136,0.03143604938271605,0.02770111111111111,0.005167654320987655,0.11654493827160493,0.0010203703703703703
2024-12-05,0.5376374074074074,0.17300938271604938,0.031389506172839504,0.02657358024691358,0.0048590123456790126,0.1172746913580247,0.000984074074074074
2024-12-06,0.5087759259259259,0.16548407407407406,0.02994506172839506,0.02543320987654321,0.004765185185185185,0.12161753086419753,0.0008409876543209877
2024-12-07,0.37249481481481483,0.1090979012345679,0.018511851851851852,0.017184320987654322,0.0029717283950617284,0.1132162962962963,0.00036123456790123455
2024-12-08,0.2899938271604938,0.08750592592592593,0.015079876543209877,0.013258024691358025,0.0030458024691358025,0.10490123456790124,0.00029567901234567903
2024-12-09,0.4865877777777778,0.16912555555555556,0.030000123456790123,0.026128148148148147,0.004549012345679012,0.11084185185185186,0.0009002469135802469
2024-12-10,0.5400077777777778,0.1782974074074074,0.032725555555555556,0.028908765432098766,0.005058395061728395,0.11519641975308642,0.0010140740740740741
2024-12-11,0.5253491358024691,0.16705444444444445,0.031240987654320988,0.027473827160493826,0.004870987654320987,0.11140518518518519,0.0009781481481481481
2024-12-12,0.5589990123456791,0.17674061728395063,0.03322827160493827,0.029161728395061728,0.0050708641975308645,0.12239728395061729,0.0010009876543209876
2024-12-13,0.5159027160493828,0.16635197530864199,0.030648641975308644,0.027419259259259258,0.004817283950617284,0.12487481481481481,0.000855679012345679
2024-12-14,0.3856116049382716,0.10893024691358025,0.019925679012345678,0.019639876543209877,0.003160740740740741,0.11705123456790123,0.00042617283950617286
2024-12-15,0.28857234567901235,0.08568888888888888,0.01486246913580247,0.013441975308641975,0.0030655555555555557,0.10702,0.0002933333333333333
2024-12-16,0.47735185185185186,0.15773135802469135,0.029593333333333333,0.02545185185185185,0.0045697530864197535,0.11018197530864197,0.0008760493827160493
2024-12-17,0.5359734567901234,0.1799453086419753,0.03295802469135802,0.029302222222222223,0.005040740740740741,0.11664654320987654,0.0010418518518518517
2024-12-18,0.5299743209876543,0.17665716049382715,0.03293098765432099,0.02830888888888889,0.005159506172839506,0.11903740740740741,0.0009960493827160493
2024-12-19,0.5253661728395062,0.17668925925925927,0.03296703703703704,0.02810037037037037,0.0050080246913580245,0.12282716049382716,0.0009704938271604939
2024-12-20,0.4743634567901235,0.1600083950617284,0.030524691358024693,0.026329506172839506,0.0047632098765432096,0.12169345679012346,0.000801604938271605
2024-12-21,0.3265830864197531,0.09731691358024691,0.018188518518518517,0.017067654320987655,0.002875185185185185,0.11094851851851852,0.00036703703703703703
2024-12-22,0.2544658024691358,0.07502901234567902,0.014985061728395062,0.013583086419753086,0.0029044444444444443,0.10244185185185185,0.0002876543209876543
2024-12-23,0.3971450617283951,0.13424308641975308,0.03129567901234568,0.025972222222222223,0.004135308641975309,0.11580358024691358,0.0007130864197530864
2024-12-24,0.3143696296296296,0.11185728395061728,0.026149012345679012,0.021390987654320986,0.003634938271604938,0.1099037037037037,0.0005274074074074074
2024-12-25,0.17016962962962964,0.05150975308641975,0.01076358024691358,0.008233703703703703,0.002342222222222222,0.09213864197530865,0.00022814814814814814
2024-12-26,0.3521825925925926,0.1213416049382716,0.029695555555555555,0.025077407407407406,0.003112469135802469,0.10729555555555556,0.0006446913580246914
2024-12-27,0.39030691358024694,0.1306995061728395,0.03143320987654321,0.027791851851851852,0.003782469135802469,0.11186641975308642,0.0006982716049382717
2024-12-28,0.2800630864197531,0.08965641975308641,0.01722456790123457,0.014742962962962963,0.0024544444444444444,0.10035185185185186,0.0003403703703703704
2024-12-29,0.2619879012345679,0.08205283950617284,0.0156979012345679,0.01326111111111111,0.0027344444444444443,0.10010111111111111,0.0003245679012345679
2024-12-30,0.40938185185185183,0.13713172839506174,0.030682962962962964,0.025811975308641974,0.003915185185185186,0.1106804938271605,0.0007603703703703703
2024-12-31,0.3548266666666667,0.12150530864197531,0.02764716049382716,0.02296753086419753,0.0038866666666666667,0.1010895061728395,0.0006080246913580247
2025-01-01,0.22523443037974683,0.06275886075949368,0.011432658227848102,0.009454430379746836,0.0015717721518987342,0.08586025316455696,0.00025822784810126584
2025-01-02,0.4274587341772152,0.15249341772151898,0.026697974683544304,0.02094620253164557,0.003957594936708861,0.1052273417721519,0.0008288607594936709
2025-01-03,0.4320279746835443,0.15510341772151898,0.02577873417721519,0.020705949367088607,0.004544303797468355,0.10721278481012658,0.000790253164556962
2025-01-04,0.29310037974683545,0.09805607594936709,0.014810632911392405,0.012731518987341772,0.0027846835443037974,0.09985848101265823,0.00033822784810126584
2025-01-05,0.2267113924050633,0.07832278481012658,0.012238354430379747,0.01009632911392405,0.0029955696202531644,0.09195075949367089,0.0002581012658227848
2025-01-06,0.4349988607594937,0.15683151898734177,0.02905101265822785,0.02564240506329114,0.004536708860759494,0.10033126582278482,0.0008717721518987342
2025-01-07,0.47867544303797466,0.16151088607594938,0.031130379746835444,0.02796772151898734,0.00481620253164557,0.10670481012658228,0.0009378481012658228
2025-01-08,0.48488810126582277,0.15902025316455695,0.030309367088607594,0.026525316455696203,0.004988101265822785,0.10794278481012658,0.0009870886075949367
2025-01-09,0.4727067088607595,0.09971012658227849,0.029089113924050634,0.02517645569620253,0.004864683544303797,0.11003240506329114,0.0008659493670886076
