,Gender,HoursStudied/Week,Tutoring,Region,Attendance(%),Parent Education,Exam_Score
0,Male,5.5,No,Urban,72.7,Tertiary,43.5
1,Female,6.8,No,Urban,62.0,Primary,51.7
2,Female,9.7,No,Rural,95.0,Secondary,70.1
3,Male,13.3,Yes,Rural,52.9,none,79.5
4,Female,8.9,No,Urban,50.8,none,52.2
5,Female,7.9,No,Urban,73.7,Tertiary,58.8
6,Female,7.6,No,Urban,79.5,Secondary,64.8
7,Female,12.3,Yes,Urban,98.4,Secondary,100.0
8,Female,10.6,Yes,Rural,72.3,Primary,87.8
9,Female,9.9,No,Rural,73.2,Tertiary,67.0
10,Female,3.9,No,Urban,89.7,Tertiary,48.8
11,Male,2.3,Yes,Rural,85.7,none,52.6
12,Male,14.0,Yes,Rural,89.1,Tertiary,100.0
13,Female,9.1,Yes,Rural,62.0,Primary,75.8
14,Male,15.3,Yes,Urban,77.2,Tertiary,100.0
15,Male,10.6,Yes,Rural,76.9,Secondary,72.4
16,Male,9.1,No,Rural,78.5,Secondary,56.4
17,Male,12.7,No,Urban,89.9,none,83.1
18,Male,7.1,No,Rural,69.7,Tertiary,42.6
19,Female,9.0,No,Urban,61.5,Secondary,60.8
20,Male,11.8,Yes,Urban,74.4,Secondary,82.3
21,Female,9.7,Yes,Urban,58.9,Tertiary,75.9
22,Female,5.1,No,Urban,50.4,Primary,42.7
23,Male,5.4,No,Rural,50.1,Tertiary,34.8
24,Male,13.9,No,Urban,70.4,Secondary,88.9
25,Female,9.4,No,Urban,71.4,Tertiary,67.9
26,Female,0.0,Yes,Urban,60.8,Tertiary,44.1
27,Female,14.1,Yes,Rural,79.8,Secondary,89.5
28,Female,3.5,No,Urban,72.4,none,35.8
29,Male,11.7,No,Urban,71.6,none,76.0
30,Female,15.4,No,Urban,99.5,Tertiary,94.0
31,Male,4.8,No,Urban,98.9,Secondary,57.2
32,Female,11.3,Yes,Urban,87.2,Secondary,91.0
33,Male,7.4,Yes,Urban,60.6,Tertiary,70.1
34,Female,16.0,No,Urban,92.4,Secondary,100.0
35,Female,10.7,No,Urban,80.6,Tertiary,74.6
36,Male,9.9,No,Rural,89.4,none,65.1
37,Female,2.7,No,Rural,79.2,Primary,38.5
38,Female,6.3,No,Rural,71.6,Tertiary,52.7
39,Male,6.2,No,Urban,70.8,Tertiary,54.6
40,Male,6.3,No,Rural,98.2,Tertiary,56.4
41,Female,12.6,Yes,Urban,95.9,Secondary,93.9
42,Male,10.4,No,Urban,99.9,Tertiary,77.1
43,Female,14.9,No,Rural,84.5,Tertiary,92.7
44,Female,9.1,Yes,Urban,84.9,Secondary,87.2
45,Female,9.0,No,Urban,96.9,Primary,68.1
46,Female,5.2,No,Urban,62.2,none,39.7
47,Female,7.9,Yes,Rural,71.1,Tertiary,75.2
48,Male,10.7,No,Urban,57.0,Primary,63.9
49,Female,12.8,Yes,Urban,50.0,Secondary,91.5
50,Male,10.9,No,Urban,58.7,Secondary,66.6
51,Female,11.8,Yes,Rural,78.0,Secondary,85.7
52,Female,7.6,No,Rural,96.6,Tertiary,65.2
53,Female,6.8,Yes,Urban,52.4,Secondary,70.6
54,Female,7.7,No,Rural,93.2,Tertiary,64.5
55,Male,2.7,Yes,Rural,55.6,Tertiary,46.5
56,Female,8.2,Yes,Urban,61.5,Primary,66.7
57,Male,8.2,No,Rural,65.0,Secondary,52.5
58,Male,15.5,No,Urban,84.1,Secondary,98.0
59,Female,7.1,Yes,Urban,72.6,Secondary,69.7
60,Female,4.7,No,Rural,70.8,Secondary,47.0
61,Male,16.0,No,Urban,90.2,Tertiary,100.0
62,Female,6.2,No,Urban,93.3,Tertiary,60.8
63,Male,13.0,No,Urban,94.8,Secondary,92.9
64,Female,12.4,No,Urban,90.4,none,83.5
65,Male,2.0,No,Urban,98.6,Secondary,43.0
66,Male,16.0,No,Rural,56.4,Secondary,88.9
67,Male,9.8,Yes,Urban,99.9,Secondary,96.2
68,Male,12.0,No,Rural,94.3,none,74.9
69,Male,8.5,No,Urban,84.2,Tertiary,56.2
70,Female,8.4,No,Urban,86.8,none,67.7
71,Female,14.9,No,Urban,63.3,Primary,83.2
72,Male,11.3,No,Rural,77.9,none,66.2
73,Male,13.6,Yes,Urban,59.8,Secondary,94.1
74,Male,16.0,Yes,Urban,87.4,Secondary,100.0
75,Female,15.1,No,Urban,92.5,Secondary,91.1
76,Female,16.0,No,Rural,56.7,Tertiary,85.1
77,Male,10.9,No,Rural,56.8,Tertiary,63.9
78,Female,3.7,No,Urban,76.8,Primary,40.8
79,Male,1.2,No,Urban,83.0,Primary,44.1
80,Male,10.3,No,Urban,91.4,Secondary,73.7
81,Female,3.8,Yes,Urban,80.7,Primary,61.8
82,Male,6.0,No,Urban,88.2,Secondary,62.5
83,Female,4.5,No,Urban,63.2,Secondary,50.7
84,Female,10.7,No,Rural,68.2,Tertiary,73.3
85,Female,6.3,No,Urban,91.0,Primary,52.2
86,Female,14.4,No,Rural,83.4,Tertiary,77.2
87,Female,9.2,Yes,Rural,59.6,Primary,84.7
88,Female,6.5,No,Rural,96.5,Secondary,65.4
89,Male,7.9,No,Rural,99.7,Secondary,65.3
90,Female,11.6,No,Urban,77.8,Secondary,74.9
91,Female,10.6,Yes,Rural,89.1,Tertiary,88.0
92,Male,7.0,No,Rural,97.6,Primary,52.0
93,Male,10.9,No,Urban,86.9,Secondary,73.2
94,Female,14.7,Yes,Urban,80.8,Tertiary,100.0
95,Male,10.6,Yes,Rural,61.8,Primary,76.3
96,Male,4.3,No,Urban,91.5,Secondary,55.4
97,Female,8.6,Yes,Rural,62.6,Primary,71.1
98,Female,6.4,No,Rural,76.1,Primary,50.5
99,Male,0.8,No,Urban,76.7,Tertiary,31.3
100,Female,10.1,Yes,Rural,78.8,Secondary,76.8
101,Male,8.0,No,Urban,89.5,Secondary,73.3
102,Male,4.2,No,Rural,65.2,Secondary,40.3
103,Female,16.0,No,Urban,94.7,Primary,92.5
104,Male,4.7,No,Rural,89.7,Secondary,48.8
105,Male,2.5,No,Urban,63.5,none,41.9
106,Male,9.1,No,Rural,90.8,Secondary,60.7
107,Female,12.9,No,Urban,61.5,none,69.6
108,Female,13.0,No,Urban,88.7,Primary,88.9
109,Male,15.9,No,Urban,61.3,Primary,90.0
110,Female,9.8,Yes,Urban,59.3,Primary,79.1
111,Male,7.8,Yes,Urban,70.9,Tertiary,73.6
112,Male,5.2,Yes,Urban,99.1,Primary,64.2
113,Male,14.4,Yes,Urban,63.7,none,92.2
114,Male,10.7,No,Rural,68.1,none,62.1
115,Male,10.4,No,Rural,51.7,Primary,60.4
116,Female,12.4,No,Urban,78.0,Secondary,79.1
117,Male,3.7,No,Rural,86.8,Primary,39.3
118,Female,0.5,Yes,Urban,50.6,Primary,41.1
119,Male,10.9,No,Urban,62.1,Primary,70.2
120,Female,11.7,No,Urban,62.2,Primary,66.2
121,Female,1.7,No,Urban,58.7,Secondary,27.0
122,Female,10.3,Yes,Urban,53.2,Tertiary,77.3
123,Female,6.5,No,Rural,78.9,Tertiary,51.3
124,Female,9.1,No,Rural,57.9,Primary,51.8
125,Male,11.1,No,Rural,82.5,Tertiary,78.7
126,Female,9.5,No,Urban,72.5,Tertiary,64.9
127,Female,7.9,No,Rural,99.1,Tertiary,67.8
128,Female,7.4,No,Rural,95.3,Secondary,53.5
129,Female,6.4,No,Urban,77.2,Tertiary,61.7
130,Male,12.8,Yes,Urban,51.9,Secondary,91.6
131,Female,8.9,No,Urban,94.1,Primary,76.1
132,Female,16.0,No,Urban,78.1,Secondary,95.4
133,Male,16.0,No,Urban,60.2,Tertiary,87.2
134,Male,9.5,Yes,Urban,57.8,Tertiary,77.7
135,Female,11.5,Yes,Rural,77.1,Primary,87.6
136,Male,15.6,No,Rural,78.0,Tertiary,87.2
137,Male,8.9,Yes,Rural,57.6,Tertiary,74.4
138,Male,7.9,Yes,Rural,72.5,Tertiary,75.6
139,Male,10.6,No,Rural,63.9,Secondary,59.6
140,Female,10.3,No,Urban,51.1,Secondary,69.3
141,Female,14.0,No,Urban,85.1,Tertiary,87.8
142,Male,15.8,Yes,Rural,94.1,Tertiary,100.0
143,Male,7.8,No,Urban,86.7,Tertiary,69.6
144,Female,9.8,No,Urban,76.1,Primary,70.4
145,Male,6.2,No,Rural,69.3,Secondary,45.9
146,Female,3.0,No,Rural,83.0,none,35.0
147,Female,12.2,Yes,Rural,56.8,Primary,81.4
148,Female,15.8,No,Urban,74.5,Primary,92.2
149,Female,14.9,No,Rural,97.0,Secondary,98.1
150,Male,10.1,No,Urban,63.3,Tertiary,72.9
151,Male,13.2,No,Urban,50.3,Primary,70.2
152,Male,10.6,No,Urban,59.8,Primary,63.4
153,Female,4.2,No,Rural,72.4,Tertiary,41.8
154,Male,13.2,Yes,Urban,75.7,Tertiary,98.5
155,Female,8.2,Yes,Urban,86.1,Secondary,72.4
156,Female,3.8,No,Urban,68.9,Primary,50.6
157,Female,9.0,No,Urban,72.4,Primary,65.4
158,Male,13.4,Yes,Urban,80.5,Secondary,100.0
159,Female,8.7,Yes,Urban,80.5,Tertiary,83.8
160,Male,6.2,No,Urban,93.6,Secondary,60.3
161,Male,8.6,No,Rural,95.2,Secondary,62.4
162,Female,10.6,No,Urban,88.2,Tertiary,73.9
163,Male,11.5,No,Urban,63.2,none,63.3
164,Female,16.0,No,Urban,55.6,Secondary,96.6
165,Female,7.3,No,Rural,64.6,Secondary,59.8
166,Male,16.0,No,Rural,77.7,Secondary,88.6
167,Male,11.5,No,Urban,93.1,Primary,64.0
168,Female,5.5,No,Rural,60.5,Primary,55.1
169,Male,9.5,No,Rural,50.4,Secondary,53.9
170,Female,12.3,Yes,Urban,82.5,Secondary,89.8
171,Male,16.0,No,Rural,76.3,Secondary,84.9
172,Female,10.8,No,Urban,74.0,Secondary,61.2
173,Male,16.0,No,Rural,60.6,Tertiary,90.9
174,Female,8.7,Yes,Urban,58.9,none,76.1
175,Male,4.0,No,Rural,75.3,Secondary,50.9
176,Female,8.1,No,Urban,50.8,Secondary,61.8
177,Male,7.8,Yes,Urban,69.9,Secondary,76.4
178,Male,13.5,No,Urban,65.0,Primary,72.3
179,Male,8.2,No,Urban,76.7,Tertiary,63.7
180,Female,8.6,No,Rural,93.0,Secondary,69.6
181,Male,10.0,Yes,Rural,53.9,none,69.6
182,Female,10.6,No,Rural,89.9,Secondary,75.3
183,Male,14.0,Yes,Urban,71.9,none,90.0
184,Female,16.0,No,Rural,96.3,Tertiary,98.3
185,Male,14.1,No,Urban,77.1,none,77.7
186,Male,3.2,No,Urban,83.9,Secondary,45.8
187,Male,5.1,Yes,Rural,84.7,Tertiary,56.6
188,Male,9.8,No,Urban,78.9,Secondary,70.3
189,Male,12.5,No,Urban,87.5,Secondary,84.7
190,Female,1.6,No,Rural,87.7,Secondary,35.4
191,Male,10.4,No,Urban,82.0,Secondary,73.5
192,Male,16.0,No,Rural,66.2,Secondary,95.3
193,Female,10.5,No,Rural,51.6,Secondary,58.4
194,Male,11.1,No,Rural,86.0,Secondary,60.9
195,Male,12.1,No,Rural,78.7,Primary,77.7
196,Male,7.9,No,Urban,51.8,Tertiary,54.5
197,Female,9.5,No,Rural,99.0,Secondary,66.4
198,Male,2.1,Yes,Urban,62.5,Secondary,51.7
199,Male,7.4,Yes,Urban,97.4,Tertiary,69.8
200,Female,10.7,Yes,Urban,93.2,Tertiary,98.4
201,Male,4.6,No,Rural,69.4,Secondary,41.2
202,Female,16.0,No,Urban,84.0,Secondary,90.8
203,Male,7.2,No,Urban,76.1,Secondary,55.1
204,Male,8.2,No,Urban,69.9,none,62.8
205,Female,8.9,No,Urban,56.9,Secondary,58.5
206,Female,7.3,No,Urban,55.8,Primary,45.4
207,Male,7.6,No,Rural,86.8,Secondary,60.9
208,Male,9.8,No,Urban,54.5,Tertiary,58.9
209,Male,5.6,No,Urban,79.7,Primary,48.4
210,Female,12.7,No,Urban,75.0,Secondary,74.8
211,Female,8.5,Yes,Urban,61.2,Tertiary,74.3
212,Male,9.5,No,Urban,83.8,Secondary,76.5
213,Male,8.1,No,Rural,89.0,Tertiary,69.6
214,Male,15.8,No,Rural,78.1,Primary,85.0
215,Male,10.1,Yes,Urban,65.7,Secondary,85.3
216,Male,11.7,No,Urban,67.8,Primary,67.8
217,Female,13.6,Yes,Urban,84.3,Primary,95.1
218,Male,4.9,Yes,Rural,66.4,Primary,57.3
219,Female,6.8,No,Rural,83.4,Secondary,51.0
220,Male,10.9,No,Urban,66.8,Secondary,61.5
221,Male,14.4,No,Urban,89.3,Primary,80.9
222,Male,14.3,Yes,Urban,51.5,Secondary,94.0
223,Female,5.6,No,Urban,61.2,Tertiary,55.6
224,Female,9.2,No,Rural,55.7,Primary,55.2
225,Female,14.1,Yes,Rural,92.0,Primary,100.0
226,Male,10.1,Yes,Urban,68.3,none,74.4
227,Male,10.8,No,Urban,79.0,Tertiary,68.6
228,Female,9.9,No,Urban,83.6,Secondary,71.1
229,Female,13.9,No,Rural,50.0,Secondary,75.4
230,Female,6.1,No,Urban,76.7,none,50.0
231,Female,8.2,No,Urban,83.9,Tertiary,65.4
232,Male,12.9,No,Urban,85.8,Tertiary,82.2
233,Male,1.2,No,Rural,89.7,Tertiary,39.2
234,Male,9.8,No,Rural,59.8,Tertiary,68.3
235,Female,10.2,Yes,Rural,67.8,Tertiary,92.3
236,Female,15.0,Yes,Urban,63.3,Primary,99.6
237,Male,12.3,Yes,Rural,88.9,Tertiary,100.0
238,Female,15.7,Yes,Urban,86.6,Tertiary,100.0
239,Male,13.9,No,Rural,55.7,Secondary,74.4
240,Male,11.2,No,Rural,87.0,Primary,70.0
241,Female,10.9,No,Urban,96.4,none,70.1
242,Male,10.8,Yes,Urban,94.3,Secondary,98.1
243,Female,7.3,Yes,Rural,51.7,Secondary,61.4
244,Female,8.5,Yes,Rural,96.2,Tertiary,76.6
245,Female,8.1,No,Urban,94.9,Primary,66.9
246,Female,9.5,No,Rural,98.2,none,70.3
247,Male,7.9,No,Rural,77.9,Secondary,56.1
248,Male,8.9,No,Urban,59.3,Tertiary,63.0
249,Male,12.3,No,Rural,56.0,Secondary,60.0
250,Female,6.0,No,Rural,74.5,Secondary,55.1
251,Female,3.6,No,Urban,77.2,Tertiary,48.9
252,Female,12.1,No,Urban,55.6,Tertiary,77.2
253,Male,9.7,Yes,Urban,50.7,Primary,76.4
254,Female,7.6,No,Urban,58.5,Secondary,52.7
255,Female,8.4,No,Urban,71.5,none,59.9
256,Female,8.0,Yes,Urban,70.1,Primary,80.4
257,Female,13.5,No,Rural,57.0,Tertiary,73.8
258,Male,6.3,No,Urban,64.2,Primary,50.8
259,Male,0.0,No,Urban,81.3,Secondary,27.7
260,Female,5.6,No,Rural,65.8,Secondary,42.2
261,Female,8.9,No,Urban,53.1,Primary,54.1
262,Male,10.3,No,Urban,73.6,Tertiary,76.9
263,Male,16.0,No,Rural,69.2,none,80.8
264,Male,12.2,Yes,Urban,88.9,Tertiary,100.0
265,Female,7.2,No,Urban,50.2,Primary,52.0
266,Female,7.5,No,Urban,69.9,Tertiary,67.9
267,Male,12.7,No,Urban,98.1,Secondary,94.1
268,Female,3.1,Yes,Rural,63.3,Tertiary,49.1
269,Female,10.4,Yes,Rural,86.7,Secondary,86.9
270,Female,5.5,No,Rural,99.9,Tertiary,57.3
271,Female,6.6,No,Rural,98.8,Tertiary,58.1
272,Female,9.2,No,Urban,81.2,Secondary,67.5
273,Male,5.1,Yes,Rural,87.1,Secondary,61.6
274,Male,7.4,Yes,Urban,99.0,Secondary,86.3
275,Male,10.4,No,Urban,97.9,none,76.7
276,Female,13.2,No,Rural,76.6,none,73.8
277,Male,11.1,No,Rural,61.9,Tertiary,65.9
278,Female,5.5,No,Rural,82.4,Secondary,49.6
279,Male,6.9,No,Urban,93.8,Primary,60.7
280,Female,8.9,No,Rural,92.6,Tertiary,65.2
281,Female,6.7,No,Urban,87.2,Secondary,52.3
282,Male,7.0,No,Urban,52.2,Secondary,46.4
283,Male,11.4,No,Rural,71.9,Secondary,68.6
284,Male,12.7,Yes,Rural,58.4,Secondary,79.0
285,Female,14.3,No,Urban,70.9,Secondary,87.3
286,Male,5.4,No,Urban,68.2,Tertiary,46.1
287,Male,8.4,No,Urban,91.3,Secondary,58.7
288,Female,9.1,Yes,Urban,76.7,none,79.1
289,Female,0.0,No,Urban,95.2,Primary,32.8
290,Female,8.3,No,Rural,58.6,Secondary,57.2
291,Female,7.1,Yes,Urban,94.2,Primary,90.3
292,Male,12.8,No,Urban,68.9,Tertiary,72.7
293,Female,16.0,No,Urban,94.3,Tertiary,100.0
294,Male,6.4,No,Rural,74.1,Secondary,53.9
295,Male,14.4,No,Urban,92.0,Secondary,92.1
296,Male,16.0,No,Urban,69.4,none,85.8
297,Male,12.9,No,Urban,59.9,Primary,68.5
298,Female,11.2,No,Rural,87.8,Primary,74.2
299,Female,7.9,No,Urban,89.7,Secondary,63.1
300,Female,5.0,No,Rural,62.2,Tertiary,43.5
301,Male,10.8,No,Rural,72.8,Secondary,63.5
302,Female,7.9,No,Urban,67.1,Tertiary,56.7
303,Male,9.6,No,Rural,79.0,Secondary,65.8
304,Male,11.2,Yes,Rural,89.4,Secondary,90.2
305,Female,9.3,No,Rural,65.8,Primary,59.0
306,Female,8.2,No,Urban,68.9,none,62.1
307,Female,3.5,No,Rural,89.5,Primary,45.8
308,Female,6.5,No,Rural,50.8,Primary,48.5
309,Female,16.0,No,Rural,82.0,Tertiary,89.7
310,Female,12.4,No,Urban,85.5,Secondary,79.2
311,Male,9.4,No,Urban,57.7,Tertiary,61.8
312,Male,4.0,No,Rural,71.0,Secondary,42.0
313,Female,9.6,Yes,Rural,89.2,Primary,77.2
314,Female,12.0,No,Urban,66.3,Tertiary,79.7
315,Female,15.2,Yes,Rural,52.4,Secondary,99.6
316,Female,7.9,No,Urban,55.9,Secondary,58.5
317,Female,12.1,No,Urban,63.6,Tertiary,75.8
318,Female,9.7,No,Urban,92.5,Secondary,82.4
319,Female,1.5,Yes,Rural,51.1,Secondary,37.9
320,Female,3.3,No,Urban,59.7,Primary,37.2
321,Female,10.8,Yes,Rural,70.1,Primary,89.4
322,Female,10.3,No,Urban,64.5,Secondary,70.8
323,Male,16.0,No,Rural,73.4,Tertiary,93.1
324,Male,9.4,No,Rural,100.0,Secondary,65.6
325,Male,13.6,No,Urban,76.4,Secondary,90.7
326,Male,10.2,Yes,Rural,61.5,Tertiary,79.8
327,Female,9.4,No,Rural,96.2,Tertiary,67.9
328,Female,4.9,No,Urban,65.7,Secondary,40.7
329,Female,14.9,Yes,Urban,86.5,Tertiary,100.0
330,Male,1.1,No,Rural,83.5,Primary,40.3
331,Female,13.2,Yes,Urban,79.7,Tertiary,100.0
332,Female,4.0,No,Rural,84.2,Secondary,43.7
333,Female,8.8,Yes,Urban,50.4,Secondary,74.7
334,Female,7.9,No,Rural,76.2,Tertiary,56.6
335,Female,10.0,No,Urban,60.2,Secondary,57.4
336,Female,13.8,No,Rural,65.2,none,79.2
337,Female,14.1,Yes,Urban,56.5,Primary,87.7
338,Male,2.9,No,Urban,60.1,Tertiary,32.4
339,Male,11.3,No,Urban,66.0,none,72.3
340,Male,7.9,Yes,Urban,59.1,Primary,69.6
341,Male,7.2,Yes,Urban,80.3,Primary,63.4
342,Female,3.8,No,Urban,55.8,Tertiary,41.8
343,Female,6.1,No,Urban,76.7,none,59.4
344,Male,6.8,No,Urban,74.4,Secondary,54.0
345,Female,8.8,No,Rural,81.8,Secondary,59.0
346,Male,10.4,Yes,Urban,66.2,none,72.5
347,Male,12.0,Yes,Rural,90.5,Secondary,91.7
348,Female,8.1,No,Urban,51.9,Secondary,50.9
349,Male,8.3,Yes,Urban,95.6,Tertiary,74.9
350,Female,9.5,Yes,Urban,94.7,Tertiary,95.2
351,Male,10.0,Yes,Rural,71.1,Tertiary,78.4
352,Female,7.2,No,Rural,71.9,Primary,49.0
353,Male,5.4,Yes,Rural,60.6,Primary,58.8
354,Male,15.0,No,Rural,84.4,Secondary,94.1
355,Male,6.4,No,Urban,92.0,Primary,62.1
356,Male,11.8,No,Urban,59.6,Secondary,64.6
357,Female,6.4,No,Urban,98.6,Primary,65.4
358,Female,7.0,No,Urban,51.4,none,51.9
359,Female,14.5,Yes,Urban,65.2,Secondary,100.0
360,Male,9.0,Yes,Rural,84.1,Secondary,72.8
361,Female,10.2,No,Rural,97.4,none,69.4
362,Male,14.0,Yes,Rural,66.6,Secondary,91.8
363,Female,16.0,No,Rural,96.3,Secondary,92.1
364,Male,14.6,No,Urban,92.0,Primary,90.2
365,Male,11.6,No,Rural,95.8,Primary,71.8
366,Male,12.9,No,Urban,60.3,Primary,67.3
367,Male,10.0,Yes,Urban,87.6,Tertiary,89.4
368,Female,2.9,No,Rural,53.5,none,30.4
369,Female,11.1,Yes,Urban,70.3,Primary,89.9
370,Female,11.2,No,Urban,79.9,Secondary,75.9
371,Male,8.3,Yes,Urban,54.5,Secondary,69.9
372,Female,7.9,No,Urban,97.1,Secondary,70.4
373,Male,16.0,No,Urban,51.2,Primary,87.5
374,Male,6.4,Yes,Urban,52.6,Primary,55.5
375,Female,9.8,No,Rural,56.9,Secondary,62.3
376,Female,12.5,No,Urban,87.2,Tertiary,83.7
377,Female,5.1,No,Urban,70.0,Tertiary,49.0
378,Male,8.6,No,Urban,77.7,Tertiary,70.8
379,Female,12.0,No,Urban,79.5,Secondary,80.2
380,Female,6.6,Yes,Urban,85.0,Primary,73.8
381,Male,5.6,No,Rural,91.1,Secondary,54.0
382,Female,14.5,Yes,Rural,61.1,Tertiary,93.7
383,Male,12.2,Yes,Rural,79.8,Primary,82.6
384,Female,2.0,Yes,Urban,73.8,none,51.4
385,Female,7.9,No,Rural,65.7,Primary,49.3
386,Male,16.0,No,Urban,80.9,Secondary,83.5
387,Male,4.1,No,Urban,74.3,Secondary,46.1
388,Female,14.7,Yes,Rural,79.4,none,92.2
389,Female,10.7,No,Urban,73.1,Secondary,75.6
390,Male,9.4,No,Rural,75.4,Primary,63.6
391,Female,3.1,No,Rural,56.0,Secondary,31.7
392,Female,10.8,No,Urban,92.3,Secondary,78.4
393,Female,8.9,Yes,Urban,53.0,Secondary,76.1
394,Female,12.7,No,Rural,79.9,Secondary,71.1
395,Female,10.7,Yes,Urban,69.9,none,86.7
396,Female,8.7,Yes,Urban,59.9,Primary,82.2
397,Male,14.9,No,Urban,72.1,Secondary,83.9
398,Male,9.0,No,Urban,71.5,Secondary,56.2
399,Female,12.0,No,Urban,78.2,Tertiary,73.8
400,Male,15.1,No,Urban,61.2,Tertiary,89.8
401,Female,9.1,No,Rural,85.4,Secondary,63.2
402,Male,3.7,Yes,Urban,92.1,Secondary,66.4
403,Male,14.3,No,Urban,84.9,none,88.6
404,Female,8.2,No,Urban,92.8,Secondary,71.4
405,Female,12.5,No,Urban,74.9,Secondary,79.5
406,Female,8.2,Yes,Urban,50.1,Secondary,77.8
407,Female,7.2,No,Rural,79.6,Tertiary,60.3
408,Female,8.4,Yes,Rural,99.3,Tertiary,84.1
409,Male,7.0,Yes,Urban,66.0,Primary,71.7
410,Female,5.9,No,Urban,99.8,Primary,60.2
411,Female,10.9,No,Rural,57.9,Secondary,76.3
412,Female,7.9,No,Rural,52.6,Secondary,50.4
413,Male,16.0,Yes,Urban,66.6,Secondary,100.0
414,Male,6.1,No,Urban,68.8,none,53.9
415,Female,16.0,Yes,Urban,70.9,Secondary,100.0
416,Female,4.9,Yes,Urban,76.7,Tertiary,61.0
417,Male,10.6,Yes,Rural,68.1,Secondary,90.2
418,Female,12.3,Yes,Rural,91.5,Tertiary,100.0
419,Female,13.3,No,Rural,62.4,Secondary,78.8
420,Female,7.1,Yes,Urban,79.6,Secondary,76.5
421,Male,7.1,No,Rural,83.3,Tertiary,57.5
422,Male,7.8,No,Rural,68.7,Secondary,52.4
423,Male,8.3,No,Rural,60.3,Tertiary,57.4
424,Female,4.6,Yes,Rural,90.0,Primary,55.0
425,Male,10.9,No,Urban,67.7,Primary,66.9
426,Male,5.3,Yes,Urban,62.9,Primary,56.9
427,Male,9.2,No,Rural,88.1,Secondary,68.6
428,Male,7.3,Yes,Rural,71.4,Secondary,76.0
429,Male,10.5,No,Rural,88.4,Tertiary,77.0
430,Male,8.0,No,Urban,87.0,Secondary,67.8
431,Female,14.2,Yes,Urban,50.9,Secondary,95.3
432,Female,10.0,No,Urban,86.3,Secondary,72.2
433,Female,6.2,No,Urban,60.3,Secondary,48.9
434,Male,10.2,No,Rural,82.4,Secondary,63.4
435,Male,13.8,No,Rural,66.0,Secondary,77.8
436,Female,15.7,Yes,Urban,76.4,Secondary,100.0
437,Female,12.8,No,Urban,77.3,Secondary,85.1
438,Female,9.8,Yes,Rural,92.2,none,87.0
439,Male,10.0,No,Urban,72.0,Primary,69.7
440,Female,9.7,Yes,Urban,50.5,Secondary,73.1
441,Male,11.4,No,Urban,87.1,none,66.0
442,Female,14.6,No,Urban,79.4,Secondary,93.9
443,Male,5.0,No,Urban,89.1,Tertiary,50.8
444,Female,12.4,Yes,Urban,69.0,Secondary,95.0
445,Female,2.5,No,Urban,92.7,Tertiary,43.5
446,Female,8.8,No,Urban,98.5,Primary,75.1
447,Male,7.8,No,Rural,57.2,Secondary,53.2
448,Female,4.7,No,Urban,97.1,Tertiary,52.3
449,Male,10.1,Yes,Urban,72.7,Secondary,85.1
450,Male,10.3,No,Urban,88.1,Secondary,78.3
451,Female,14.7,No,Urban,50.6,Tertiary,72.6
452,Male,10.1,No,Rural,87.9,Secondary,70.1
453,Female,12.2,No,Urban,65.6,none,74.0
454,Male,7.3,No,Rural,85.6,Tertiary,66.6
455,Male,8.5,No,Urban,57.8,Secondary,63.7
456,Female,9.9,No,Urban,90.2,Primary,76.9
457,Male,8.8,Yes,Urban,61.0,Tertiary,77.8
458,Male,5.4,Yes,Rural,73.6,Secondary,64.5
459,Male,11.2,No,Rural,51.8,Primary,63.0
460,Male,5.5,No,Rural,84.0,Primary,52.8
461,Male,3.9,No,Urban,54.8,Secondary,41.1
462,Male,14.4,Yes,Urban,85.0,Tertiary,100.0
463,Male,3.1,No,Rural,70.7,Secondary,42.0
464,Male,10.7,No,Urban,72.9,Tertiary,68.5
465,Male,16.0,No,Urban,59.7,Secondary,90.8
466,Female,13.3,Yes,Urban,83.6,Secondary,96.6
467,Male,7.5,No,Rural,53.8,none,46.2
468,Female,7.6,No,Urban,97.9,Secondary,57.7
469,Female,11.0,No,Rural,79.1,none,62.7
470,Male,10.4,Yes,Rural,58.1,Tertiary,81.8
471,Female,11.4,No,Urban,81.7,Secondary,79.5
472,Female,12.8,No,Rural,74.3,Secondary,71.0
473,Female,10.1,No,Rural,87.0,Tertiary,76.3
474,Male,9.7,Yes,Rural,80.7,Secondary,87.7
475,Male,7.5,No,Urban,52.8,Primary,50.2
476,Female,9.3,Yes,Rural,94.2,Tertiary,73.3
477,Female,6.7,Yes,Rural,98.0,Primary,75.2
478,Female,10.8,No,Rural,85.7,Primary,70.7
479,Female,9.1,No,Rural,50.2,Secondary,52.8
480,Male,14.2,Yes,Urban,69.3,Secondary,95.6
481,Female,7.0,No,Urban,85.6,Tertiary,70.8
482,Male,3.9,No,Urban,96.9,Secondary,45.9
483,Female,11.4,No,Urban,84.7,Tertiary,87.3
484,Male,11.4,No,Rural,68.0,Tertiary,73.3
485,Male,15.3,No,Urban,64.3,Secondary,96.5
486,Male,13.0,No,Urban,52.4,none,66.6
487,Male,5.2,No,Rural,82.4,Primary,49.2
488,Female,11.5,No,Urban,68.7,Tertiary,75.6
489,Female,10.4,No,Rural,82.2,Tertiary,71.3
490,Female,13.7,No,Urban,97.6,Secondary,95.7
491,Female,15.0,Yes,Urban,67.2,Tertiary,100.0
492,Female,14.2,No,Urban,67.3,Tertiary,84.6
493,Male,7.1,No,Urban,57.2,Tertiary,48.6
494,Female,11.6,No,Rural,53.1,Tertiary,72.2
495,Male,5.2,No,Urban,66.9,Primary,55.5
496,Female,3.4,No,Rural,92.5,Tertiary,46.2
497,Male,12.5,No,Urban,95.9,none,82.4
498,Female,8.7,Yes,Rural,69.2,Tertiary,75.5
499,Male,16.0,No,Urban,90.8,Secondary,95.2
500,Female,6.0,No,Urban,99.0,Tertiary,64.1
501,Female,16.0,Yes,Rural,90.6,Secondary,100.0
502,Male,12.9,No,Urban,99.4,Secondary,92.3
503,Male,16.0,No,Rural,51.4,none,79.6
504,Male,14.3,No,Urban,54.4,none,82.5
505,Female,12.5,Yes,Urban,83.9,Tertiary,100.0
506,Female,2.8,Yes,Urban,72.7,Primary,57.0
507,Female,10.8,No,Rural,73.4,Tertiary,72.8
508,Male,7.5,Yes,Urban,75.1,Tertiary,75.1
509,Male,1.7,No,Urban,99.3,Secondary,39.7
510,Female,8.7,No,Urban,75.0,Primary,61.7
511,Male,7.2,No,Urban,97.5,none,63.4
512,Male,9.7,Yes,Urban,53.0,Secondary,75.9
513,Female,7.0,No,Urban,94.5,Tertiary,59.6
514,Male,11.6,No,Urban,68.2,Primary,71.9
515,Male,3.9,No,Rural,88.6,Secondary,44.0
516,Male,8.8,No,Urban,67.3,Secondary,64.6
517,Female,11.4,No,Urban,79.9,Secondary,73.8
518,Male,6.1,Yes,Urban,54.9,none,61.6
519,Female,8.8,Yes,Urban,55.9,Secondary,69.3
520,Male,0.0,No,Urban,57.2,Tertiary,28.0
521,Female,5.0,Yes,Urban,83.2,Secondary,70.2
522,Male,11.2,No,Rural,80.7,Secondary,74.2
523,Female,9.9,No,Rural,55.9,Tertiary,55.2
524,Female,10.0,No,Urban,79.4,Tertiary,61.1
525,Male,9.8,No,Rural,68.7,Primary,57.3
526,Male,5.6,No,Rural,80.2,Secondary,46.3
527,Female,12.2,Yes,Rural,86.8,Tertiary,95.5
528,Male,7.3,No,Urban,92.0,Tertiary,59.8
529,Female,11.6,Yes,Urban,65.2,Tertiary,86.7
530,Male,16.0,Yes,Urban,74.2,Primary,100.0
531,Female,7.7,No,Rural,70.2,Secondary,58.6
532,Male,13.4,No,Urban,99.3,Tertiary,88.7
533,Male,8.7,No,Rural,78.3,Tertiary,66.7
534,Male,6.9,No,Rural,54.5,none,53.5
535,Male,12.2,No,Urban,88.6,Tertiary,79.9
536,Female,9.1,No,Urban,84.6,Secondary,75.4
537,Female,12.0,No,Urban,62.9,Secondary,74.9
538,Male,16.0,No,Rural,60.7,Secondary,80.7
539,Female,9.7,Yes,Urban,87.5,none,74.7
540,Male,9.2,No,Urban,95.6,Secondary,72.0
541,Female,11.9,No,Urban,83.4,Secondary,76.1
542,Female,10.8,Yes,Rural,90.4,Secondary,98.2
543,Male,11.0,No,Urban,83.5,Tertiary,74.7
544,Female,5.2,No,Rural,97.1,Primary,56.3
545,Male,6.1,No,Urban,58.7,Secondary,42.9
546,Male,6.8,No,Rural,63.6,Tertiary,50.7
547,Male,14.6,No,Rural,61.2,Primary,74.9
548,Male,13.2,Yes,Urban,99.5,Tertiary,100.0
549,Male,14.9,No,Urban,94.0,Tertiary,100.0
550,Female,3.7,No,Rural,86.9,Primary,49.8
551,Female,12.8,No,Urban,70.6,Primary,72.1
552,Male,11.1,No,Rural,65.3,Secondary,68.8
553,Male,16.0,No,Urban,82.3,Secondary,94.9
554,Male,14.2,No,Urban,98.3,Tertiary,92.4
555,Male,9.9,No,Urban,88.5,Tertiary,77.2
556,Female,9.5,No,Urban,69.3,Secondary,71.0
557,Female,11.4,No,Urban,80.7,none,80.4
558,Male,4.5,No,Urban,51.9,none,38.5
559,Male,4.3,Yes,Rural,88.2,Secondary,61.3
560,Female,9.0,No,Rural,57.0,Secondary,61.6
561,Male,12.6,No,Rural,64.3,Tertiary,75.6
562,Female,11.7,Yes,Urban,80.9,Secondary,96.5
563,Female,11.2,No,Rural,70.9,Primary,70.3
564,Female,9.4,No,Urban,85.9,Secondary,66.7
565,Female,13.8,Yes,Rural,61.8,none,77.7
566,Female,9.5,Yes,Urban,54.9,Primary,70.5
567,Female,6.7,No,Urban,72.8,Secondary,60.8
568,Female,5.0,Yes,Urban,61.2,Secondary,64.9
569,Female,8.1,No,Rural,59.1,Primary,57.5
570,Female,5.3,No,Rural,94.8,Secondary,51.3
571,Female,6.6,No,Urban,82.8,Primary,56.6
572,Female,4.4,No,Rural,89.1,Tertiary,52.6
573,Male,14.1,Yes,Urban,97.4,Secondary,100.0
574,Male,6.5,No,Urban,50.1,Secondary,42.1
575,Female,7.9,Yes,Urban,60.4,Primary,79.2
576,Female,12.2,No,Urban,96.0,Tertiary,89.5
577,Female,4.1,Yes,Urban,70.0,Primary,59.8
578,Female,5.7,No,Rural,97.1,Tertiary,63.6
579,Male,16.0,No,Urban,84.2,Tertiary,92.7
580,Male,6.6,No,Rural,83.4,Tertiary,48.0
581,Female,12.0,No,Urban,69.5,Tertiary,74.4
582,Male,16.0,No,Rural,70.4,Secondary,81.4
583,Male,12.5,No,Urban,83.5,Secondary,80.0
584,Female,11.7,No,Urban,88.5,Secondary,76.8
585,Male,16.0,No,Urban,57.0,Primary,80.1
586,Female,6.7,No,Rural,94.1,Tertiary,65.0
587,Male,2.8,No,Rural,86.1,Secondary,43.3
588,Female,7.4,No,Urban,93.4,Primary,65.5
589,Male,7.0,No,Urban,70.0,none,47.1
590,Male,10.0,Yes,Rural,56.9,Secondary,79.4
591,Female,7.5,No,Urban,68.0,Primary,52.0
592,Male,13.7,Yes,Urban,56.4,Tertiary,93.9
593,Male,12.5,No,Urban,75.2,Tertiary,76.4
594,Male,4.8,Yes,Rural,52.7,Primary,55.8
595,Male,13.3,No,Urban,88.6,Secondary,80.8
596,Male,9.6,Yes,Rural,68.1,Tertiary,77.9
597,Female,0.2,Yes,Rural,60.6,Tertiary,42.3
598,Male,12.8,No,Urban,87.1,Tertiary,83.3
599,Female,3.4,No,Urban,51.3,Primary,41.3
600,Male,15.8,Yes,Rural,53.2,Tertiary,100.0
601,Male,9.9,No,Urban,77.7,Secondary,60.1
602,Female,9.1,No,Urban,53.1,Tertiary,53.7
603,Female,13.2,No,Urban,76.6,Primary,80.3
604,Female,10.4,Yes,Rural,98.3,Secondary,93.4
605,Female,14.2,No,Rural,69.3,Secondary,83.2
606,Male,12.3,No,Urban,85.1,Primary,67.4
607,Male,8.6,No,Urban,65.9,Secondary,54.4
608,Female,16.0,No,Urban,92.4,Tertiary,99.5
609,Male,0.7,No,Urban,99.3,Secondary,37.7
610,Female,7.5,No,Rural,89.8,Primary,67.3
611,Female,6.0,No,Urban,80.5,Secondary,56.6
612,Female,8.7,No,Urban,99.3,Secondary,77.5
613,Female,10.6,No,Urban,94.5,Secondary,76.1
614,Male,10.0,No,Urban,90.8,Secondary,76.1
615,Male,15.2,No,Urban,86.5,Tertiary,91.4
616,Female,10.5,Yes,Urban,53.3,Secondary,80.3
617,Male,13.3,No,Urban,96.3,Tertiary,90.0
618,Male,7.2,No,Urban,52.4,Tertiary,51.1
619,Female,7.0,No,Urban,96.0,Secondary,56.0
620,Female,10.9,Yes,Urban,74.2,none,75.4
621,Female,9.9,No,Urban,98.2,Tertiary,81.8
622,Male,14.6,No,Urban,53.1,Tertiary,80.9
623,Male,8.0,No,Rural,72.5,Secondary,54.4
624,Male,12.7,No,Rural,93.8,Primary,82.3
625,Female,10.5,No,Urban,67.9,Tertiary,65.9
626,Female,15.3,No,Urban,97.1,Primary,96.1
627,Male,9.8,No,Rural,51.4,Tertiary,66.4
628,Female,10.3,No,Urban,68.6,Tertiary,71.6
629,Male,14.5,No,Urban,51.6,Secondary,77.8
630,Male,4.6,No,Urban,85.2,Primary,47.3
631,Male,12.3,Yes,Rural,70.0,Tertiary,92.1
632,Female,8.7,No,Urban,54.2,Primary,57.3
633,Female,7.4,No,Rural,72.9,Secondary,62.0
634,Male,13.8,No,Urban,79.5,Secondary,84.5
635,Female,8.6,No,Urban,90.2,Secondary,61.4
636,Male,12.1,No,Urban,67.6,Secondary,74.1
637,Female,16.0,Yes,Rural,91.1,none,100.0
638,Male,14.8,No,Urban,89.8,Tertiary,84.4
639,Male,16.0,Yes,Urban,93.3,none,100.0
640,Female,6.1,No,Rural,82.9,Tertiary,51.1
641,Male,3.0,No,Urban,63.4,Tertiary,45.3
642,Male,11.3,No,Urban,99.2,Tertiary,83.1
643,Male,14.8,No,Urban,97.4,Secondary,91.1
644,Male,11.1,No,Rural,54.6,Primary,57.2
645,Male,0.0,No,Urban,76.0,none,31.0
646,Female,11.0,No,Urban,53.3,Secondary,72.7
647,Female,9.9,No,Rural,84.9,Primary,65.1
648,Female,13.4,No,Urban,83.3,Primary,79.3
649,Female,4.3,Yes,Rural,50.9,Primary,53.3
650,Female,14.0,No,Urban,91.9,Primary,82.4
651,Female,4.2,No,Urban,60.0,Primary,39.1
652,Female,5.1,Yes,Urban,52.9,Secondary,66.9
653,Female,0.0,Yes,Urban,62.0,Secondary,41.9
654,Male,16.0,No,Rural,91.5,Secondary,84.5
655,Male,0.5,Yes,Rural,65.6,Secondary,36.5
656,Male,13.5,No,Urban,95.5,Tertiary,94.5
657,Male,9.3,Yes,Urban,67.1,none,75.2
658,Female,8.7,No,Urban,80.6,Secondary,65.1
659,Female,15.3,No,Rural,86.8,Secondary,97.3
660,Female,12.1,No,Urban,98.5,Tertiary,81.7
661,Female,12.3,No,Urban,91.8,Primary,82.7
662,Male,16.0,No,Rural,91.8,Secondary,89.7
663,Female,15.3,No,Rural,59.5,Primary,84.7
664,Male,16.0,No,Rural,53.6,Primary,79.0
665,Male,5.5,Yes,Urban,70.7,Secondary,63.8
666,Female,2.8,No,Urban,76.0,none,36.6
667,Female,10.3,No,Rural,65.0,Tertiary,67.7
668,Female,11.0,No,Urban,77.6,Tertiary,82.4
669,Male,11.0,No,Rural,78.7,none,64.6
670,Female,12.7,No,Urban,69.4,Secondary,86.6
671,Female,11.0,No,Urban,80.0,Secondary,72.0
672,Female,9.3,No,Urban,70.3,Tertiary,63.6
673,Male,12.2,No,Urban,64.2,Secondary,69.7
674,Female,9.3,No,Urban,63.1,Secondary,52.9
675,Female,12.6,No,Rural,62.1,Secondary,73.6
676,Female,14.9,No,Rural,52.4,Primary,78.2
677,Female,0.8,No,Rural,60.1,Primary,24.0
678,Female,8.8,No,Rural,86.1,Primary,71.6
679,Male,12.6,No,Urban,98.8,Secondary,88.8
680,Male,6.0,No,Rural,93.5,Primary,56.2
681,Female,16.0,No,Urban,66.3,Primary,83.2
682,Male,14.0,Yes,Urban,95.2,Secondary,100.0
683,Male,11.9,Yes,Urban,85.7,Secondary,86.5
684,Male,5.4,No,Urban,76.2,none,43.4
685,Female,7.0,No,Urban,69.4,Tertiary,45.7
686,Male,9.0,Yes,Urban,52.9,none,71.5
687,Female,13.8,No,Rural,89.6,Secondary,70.6
688,Male,13.2,No,Rural,97.4,Tertiary,81.8
689,Female,16.0,No,Urban,78.3,Secondary,92.8
690,Male,9.5,No,Rural,83.5,none,56.3
691,Female,5.9,No,Rural,55.6,Primary,38.0
692,Female,10.0,No,Urban,70.7,Primary,66.0
693,Male,4.7,No,Rural,73.7,Secondary,49.6
694,Female,14.7,Yes,Rural,57.9,Primary,91.8
695,Male,6.2,No,Urban,84.0,Tertiary,53.0
696,Male,12.7,No,Rural,95.4,Secondary,85.7
697,Male,14.0,No,Urban,75.3,Secondary,76.1
698,Female,6.7,No,Urban,93.2,none,52.1
699,Male,5.8,Yes,Urban,81.4,Secondary,72.8
700,Female,2.4,Yes,Rural,72.4,Primary,52.5
701,Male,10.2,No,Urban,74.8,Primary,61.3
702,Female,11.0,No,Rural,86.4,Primary,67.7
703,Female,10.4,No,Urban,51.9,none,55.2
704,Male,10.7,No,Urban,66.8,Tertiary,70.6
705,Female,8.8,No,Urban,83.8,Primary,62.4
706,Female,2.6,Yes,Urban,84.4,Secondary,60.5
707,Male,7.4,No,Rural,60.9,Primary,47.9
708,Female,4.5,No,Urban,59.9,Primary,49.4
709,Female,8.8,No,Urban,91.4,Primary,67.4
710,Female,7.6,No,Rural,79.7,Secondary,43.0
711,Female,6.0,No,Urban,70.1,Tertiary,62.5
712,Female,5.8,Yes,Urban,55.6,Secondary,59.9
713,Male,6.7,Yes,Rural,74.4,Secondary,65.1
714,Male,4.8,Yes,Rural,86.4,Tertiary,56.3
715,Female,11.8,Yes,Rural,65.1,Primary,82.8
716,Female,14.6,No,Rural,92.2,Tertiary,86.5
717,Female,7.9,No,Rural,57.8,Primary,51.7
718,Female,11.7,Yes,Urban,58.0,none,82.1
719,Male,13.9,No,Urban,53.7,Secondary,75.0
720,Female,16.0,No,Urban,90.8,Primary,90.7
721,Male,5.9,No,Urban,64.2,Secondary,52.2
722,Male,12.3,No,Urban,86.2,Primary,74.9
723,Female,7.6,No,Rural,73.6,Tertiary,57.5
724,Male,12.0,No,Urban,88.1,Tertiary,77.7
725,Female,9.8,Yes,Urban,76.7,Secondary,88.1
726,Male,13.0,No,Rural,53.2,Tertiary,81.1
727,Female,4.7,No,Urban,69.4,Secondary,40.8
728,Female,8.3,Yes,Urban,71.8,Tertiary,79.3
729,Male,12.4,No,Urban,64.9,Tertiary,82.7
730,Female,9.8,No,Rural,75.7,Secondary,68.0
731,Female,8.5,Yes,Urban,55.8,Tertiary,75.3
732,Male,4.0,No,Rural,66.2,none,31.8
733,Female,10.3,Yes,Rural,96.7,Primary,81.3
734,Male,12.5,No,Urban,99.6,Primary,81.3
735,Male,13.3,No,Urban,73.2,Secondary,85.3
736,Male,11.3,No,Rural,71.3,Primary,62.2
737,Male,10.2,Yes,Urban,73.6,Primary,75.0
738,Female,2.2,No,Urban,75.5,Primary,48.7
739,Male,16.0,No,Urban,72.5,Tertiary,92.0
740,Male,2.1,Yes,Urban,85.8,Tertiary,55.5
741,Female,7.7,No,Urban,85.8,Tertiary,62.9
742,Male,12.7,No,Urban,56.2,Secondary,74.6
743,Male,12.4,No,Rural,58.5,Secondary,69.0
744,Male,4.8,Yes,Urban,76.8,Secondary,66.3
745,Female,11.0,Yes,Urban,83.4,Secondary,83.1
746,Male,13.7,No,Urban,68.0,Primary,72.6
747,Female,11.8,Yes,Urban,94.6,Primary,97.3
748,Male,15.1,Yes,Urban,54.8,Primary,99.4
749,Male,10.4,No,Rural,82.8,Tertiary,74.2
750,Male,14.9,No,Rural,58.3,Secondary,84.9
751,Male,7.8,Yes,Rural,91.4,Primary,75.8
752,Female,8.0,No,Urban,76.8,Secondary,59.7
753,Female,12.5,No,Urban,76.4,Secondary,74.2
754,Female,11.5,No,Urban,80.3,none,65.0
755,Male,14.5,Yes,Urban,85.3,Tertiary,100.0
756,Male,16.0,Yes,Urban,97.7,Secondary,100.0
757,Female,0.7,Yes,Rural,87.4,Secondary,52.6
758,Female,12.4,No,Urban,64.9,Primary,80.6
759,Male,3.3,No,Urban,72.3,Secondary,44.7
760,Female,4.5,Yes,Rural,68.0,Primary,49.2
761,Female,5.4,No,Urban,81.3,Secondary,52.6
762,Male,8.2,No,Urban,69.6,Primary,59.2
763,Female,8.8,Yes,Rural,52.1,Primary,66.3
764,Female,5.6,No,Rural,96.2,Secondary,61.3
765,Male,15.0,No,Urban,70.3,Secondary,79.9
766,Female,10.6,Yes,Rural,97.2,Tertiary,83.9
767,Male,4.4,No,Urban,86.1,Primary,47.3
768,Female,6.7,Yes,Urban,95.9,Secondary,74.0
769,Female,8.9,Yes,Rural,91.2,Secondary,74.4
770,Male,16.0,No,Rural,82.3,Tertiary,87.8
771,Male,6.8,Yes,Rural,53.4,Primary,57.6
772,Male,5.6,Yes,Rural,91.9,Primary,68.1
773,Male,16.0,No,Rural,84.6,Tertiary,94.8
774,Female,8.4,Yes,Urban,97.9,Tertiary,88.9
775,Female,8.1,Yes,Rural,57.1,Secondary,76.2
776,Male,9.4,No,Urban,54.4,none,58.7
777,Male,7.4,No,Urban,75.9,Secondary,57.3
778,Female,11.1,Yes,Rural,68.0,Secondary,87.2
779,Female,10.0,No,Rural,98.0,Tertiary,79.5
780,Male,9.6,Yes,Rural,85.2,Secondary,83.1
781,Male,10.6,No,Rural,72.3,Secondary,62.4
782,Male,11.4,No,Urban,59.6,Tertiary,71.8
783,Female,0.0,No,Rural,72.1,Tertiary,28.6
784,Male,4.0,No,Rural,73.3,Secondary,36.0
785,Female,11.7,No,Rural,50.5,Primary,69.9
786,Male,13.3,Yes,Urban,62.9,Tertiary,96.7
787,Male,4.0,No,Urban,62.3,Secondary,43.3
788,Female,15.0,No,Rural,69.1,none,83.8
789,Male,6.3,Yes,Urban,71.2,Tertiary,77.5
790,Male,6.1,No,Urban,63.4,Secondary,49.2
791,Male,7.3,No,Urban,55.6,Secondary,41.6
792,Female,6.1,No,Rural,56.9,Secondary,46.8
793,Female,10.4,Yes,Urban,84.4,Secondary,86.6
794,Male,16.0,No,Urban,97.8,Tertiary,100.0
795,Male,8.7,No,Rural,67.2,none,51.7
796,Male,3.8,Yes,Urban,57.1,Secondary,49.4
797,Female,13.1,No,Urban,63.0,none,68.7
798,Male,9.7,No,Rural,57.6,Tertiary,66.5
799,Male,12.9,No,Rural,59.7,Tertiary,81.6
800,Female,6.6,No,Urban,83.1,Primary,70.6
801,Male,11.7,Yes,Urban,69.2,Tertiary,94.7
802,Female,7.1,Yes,Rural,62.5,Secondary,58.7
803,Male,8.0,Yes,Urban,79.1,Secondary,81.5
804,Male,7.1,No,Urban,94.9,Tertiary,60.3
805,Female,10.8,No,Urban,51.2,Primary,66.6
806,Female,2.7,Yes,Rural,79.8,Secondary,55.2
807,Male,3.8,No,Urban,83.6,Secondary,46.6
808,Male,8.2,No,Rural,71.7,Secondary,53.3
809,Female,8.2,Yes,Urban,96.0,Tertiary,93.6
810,Female,10.8,Yes,Urban,58.5,Secondary,84.0
811,Female,1.8,No,Urban,50.6,Secondary,31.3
812,Male,16.0,No,Rural,92.0,Primary,92.0
813,Male,13.3,No,Urban,69.8,Tertiary,85.8
814,Male,8.4,No,Rural,91.5,none,53.1
815,Male,15.0,No,Urban,99.8,Secondary,92.7
816,Male,15.4,Yes,Urban,55.8,Secondary,94.4
817,Female,1.6,No,Rural,91.6,Primary,30.9
818,Male,11.3,No,Rural,88.0,Primary,76.3
819,Male,15.4,Yes,Urban,88.8,Secondary,100.0
820,Male,9.5,No,Rural,72.0,Primary,58.9
821,Male,9.6,No,Urban,80.5,Tertiary,65.4
822,Male,7.4,Yes,Urban,62.4,Secondary,73.6
823,Female,11.9,No,Rural,51.6,none,53.6
824,Female,10.4,No,Rural,86.4,Tertiary,72.9
825,Female,9.1,No,Urban,56.9,Tertiary,55.6
826,Female,15.6,No,Urban,65.0,Tertiary,90.4
827,Female,8.1,No,Rural,52.7,Secondary,52.8
828,Male,6.6,No,Urban,78.3,Tertiary,53.7
829,Male,16.0,No,Urban,92.9,Tertiary,92.6
830,Female,9.5,No,Urban,53.6,Secondary,64.6
831,Female,8.6,Yes,Urban,69.6,Tertiary,76.0
832,Female,12.0,No,Urban,91.6,Primary,85.7
833,Female,10.9,Yes,Rural,88.7,Secondary,93.0
834,Female,4.7,Yes,Urban,60.7,Tertiary,68.9
835,Female,14.7,No,Rural,62.6,Secondary,74.2
836,Female,10.7,No,Urban,81.6,Tertiary,84.6
837,Female,9.8,Yes,Rural,62.0,Secondary,76.5
838,Male,11.2,No,Rural,67.2,Secondary,59.9
839,Male,6.6,Yes,Urban,89.0,Secondary,68.3
840,Male,8.9,No,Rural,80.8,Tertiary,59.0
841,Female,11.7,No,Urban,55.3,Tertiary,69.0
842,Female,12.4,No,Urban,69.3,Secondary,77.8
843,Female,7.5,No,Urban,59.9,none,49.4
844,Female,10.5,Yes,Urban,77.3,Primary,87.5
845,Male,9.6,No,Urban,97.4,Primary,73.0
846,Male,13.6,No,Rural,75.0,Secondary,76.0
847,Female,11.4,Yes,Urban,91.7,Tertiary,97.4
848,Male,11.3,No,Urban,84.0,Tertiary,80.9
849,Female,12.7,No,Urban,73.0,Secondary,83.5
850,Female,11.5,Yes,Rural,95.7,Secondary,95.0
851,Female,4.8,No,Rural,98.6,none,57.0
852,Female,16.0,No,Urban,97.3,Tertiary,100.0
853,Female,8.7,Yes,Urban,93.9,Secondary,80.6
854,Male,9.6,No,Rural,87.0,none,57.9
855,Male,9.8,No,Urban,95.9,Tertiary,76.6
856,Male,4.3,No,Rural,59.7,Secondary,43.3
857,Male,7.6,No,Urban,93.6,Secondary,70.2
858,Female,11.8,No,Urban,75.0,Secondary,78.3
859,Male,9.4,No,Urban,57.3,Tertiary,57.7
860,Male,9.3,No,Urban,74.7,Tertiary,69.5
861,Male,11.5,No,Urban,51.9,Secondary,63.7
862,Male,6.6,No,Urban,95.3,Primary,59.1
863,Female,7.7,Yes,Rural,62.9,Secondary,70.8
864,Female,16.0,No,Urban,63.3,none,70.2
865,Female,7.2,No,Rural,72.2,Secondary,49.0
866,Female,8.9,Yes,Rural,59.5,none,76.6
867,Female,5.9,No,Urban,96.3,Primary,63.6
868,Male,15.3,No,Urban,84.5,Tertiary,97.3
869,Female,11.1,Yes,Urban,83.9,Primary,82.5
870,Male,12.9,No,Urban,95.8,Tertiary,75.6
871,Male,8.9,No,Urban,56.6,Secondary,60.2
872,Female,9.8,Yes,Rural,63.0,Secondary,75.5
873,Female,9.7,No,Urban,83.3,Tertiary,86.0
874,Female,6.9,No,Urban,84.4,Secondary,61.5
875,Female,3.0,No,Rural,91.7,Tertiary,42.3
876,Female,15.3,Yes,Rural,86.4,Primary,100.0
877,Male,13.6,Yes,Rural,52.1,Tertiary,90.1
878,Male,15.2,No,Urban,81.2,Primary,91.2
879,Female,4.5,No,Rural,89.3,Secondary,51.5
880,Male,10.1,No,Urban,93.4,Primary,79.7
881,Male,11.3,Yes,Urban,93.6,none,84.6
882,Female,12.5,No,Rural,59.7,Secondary,75.2
883,Female,15.4,No,Rural,62.2,Primary,90.1
884,Female,9.9,Yes,Rural,80.2,Secondary,75.8
885,Male,16.0,No,Rural,73.3,Primary,71.8
886,Male,2.3,No,Rural,68.0,none,31.7
887,Female,12.0,No,Urban,98.3,Tertiary,100.0
888,Female,5.9,No,Rural,60.7,Secondary,44.0
889,Male,12.5,Yes,Rural,92.6,Primary,85.4
890,Male,16.0,No,Rural,80.3,Tertiary,91.0
891,Male,7.4,Yes,Rural,84.8,Secondary,76.5
892,Female,15.7,No,Rural,88.7,Secondary,96.7
893,Female,10.3,No,Urban,73.6,Tertiary,78.7
894,Male,16.0,No,Rural,98.7,Primary,94.0
895,Female,12.7,No,Rural,74.0,Primary,72.6
896,Male,8.2,No,Rural,64.1,Tertiary,66.9
897,Female,10.6,No,Rural,95.3,Secondary,67.6
898,Male,7.2,No,Urban,74.2,Secondary,50.0
899,Female,12.9,No,Rural,96.4,Primary,82.0
900,Female,7.1,Yes,Urban,76.5,Secondary,72.5
901,Female,8.5,No,Urban,61.3,Secondary,57.8
902,Female,0.0,No,Rural,67.2,Secondary,33.2
903,Male,6.5,No,Urban,99.1,Secondary,62.2
904,Male,6.7,No,Rural,60.5,Secondary,47.1
905,Male,14.9,Yes,Urban,68.1,Secondary,100.0
906,Female,13.4,No,Urban,64.4,Primary,80.2
907,Female,11.4,No,Urban,85.8,Secondary,88.8
908,Female,10.9,No,Rural,61.6,Tertiary,67.6
909,Female,13.7,No,Rural,91.6,none,84.3
910,Male,10.0,Yes,Rural,97.9,Secondary,82.5
911,Male,16.0,Yes,Urban,70.8,Tertiary,100.0
912,Male,11.6,No,Rural,74.7,Secondary,71.0
913,Male,8.0,Yes,Rural,89.3,Tertiary,71.6
914,Male,13.4,Yes,Urban,72.1,none,93.3
915,Male,10.1,Yes,Rural,53.5,Primary,64.8
916,Female,14.3,No,Urban,77.2,Secondary,79.2
917,Female,15.6,No,Urban,76.1,none,91.0
918,Male,3.6,Yes,Urban,71.0,Secondary,59.9
919,Female,10.1,No,Urban,64.5,Secondary,65.9
920,Male,13.4,No,Rural,62.2,Secondary,75.0
921,Male,3.7,No,Urban,76.8,Secondary,50.8
922,Female,8.8,No,Urban,57.8,Tertiary,64.5
923,Male,6.9,Yes,Rural,56.5,Secondary,59.3
924,Female,13.3,No,Urban,74.5,Primary,85.5
925,Male,6.1,Yes,Rural,68.3,Secondary,61.5
926,Male,9.5,No,Urban,89.1,Primary,67.2
927,Male,5.3,No,Rural,69.6,Primary,41.8
928,Male,15.0,Yes,Urban,95.4,Secondary,100.0
929,Female,11.6,No,Rural,57.7,Secondary,67.1
930,Male,9.3,No,Urban,95.6,Primary,68.0
931,Male,3.8,No,Urban,58.8,Secondary,38.4
932,Female,10.3,Yes,Urban,61.5,Tertiary,79.0
933,Female,12.8,No,Urban,60.7,Primary,71.6
934,Male,10.1,No,Urban,89.2,none,67.9
935,Male,10.8,No,Rural,71.0,Primary,72.2
936,Female,11.0,No,Urban,92.6,Tertiary,75.2
937,Male,2.7,No,Urban,82.8,none,43.0
938,Female,5.3,No,Rural,55.4,Primary,45.4
939,Male,6.0,No,Urban,51.3,Primary,47.2
940,Female,12.4,Yes,Rural,79.5,Tertiary,96.8
941,Male,10.8,No,Urban,94.7,Tertiary,77.2
942,Female,7.3,No,Rural,61.2,Secondary,47.1
943,Female,4.6,Yes,Rural,72.3,none,60.6
944,Female,12.9,No,Urban,52.2,Secondary,70.2
945,Male,9.2,No,Urban,74.2,Tertiary,67.3
946,Female,0.0,No,Urban,90.0,Primary,32.6
947,Male,4.9,Yes,Urban,74.0,Primary,53.5
948,Female,16.0,Yes,Urban,71.7,Secondary,94.2
949,Female,10.6,No,Urban,62.2,Secondary,73.7
950,Male,4.4,No,Rural,76.7,Tertiary,47.6
951,Male,15.6,Yes,Urban,92.0,Tertiary,100.0
952,Male,10.3,No,Urban,77.4,Tertiary,70.9
953,Female,14.4,Yes,Urban,64.7,Secondary,92.2
954,Female,6.5,Yes,Urban,89.4,Secondary,77.3
955,Male,16.0,No,Urban,55.5,Secondary,87.2
956,Male,9.6,No,Rural,51.8,Primary,57.2
957,Male,8.8,No,Urban,59.9,Primary,53.1
958,Male,7.2,No,Urban,76.5,Tertiary,62.6
959,Male,8.4,Yes,Urban,64.8,Tertiary,75.1
960,Male,7.2,Yes,Urban,84.1,Secondary,71.5
961,Female,16.0,No,Urban,92.1,Secondary,100.0
962,Male,7.8,No,Urban,65.9,Secondary,61.2
963,Male,14.0,No,Urban,87.6,Secondary,88.6
964,Male,12.9,Yes,Urban,62.2,Primary,85.0
965,Male,8.5,Yes,Urban,91.1,Primary,72.1
966,Female,6.1,Yes,Urban,96.2,Tertiary,81.1
967,Male,9.7,No,Urban,70.0,Secondary,58.1
968,Male,14.5,Yes,Urban,54.4,Tertiary,97.8
969,Male,12.6,No,Urban,70.2,Primary,76.7
970,Female,14.9,No,Rural,68.7,Tertiary,90.7
971,Female,14.5,No,Urban,75.5,Tertiary,88.4
972,Male,6.4,No,Urban,74.9,Secondary,66.6
973,Female,9.9,Yes,Rural,93.7,Secondary,83.8
974,Male,16.0,Yes,Urban,81.0,Tertiary,100.0
975,Male,2.0,Yes,Rural,53.8,Secondary,52.5
976,Male,9.9,No,Urban,82.8,Secondary,67.3
977,Female,10.9,No,Urban,89.3,Tertiary,79.2
978,Male,13.8,No,Rural,57.7,Tertiary,77.4
979,Male,11.7,No,Urban,60.6,none,62.1
980,Male,5.3,No,Rural,95.5,Tertiary,55.0
981,Female,9.2,Yes,Urban,97.7,Tertiary,100.0
982,Female,13.8,No,Urban,54.8,Secondary,72.9
983,Female,16.0,No,Urban,96.3,none,95.9
984,Male,13.2,Yes,Rural,100.0,Tertiary,98.0
985,Male,7.8,No,Urban,73.3,Secondary,48.7
986,Female,7.3,No,Urban,91.5,Tertiary,76.9
987,Male,7.2,Yes,Rural,59.7,Primary,60.9
988,Female,4.4,No,Rural,73.9,Secondary,48.1
989,Female,7.8,No,Rural,55.6,none,35.5
990,Male,11.3,Yes,Rural,85.0,Secondary,87.4
991,Male,15.6,No,Urban,69.1,Primary,73.8
992,Male,9.7,Yes,Urban,57.3,Secondary,82.4
993,Male,11.0,No,Urban,61.1,Tertiary,65.8
994,Male,12.0,Yes,Rural,56.6,Primary,85.1
995,Male,11.3,No,Urban,67.6,Primary,71.0
996,Male,15.9,No,Urban,92.2,Primary,91.0
997,Male,14.2,No,Rural,73.2,Primary,78.4
998,Female,8.0,No,Rural,83.5,Tertiary,57.5
999,Male,0.0,No,Urban,97.8,Secondary,30.9
1000,Female,4.4,No,Rural,84.8,Primary,48.6
1001,Male,11.6,No,Urban,62.1,Primary,69.4
1002,Female,10.5,No,Rural,54.1,Secondary,65.2
1003,Male,12.4,No,Rural,91.1,Primary,76.0
1004,Male,7.4,No,Urban,64.0,Secondary,44.5
1005,Male,14.3,Yes,Rural,81.4,Secondary,100.0
1006,Female,13.9,No,Urban,95.9,Tertiary,93.0
1007,Male,13.8,Yes,Urban,76.3,Secondary,92.0
1008,Female,6.4,Yes,Urban,75.8,Primary,73.5
1009,Female,5.8,No,Rural,69.1,Primary,50.3
1010,Male,9.5,Yes,Rural,74.4,Tertiary,78.7
1011,Male,6.2,No,Urban,83.8,Tertiary,47.8
1012,Male,9.1,No,Urban,81.0,none,66.7
1013,Female,4.4,No,Urban,93.5,none,53.6
1014,Male,16.0,No,Rural,99.5,Secondary,100.0
1015,Female,6.5,Yes,Urban,71.0,Tertiary,72.9
1016,Female,8.3,No,Urban,99.0,Tertiary,64.6
1017,Female,4.9,No,Rural,83.2,Primary,53.7
1018,Male,11.7,No,Urban,87.0,Tertiary,75.8
1019,Female,14.7,No,Urban,69.7,Secondary,84.8
1020,Male,16.0,No,Urban,85.6,Secondary,87.4
1021,Male,5.4,No,Rural,91.6,Secondary,49.2
1022,Male,16.0,No,Rural,80.1,Primary,81.7
1023,Male,15.2,No,Urban,55.9,Tertiary,89.4
1024,Male,9.3,No,Rural,79.2,Secondary,63.3
1025,Female,8.2,No,Urban,61.4,none,48.3
1026,Male,10.2,Yes,Urban,70.8,Tertiary,87.0
1027,Male,12.0,Yes,Urban,72.4,Secondary,87.0
1028,Male,16.0,No,Urban,85.2,none,86.4
1029,Female,8.4,No,Rural,71.0,Tertiary,66.7
1030,Female,12.8,No,Urban,75.2,Tertiary,80.8
1031,Male,10.5,No,Rural,55.8,Secondary,57.3
1032,Female,12.8,Yes,Urban,84.1,Secondary,100.0
1033,Male,10.6,Yes,Urban,53.1,Primary,74.0
1034,Female,14.8,Yes,Urban,65.6,Secondary,96.6
1035,Male,9.3,No,Urban,83.3,Primary,71.8
1036,Female,13.7,Yes,Urban,65.1,Primary,96.4
1037,Female,6.8,Yes,Urban,50.4,Tertiary,68.2
1038,Male,7.4,No,Rural,72.2,none,50.5
1039,Female,14.6,No,Rural,82.5,Secondary,78.6
1040,Male,5.8,No,Urban,92.3,Secondary,48.1
1041,Female,13.0,No,Urban,94.5,Secondary,81.7
1042,Male,9.4,No,Urban,62.3,Primary,61.0
1043,Male,4.5,Yes,Urban,97.7,Tertiary,76.1
1044,Female,16.0,Yes,Urban,68.6,Primary,100.0
1045,Male,4.2,No,Urban,52.2,Secondary,35.4
1046,Male,9.7,No,Urban,65.5,Tertiary,57.8
1047,Male,8.1,No,Rural,58.8,Tertiary,60.6
1048,Female,6.7,Yes,Urban,63.6,Secondary,70.9
1049,Male,13.6,No,Urban,77.7,Secondary,84.3
1050,Female,9.2,Yes,Urban,79.8,Secondary,81.4
1051,Male,7.3,No,Urban,57.6,Secondary,51.4
1052,Male,14.5,No,Urban,69.7,Secondary,77.3
1053,Male,10.9,No,Urban,81.0,Secondary,74.2
1054,Female,5.9,No,Urban,76.2,none,48.3
1055,Male,9.2,No,Urban,77.9,Primary,59.3
1056,Male,1.1,No,Rural,95.7,Secondary,37.2
1057,Female,10.8,No,Urban,85.8,Primary,80.9
1058,Female,10.2,No,Rural,65.1,Primary,63.0
1059,Female,15.4,No,Rural,74.1,Primary,92.3
1060,Male,11.9,Yes,Rural,55.0,Secondary,86.8
1061,Female,7.1,No,Urban,64.9,Secondary,47.9
1062,Male,6.0,No,Urban,96.9,Secondary,57.6
1063,Female,12.4,No,Rural,84.7,Tertiary,72.6
1064,Female,2.7,No,Rural,99.6,Secondary,46.3
1065,Female,11.0,No,Rural,70.9,Primary,62.3
1066,Female,10.9,No,Urban,76.3,Primary,67.3
1067,Female,16.0,No,Urban,98.2,Primary,96.0
1068,Male,4.3,No,Rural,81.1,Tertiary,47.4
1069,Male,8.5,No,Urban,72.9,Secondary,58.3
1070,Female,16.0,Yes,Rural,86.5,Primary,96.5
1071,Male,10.8,No,Urban,81.2,Tertiary,74.6
1072,Female,12.6,No,Rural,98.5,Secondary,74.6
1073,Male,11.6,Yes,Rural,97.8,Secondary,94.2
1074,Male,9.1,No,Urban,89.8,Tertiary,63.4
1075,Female,7.0,No,Urban,62.7,Secondary,53.9
1076,Female,9.6,Yes,Urban,79.6,Secondary,83.9
1077,Male,14.3,No,Rural,96.9,Tertiary,95.5
1078,Male,8.9,No,Rural,50.1,Tertiary,51.0
1079,Male,7.7,No,Rural,55.3,Secondary,52.9
1080,Female,6.8,No,Rural,73.4,Secondary,46.7
1081,Female,3.3,Yes,Urban,82.3,Secondary,60.6
1082,Male,6.6,No,Urban,56.4,Primary,42.7
1083,Male,11.3,Yes,Urban,66.7,Primary,75.4
1084,Male,6.1,No,Rural,50.7,Secondary,45.7
1085,Male,10.2,Yes,Urban,87.4,none,90.0
1086,Male,7.9,Yes,Urban,60.1,Tertiary,80.0
1087,Male,5.6,No,Urban,91.9,Tertiary,56.3
1088,Female,10.7,No,Urban,78.1,Tertiary,74.5
1089,Female,16.0,No,Urban,81.9,Tertiary,93.3
1090,Female,0.6,No,Rural,59.0,Tertiary,41.7
1091,Female,4.7,No,Urban,59.3,Secondary,47.8
1092,Female,8.0,No,Rural,67.0,Secondary,54.3
1093,Female,9.3,No,Urban,96.4,Tertiary,75.6
1094,Female,9.9,No,Rural,56.1,Tertiary,62.5
1095,Female,16.0,Yes,Urban,76.2,Secondary,100.0
1096,Male,16.0,No,Urban,62.5,Secondary,90.6
1097,Male,9.6,No,Urban,86.5,Tertiary,72.9
1098,Male,11.3,No,Urban,65.5,none,62.7
1099,Male,16.0,Yes,Urban,99.3,none,100.0
1100,Male,8.0,Yes,Rural,75.6,Tertiary,72.7
1101,Male,10.5,No,Urban,72.9,Primary,78.6
1102,Male,9.0,Yes,Urban,90.4,Tertiary,74.1
1103,Female,4.8,No,Urban,71.3,Secondary,51.6
1104,Male,2.8,No,Urban,93.1,Tertiary,40.5
1105,Female,7.3,No,Urban,99.0,none,64.4
1106,Male,13.3,No,Rural,66.0,Secondary,72.0
1107,Female,11.3,No,Urban,93.7,Primary,79.9
1108,Male,16.0,No,Rural,85.1,Primary,89.4
1109,Female,13.2,Yes,Urban,67.2,Secondary,94.5
1110,Female,13.1,Yes,Urban,99.1,none,97.3
1111,Male,9.6,No,Rural,94.9,Primary,66.7
1112,Female,9.0,Yes,Urban,67.6,Secondary,80.5
1113,Female,10.3,No,Urban,96.5,Secondary,80.2
1114,Male,11.5,No,Urban,86.2,Tertiary,74.1
1115,Female,8.5,Yes,Urban,78.1,Primary,76.9
1116,Male,10.8,Yes,Rural,63.8,Secondary,74.1
1117,Male,8.6,No,Urban,64.9,Tertiary,54.3
1118,Male,10.6,No,Urban,67.6,Primary,68.4
1119,Female,6.9,Yes,Urban,96.1,Secondary,73.3
1120,Female,12.1,No,Urban,78.2,Secondary,91.1
1121,Male,15.5,No,Urban,91.9,none,85.5
1122,Male,7.4,Yes,Urban,62.6,Tertiary,72.0
1123,Female,13.2,No,Urban,90.2,Tertiary,86.1
1124,Male,8.7,No,Urban,50.2,Secondary,48.0
1125,Male,11.1,Yes,Urban,77.5,Secondary,79.9
1126,Female,12.4,No,Rural,93.8,Tertiary,84.9
1127,Male,12.0,No,Rural,62.7,Tertiary,73.3
1128,Female,11.9,Yes,Urban,73.2,Secondary,95.1
1129,Female,6.7,Yes,Urban,91.3,Primary,80.9
1130,Male,11.6,Yes,Rural,51.4,Primary,74.1
1131,Male,6.6,No,Rural,55.9,Tertiary,57.9
1132,Female,5.0,No,Rural,80.8,none,52.2
1133,Female,6.9,No,Rural,74.9,Secondary,45.7
1134,Female,8.8,Yes,Rural,90.9,Secondary,84.1
1135,Male,13.0,No,Rural,79.0,Secondary,65.3
1136,Male,0.0,No,Urban,52.8,Tertiary,27.9
1137,Female,10.9,No,Rural,99.3,Primary,70.0
1138,Male,10.2,No,Urban,50.6,Tertiary,66.3
1139,Male,15.3,Yes,Urban,73.5,Secondary,99.2
1140,Female,7.6,Yes,Urban,73.0,Tertiary,82.0
1141,Female,14.4,No,Urban,93.0,Primary,93.5
1142,Male,14.2,Yes,Rural,86.1,Tertiary,90.9
1143,Male,8.8,Yes,Rural,57.1,Secondary,72.2
1144,Male,10.9,No,Urban,73.6,Tertiary,68.5
1145,Male,6.6,No,Rural,55.5,Tertiary,46.6
1146,Female,10.0,No,Rural,97.8,Secondary,75.4
1147,Female,6.3,No,Rural,74.6,Secondary,59.6
1148,Female,16.0,No,Rural,78.5,Secondary,92.4
1149,Female,1.5,No,Urban,61.3,Tertiary,38.4
1150,Male,11.2,No,Rural,54.3,Secondary,59.7
1151,Male,15.0,No,Urban,65.6,Primary,88.0
1152,Female,3.1,No,Urban,94.3,Primary,43.4
1153,Male,13.3,No,Urban,80.9,none,65.6
1154,Male,5.8,Yes,Rural,67.0,Tertiary,58.8
1155,Female,5.8,Yes,Urban,79.3,Secondary,81.3
1156,Male,12.5,No,Rural,87.6,Tertiary,77.3
1157,Male,12.5,No,Urban,97.5,Primary,97.3
1158,Male,13.0,No,Urban,97.9,Secondary,87.3
1159,Female,15.2,No,Urban,85.4,none,85.7
1160,Male,16.0,No,Rural,92.3,Secondary,97.7
1161,Female,5.6,Yes,Rural,69.6,none,60.6
1162,Female,11.3,Yes,Urban,91.5,Secondary,94.0
1163,Male,12.1,Yes,Urban,81.1,Tertiary,97.9
1164,Female,16.0,Yes,Urban,75.7,Secondary,100.0
1165,Female,10.8,No,Rural,51.6,Secondary,65.7
1166,Male,0.8,No,Urban,78.7,Primary,20.0
1167,Male,4.0,No,Urban,95.8,Tertiary,47.2
1168,Male,9.1,No,Urban,89.4,Secondary,64.2
1169,Male,7.1,No,Rural,92.5,Tertiary,58.3
1170,Male,16.0,No,Rural,75.5,Secondary,94.1
1171,Female,5.3,No,Rural,64.5,Primary,43.4
1172,Female,4.7,No,Rural,96.1,Primary,51.1
1173,Female,7.0,Yes,Rural,77.8,Primary,78.0
1174,Male,7.7,No,Rural,63.6,Tertiary,48.6
1175,Female,0.0,Yes,Rural,97.2,Secondary,51.2
1176,Female,14.8,No,Urban,59.3,Tertiary,92.8
1177,Male,7.2,No,Urban,88.3,Secondary,53.5
1178,Female,10.3,No,Rural,61.2,Tertiary,66.0
1179,Male,7.7,Yes,Urban,90.5,Primary,78.4
1180,Male,13.9,Yes,Rural,80.4,none,84.3
1181,Male,11.5,Yes,Urban,76.3,Secondary,87.9
1182,Male,7.9,Yes,Urban,74.1,Secondary,70.4
1183,Female,6.0,No,Rural,54.5,Secondary,49.4
1184,Female,9.7,No,Rural,71.0,Tertiary,66.6
1185,Female,2.1,No,Urban,63.2,Secondary,40.4
1186,Female,10.1,Yes,Urban,99.9,Tertiary,98.7
1187,Female,9.9,No,Urban,85.0,Tertiary,70.8
1188,Male,11.5,Yes,Urban,86.5,Secondary,90.2
1189,Female,10.1,Yes,Rural,87.1,Primary,83.6
1190,Male,4.8,No,Urban,78.1,Secondary,45.2
1191,Female,16.0,Yes,Urban,86.3,Primary,100.0
1192,Female,13.4,No,Rural,58.8,Secondary,77.0
1193,Female,8.4,No,Rural,87.0,Secondary,70.6
1194,Female,8.7,No,Rural,52.4,Secondary,53.5
1195,Female,12.0,No,Rural,70.8,Primary,62.3
1196,Male,0.0,No,Urban,78.1,none,21.6
1197,Male,8.4,No,Rural,58.0,Secondary,65.1
1198,Female,8.6,No,Rural,61.6,Secondary,52.4
1199,Female,12.0,No,Rural,51.8,none,62.3
1200,Male,9.3,No,Urban,54.6,Secondary,61.3
1201,Male,5.3,No,Rural,58.4,Primary,27.5
1202,Female,2.7,No,Rural,54.3,Tertiary,33.7
1203,Female,8.3,No,Urban,58.7,Tertiary,54.1
1204,Female,11.9,No,Rural,80.4,Secondary,78.9
1205,Female,11.9,Yes,Rural,50.7,Tertiary,80.9
1206,Male,10.9,Yes,Rural,77.2,Primary,84.6
1207,Male,10.4,No,Urban,53.2,Tertiary,64.6
1208,Male,11.9,No,Urban,81.6,Secondary,79.6
1209,Male,7.1,Yes,Rural,66.3,none,71.4
1210,Male,15.0,No,Urban,70.8,Secondary,81.3
1211,Male,0.0,No,Urban,50.2,Secondary,21.6
1212,Female,3.9,Yes,Urban,96.3,Secondary,76.0
1213,Female,4.9,No,Urban,88.3,Tertiary,52.9
1214,Male,16.0,No,Urban,52.1,Secondary,80.8
1215,Male,16.0,No,Urban,91.0,Secondary,90.7
1216,Male,14.0,No,Urban,73.0,Tertiary,83.1
1217,Male,14.0,No,Rural,63.7,none,64.5
1218,Female,10.2,No,Rural,77.4,Tertiary,70.4
1219,Female,8.1,Yes,Urban,98.3,Secondary,87.2
1220,Male,14.5,Yes,Urban,71.9,Primary,87.5
1221,Male,12.7,No,Urban,63.7,Secondary,65.6
1222,Female,8.7,No,Rural,78.2,Tertiary,62.4
1223,Male,12.9,Yes,Urban,60.9,Tertiary,93.4
1224,Female,6.7,Yes,Urban,74.0,Tertiary,70.3
1225,Female,9.1,No,Rural,67.8,Primary,54.6
1226,Male,13.3,Yes,Rural,69.7,Primary,89.6
1227,Male,9.6,No,Urban,85.9,Tertiary,65.9
1228,Female,6.0,No,Urban,55.3,Secondary,50.3
1229,Female,6.9,Yes,Urban,77.5,Primary,68.8
1230,Male,11.1,Yes,Urban,62.2,Tertiary,81.5
1231,Female,5.3,No,Urban,66.2,Tertiary,58.2
1232,Male,0.0,No,Urban,77.8,Secondary,33.8
1233,Male,14.7,No,Rural,79.1,Tertiary,82.4
1234,Female,8.0,Yes,Rural,71.9,Secondary,77.3
1235,Female,6.9,Yes,Urban,96.5,Tertiary,81.5
1236,Male,7.0,No,Rural,56.7,Secondary,46.7
1237,Male,3.0,No,Rural,57.3,Tertiary,30.1
1238,Female,8.6,No,Urban,71.9,Secondary,71.3
1239,Male,8.7,No,Urban,67.6,none,53.6
1240,Male,10.6,Yes,Urban,72.4,Primary,86.9
1241,Male,3.5,Yes,Urban,82.9,Secondary,62.3
1242,Female,6.9,No,Urban,90.7,Tertiary,62.1
1243,Female,13.7,No,Urban,54.3,none,79.9
1244,Female,8.3,No,Urban,97.3,Secondary,74.5
1245,Male,4.1,Yes,Rural,92.0,Tertiary,70.4
1246,Female,4.9,No,Urban,64.3,Secondary,50.1
1247,Female,6.4,No,Rural,87.9,Secondary,60.9
1248,Male,14.4,No,Urban,58.2,Primary,82.9
1249,Male,8.2,Yes,Rural,94.6,Primary,75.6
1250,Female,9.0,No,Urban,82.4,Secondary,67.3
1251,Female,4.8,Yes,Urban,92.0,Primary,59.9
1252,Female,5.8,No,Urban,71.2,Secondary,59.0
1253,Female,16.0,No,Rural,91.8,none,86.5
1254,Male,12.1,No,Rural,74.8,Primary,59.4
1255,Female,9.6,No,Urban,87.6,Secondary,77.4
1256,Female,15.0,Yes,Rural,50.1,Tertiary,87.4
1257,Male,9.5,No,Urban,61.0,Secondary,63.7
1258,Male,10.5,No,Rural,79.6,Secondary,63.1
1259,Female,9.0,Yes,Urban,81.7,Primary,78.3
1260,Female,8.4,No,Rural,55.4,Secondary,54.9
1261,Female,9.2,No,Urban,62.1,Tertiary,71.1
1262,Female,14.7,No,Urban,86.6,Secondary,90.1
1263,Female,12.0,No,Urban,64.0,Tertiary,69.3
1264,Male,9.4,Yes,Rural,84.1,Tertiary,83.5
1265,Male,12.8,No,Urban,76.1,Tertiary,86.5
1266,Female,9.6,Yes,Urban,92.4,none,81.7
1267,Male,10.8,Yes,Urban,81.0,Tertiary,85.1
1268,Female,8.9,No,Urban,77.8,Secondary,56.5
1269,Male,9.1,No,Rural,64.8,Tertiary,53.6
1270,Female,15.6,Yes,Rural,60.1,Tertiary,100.0
1271,Female,8.1,No,Urban,54.6,Primary,51.6
1272,Male,5.0,No,Urban,89.9,Secondary,46.4
1273,Female,7.0,No,Urban,68.5,Secondary,52.1
1274,Female,7.8,No,Rural,71.3,Secondary,56.9
1275,Female,15.2,No,Rural,96.6,Tertiary,96.8
1276,Female,9.6,No,Urban,60.3,Secondary,65.6
1277,Female,7.2,No,Urban,81.7,none,62.2
1278,Female,2.6,No,Rural,68.5,Tertiary,55.3
1279,Male,15.6,No,Urban,50.2,Secondary,89.9
1280,Male,1.8,Yes,Urban,84.2,Secondary,52.2
1281,Female,14.3,Yes,Urban,53.0,Secondary,93.5
1282,Female,14.0,No,Urban,83.5,Secondary,83.1
1283,Male,6.4,Yes,Rural,72.8,Tertiary,70.5
1284,Male,8.8,No,Urban,81.1,Secondary,68.3
1285,Male,9.1,No,Urban,81.7,Secondary,64.2
1286,Male,9.5,No,Rural,81.9,Tertiary,68.3
1287,Female,6.7,No,Urban,75.4,Primary,56.4
1288,Female,6.8,No,Urban,93.8,Secondary,66.8
1289,Male,9.0,No,Urban,94.4,Secondary,66.9
1290,Male,2.2,No,Urban,88.6,Tertiary,41.7
1291,Male,7.1,Yes,Rural,98.3,Tertiary,71.5
1292,Male,11.8,Yes,Urban,84.1,Primary,89.9
1293,Female,10.5,No,Rural,89.1,none,68.0
1294,Male,12.4,No,Rural,64.3,Secondary,80.4
1295,Male,5.9,No,Urban,52.7,none,48.9
1296,Male,9.1,Yes,Rural,73.2,Secondary,78.8
1297,Female,14.2,No,Rural,50.3,Tertiary,80.8
1298,Female,10.9,No,Urban,88.0,Tertiary,81.6
1299,Female,1.6,No,Urban,70.6,Tertiary,38.4
1300,Male,11.9,Yes,Rural,67.6,Tertiary,92.2
1301,Female,7.7,Yes,Urban,53.1,Tertiary,82.6
1302,Female,7.2,No,Rural,98.1,Secondary,67.2
1303,Male,4.5,No,Rural,75.2,Secondary,42.8
1304,Female,6.3,No,Urban,80.6,Tertiary,59.3
1305,Male,10.5,Yes,Urban,95.7,Secondary,88.7
1306,Female,9.7,No,Rural,92.7,Primary,63.0
1307,Female,13.7,No,Urban,70.6,Secondary,71.1
1308,Male,0.8,No,Rural,76.0,Secondary,33.7
1309,Male,1.3,No,Rural,57.1,none,19.4
1310,Female,12.5,No,Rural,98.0,Secondary,88.7
1311,Female,3.6,Yes,Urban,95.6,Tertiary,72.8
1312,Male,9.1,No,Rural,80.1,Tertiary,62.6
1313,Female,16.0,No,Urban,65.0,Tertiary,94.3
1314,Male,7.3,No,Urban,95.2,Secondary,60.4
1315,Male,16.0,Yes,Urban,60.4,Primary,99.0
1316,Male,13.1,No,Urban,50.2,Primary,68.8
1317,Female,8.9,Yes,Rural,73.7,Primary,74.6
1318,Female,6.4,Yes,Rural,90.5,Primary,81.0
1319,Female,10.9,Yes,Urban,50.7,Tertiary,78.3
1320,Female,7.9,No,Rural,84.5,Primary,56.0
1321,Female,7.8,No,Urban,79.5,Secondary,57.0
1322,Male,12.3,No,Urban,54.8,none,66.3
1323,Female,11.2,No,Rural,64.3,none,60.1
1324,Male,16.0,No,Urban,91.7,Tertiary,100.0
1325,Male,8.4,No,Rural,82.7,Tertiary,72.3
1326,Female,9.2,No,Rural,69.4,Secondary,63.0
1327,Male,15.4,No,Rural,57.1,Primary,78.4
1328,Female,11.6,No,Rural,75.6,Tertiary,73.7
1329,Male,5.8,No,Urban,82.7,Secondary,51.2
1330,Male,5.8,No,Urban,53.4,Secondary,39.3
1331,Male,6.0,No,Urban,60.7,none,46.3
1332,Female,3.5,No,Urban,64.1,Primary,42.0
1333,Female,5.5,No,Rural,76.8,Primary,58.6
1334,Female,7.8,Yes,Rural,96.0,Primary,68.7
1335,Female,3.2,No,Rural,83.5,Tertiary,48.8
1336,Male,16.0,No,Rural,50.4,Primary,82.5
1337,Female,7.9,No,Rural,88.5,none,60.8
1338,Female,5.3,No,Rural,52.5,Tertiary,41.0
1339,Male,11.1,Yes,Rural,92.8,Tertiary,96.3
1340,Male,12.8,No,Urban,71.2,Tertiary,82.7
1341,Female,8.6,No,Urban,95.2,Tertiary,72.4
1342,Male,4.7,Yes,Urban,79.1,Primary,49.3
1343,Female,15.9,No,Rural,67.9,none,86.5
1344,Male,16.0,No,Urban,81.3,Tertiary,95.1
1345,Female,9.7,No,Rural,54.4,Secondary,50.8
1346,Male,5.4,No,Rural,50.2,Secondary,33.5
1347,Female,11.1,Yes,Urban,60.4,Secondary,79.5
1348,Male,2.3,No,Urban,92.7,Tertiary,44.2
1349,Female,15.3,No,Urban,71.6,Secondary,90.0
1350,Female,14.1,Yes,Urban,91.6,none,100.0
1351,Female,11.7,Yes,Rural,64.7,Secondary,91.2
1352,Female,5.6,No,Urban,85.0,none,45.0
1353,Female,14.5,Yes,Rural,53.8,none,96.7
1354,Female,9.5,Yes,Urban,97.2,Tertiary,92.2
1355,Male,8.4,No,Urban,91.5,Primary,62.5
1356,Female,12.3,No,Rural,57.5,Primary,60.9
1357,Male,7.0,Yes,Rural,59.6,Tertiary,69.6
1358,Female,10.1,No,Urban,50.9,Tertiary,60.2
1359,Male,9.3,No,Rural,99.1,Secondary,59.4
1360,Female,7.6,No,Urban,93.7,Secondary,72.9
1361,Male,0.6,Yes,Urban,62.4,Primary,43.9
1362,Female,6.4,No,Urban,80.8,Tertiary,61.2
1363,Male,14.0,No,Urban,92.2,Tertiary,89.9
1364,Female,7.5,No,Rural,90.1,Tertiary,61.6
1365,Male,16.0,No,Rural,62.0,Primary,80.6
1366,Male,16.0,No,Rural,76.7,none,81.9
1367,Male,9.3,No,Urban,80.1,Secondary,69.2
1368,Female,11.5,No,Urban,58.1,Tertiary,72.7
1369,Male,16.0,No,Urban,56.7,Tertiary,88.1
1370,Female,8.7,Yes,Rural,57.2,Tertiary,71.1
1371,Female,8.5,No,Rural,99.9,none,61.9
1372,Female,9.5,Yes,Rural,85.6,none,80.7
1373,Female,10.7,No,Urban,87.5,Secondary,67.0
1374,Male,7.7,No,Rural,58.1,Primary,51.9
1375,Female,7.9,Yes,Rural,50.1,Secondary,62.1
1376,Male,15.8,No,Urban,81.7,none,88.9
1377,Female,10.2,No,Rural,51.2,Tertiary,65.8
1378,Male,7.5,No,Urban,94.3,Secondary,65.2
1379,Female,11.6,No,Rural,78.4,Tertiary,85.6
1380,Female,11.4,No,Urban,54.4,Secondary,70.5
1381,Male,7.6,No,Urban,64.7,Secondary,53.9
1382,Female,7.7,No,Rural,54.0,Secondary,46.0
1383,Female,10.4,No,Rural,86.1,none,63.1
1384,Female,10.6,No,Rural,83.9,Secondary,77.5
1385,Female,16.0,No,Rural,78.2,Secondary,89.3
1386,Female,6.1,Yes,Urban,82.0,Tertiary,67.1
1387,Female,7.7,No,Rural,76.7,none,55.2
1388,Female,11.4,No,Urban,50.8,Primary,62.7
1389,Female,11.8,No,Urban,87.7,Secondary,82.8
1390,Male,2.4,No,Urban,61.3,Secondary,26.9
1391,Female,11.0,Yes,Urban,97.4,Secondary,100.0
1392,Male,6.5,Yes,Rural,58.0,none,55.7
1393,Female,13.2,No,Rural,68.5,Tertiary,74.1
1394,Male,6.7,Yes,Rural,69.7,Primary,66.6
1395,Male,9.0,No,Rural,52.5,Secondary,57.3
1396,Male,10.6,Yes,Rural,57.4,Secondary,87.6
1397,Female,11.2,No,Urban,97.9,Secondary,85.5
1398,Female,9.2,No,Rural,99.1,Primary,58.3
1399,Male,8.6,No,Urban,99.3,Secondary,64.3
1400,Female,6.2,No,Urban,63.2,Tertiary,63.6
1401,Female,7.5,No,Urban,61.3,Primary,56.0
1402,Male,4.5,No,Urban,72.7,Secondary,39.0
1403,Female,16.0,Yes,Urban,86.3,Tertiary,100.0
1404,Male,10.4,No,Urban,58.4,Secondary,64.7
1405,Male,3.7,No,Rural,94.6,Tertiary,44.6
1406,Female,12.5,No,Rural,68.8,none,68.7
1407,Male,3.7,No,Rural,88.1,Secondary,48.3
1408,Female,6.4,Yes,Rural,51.9,none,54.9
1409,Female,9.8,No,Urban,98.2,Primary,75.1
1410,Female,5.9,No,Rural,77.7,Tertiary,52.8
1411,Female,8.9,No,Urban,93.4,Secondary,68.6
1412,Male,11.9,No,Urban,81.6,Secondary,85.0
1413,Female,2.6,Yes,Rural,94.4,Secondary,66.6
1414,Female,16.0,Yes,Rural,82.1,Tertiary,100.0
1415,Female,12.7,No,Rural,84.1,Secondary,81.9
1416,Male,7.4,No,Urban,72.1,Secondary,54.0
1417,Male,16.0,No,Urban,66.5,none,91.1
1418,Female,5.6,No,Urban,88.9,Tertiary,52.2
1419,Female,14.2,Yes,Rural,59.7,Secondary,90.8
1420,Female,8.7,No,Rural,97.1,Tertiary,63.8
1421,Female,16.0,No,Urban,98.0,Tertiary,100.0
1422,Female,11.3,No,Urban,97.5,Secondary,77.1
1423,Male,9.2,No,Urban,66.1,Secondary,57.7
1424,Female,9.4,Yes,Urban,54.2,Secondary,72.4
1425,Male,9.6,Yes,Urban,55.4,Secondary,75.8
1426,Male,9.5,No,Urban,84.9,Secondary,70.7
1427,Female,8.7,No,Urban,65.9,Tertiary,60.2
1428,Male,8.3,No,Rural,50.4,none,48.9
1429,Female,7.5,No,Rural,62.6,Secondary,51.5
1430,Male,10.0,No,Rural,93.9,Secondary,66.4
1431,Male,11.0,No,Urban,71.0,Primary,74.3
1432,Female,12.5,No,Rural,57.6,Secondary,71.4
1433,Male,10.8,No,Rural,85.4,Tertiary,68.2
1434,Female,9.8,No,Urban,93.9,Primary,71.9
1435,Female,8.3,No,Urban,95.1,Tertiary,70.4
1436,Female,10.8,No,Rural,65.3,Primary,65.2
1437,Female,10.6,Yes,Rural,69.4,Secondary,80.0
1438,Female,8.5,No,Rural,75.7,Tertiary,62.3
1439,Female,14.1,No,Urban,57.5,Secondary,76.6
1440,Male,12.7,No,Urban,50.8,Secondary,75.8
1441,Male,7.2,No,Urban,56.5,Secondary,57.4
1442,Female,6.9,Yes,Urban,94.1,none,74.3
1443,Male,7.7,Yes,Rural,60.5,Secondary,71.8
1444,Male,10.1,No,Urban,50.4,none,49.7
1445,Female,6.6,No,Rural,53.1,Tertiary,42.9
1446,Male,9.1,No,Rural,50.9,Secondary,52.2
1447,Female,11.8,Yes,Urban,57.2,Secondary,99.8
1448,Female,8.9,No,Rural,74.5,Tertiary,63.9
1449,Male,10.7,Yes,Urban,98.0,Secondary,94.5
1450,Female,7.9,No,Rural,78.6,Secondary,56.3
1451,Female,6.4,Yes,Urban,79.5,Primary,68.2
1452,Female,11.3,No,Urban,72.1,Secondary,77.5
1453,Female,3.0,Yes,Urban,76.2,Primary,66.2
1454,Male,16.0,No,Rural,76.9,Secondary,80.0
1455,Female,6.0,Yes,Urban,74.0,Tertiary,69.7
1456,Male,6.9,Yes,Urban,76.0,Primary,70.4
1457,Female,8.8,No,Urban,88.4,Secondary,76.7
1458,Male,7.3,No,Urban,91.4,none,58.7
1459,Male,7.4,Yes,Rural,53.9,Tertiary,74.5
1460,Female,11.2,No,Rural,54.6,none,52.9
1461,Male,9.4,No,Urban,83.7,Secondary,67.8
1462,Female,8.1,Yes,Urban,70.9,Tertiary,83.8
1463,Female,3.9,No,Urban,64.7,Tertiary,36.9
1464,Male,6.1,No,Rural,67.0,none,43.8
1465,Male,10.5,No,Urban,80.1,Primary,76.0
1466,Male,10.5,No,Rural,85.1,Primary,68.8
1467,Male,4.3,No,Urban,87.7,Secondary,46.4
1468,Female,9.2,No,Rural,55.6,Secondary,56.2
1469,Male,0.1,No,Rural,63.7,Primary,16.6
1470,Female,11.5,No,Rural,63.2,Tertiary,61.5
1471,Male,8.2,Yes,Urban,66.9,Secondary,76.0
1472,Male,14.1,No,Rural,89.5,Secondary,86.6
1473,Female,11.7,Yes,Urban,64.5,Primary,81.2
1474,Male,14.6,Yes,Urban,52.5,Primary,92.6
1475,Female,8.4,Yes,Urban,71.8,Secondary,80.5
1476,Male,9.7,No,Urban,89.8,Secondary,65.3
1477,Male,6.6,No,Urban,67.7,Secondary,55.8
1478,Female,13.5,No,Rural,79.6,Tertiary,82.6
1479,Female,10.4,Yes,Urban,65.8,Primary,76.4
1480,Female,9.3,No,Urban,79.5,none,52.0
1481,Female,14.8,Yes,Rural,78.6,Primary,99.6
1482,Female,2.6,No,Urban,80.8,none,34.2
1483,Female,14.1,No,Urban,87.2,Primary,80.9
1484,Female,6.7,No,Urban,58.4,none,42.5
1485,Male,10.3,No,Rural,57.0,Tertiary,58.9
1486,Female,2.6,No,Urban,53.8,Tertiary,34.9
1487,Male,10.6,Yes,Urban,56.1,none,72.2
1488,Male,7.0,No,Rural,70.0,Secondary,53.2
1489,Female,5.3,Yes,Urban,94.9,Secondary,74.8
1490,Male,15.6,No,Urban,88.9,Primary,93.6
1491,Male,4.5,No,Rural,63.4,Primary,38.1
1492,Female,8.3,No,Urban,65.2,none,59.9
1493,Male,11.8,Yes,Rural,85.4,Primary,90.3
1494,Female,11.9,Yes,Urban,77.6,Secondary,98.9
1495,Male,4.6,No,Urban,51.7,Secondary,32.5
1496,Male,8.5,No,Urban,95.5,Primary,69.6
1497,Female,16.0,Yes,Urban,79.6,Primary,100.0
1498,Male,8.2,No,Urban,62.2,Secondary,53.1
1499,Male,16.0,No,Rural,87.1,Secondary,97.6
1500,Female,11.2,No,Urban,94.2,Tertiary,87.5
1501,Female,12.1,No,Urban,71.4,Secondary,72.5
1502,Male,0.9,No,Urban,95.4,Secondary,37.9
1503,Male,8.3,Yes,Rural,93.9,Tertiary,82.5
1504,Female,15.2,No,Urban,72.5,Secondary,83.7
1505,Male,8.3,No,Urban,64.5,Secondary,54.2
1506,Female,6.8,Yes,Urban,95.6,Secondary,80.8
1507,Female,8.2,Yes,Rural,90.5,Secondary,78.8
1508,Male,12.1,No,Rural,50.7,Secondary,61.4
1509,Female,6.2,No,Rural,83.4,Primary,58.1
1510,Female,8.0,No,Rural,83.4,Tertiary,60.7
1511,Male,6.2,No,Rural,85.2,Tertiary,52.8
1512,Female,5.5,No,Urban,55.7,Tertiary,56.6
1513,Male,16.0,Yes,Rural,78.9,none,100.0
1514,Male,4.9,Yes,Urban,84.8,Tertiary,80.5
1515,Male,12.8,No,Urban,99.4,Tertiary,96.2
1516,Female,10.5,No,Rural,97.7,Primary,61.2
1517,Male,14.8,No,Urban,77.2,Tertiary,86.9
1518,Male,12.5,No,Urban,65.4,none,75.6
1519,Male,9.7,No,Urban,64.7,Tertiary,70.2
1520,Male,13.9,No,Urban,52.2,Tertiary,78.8
1521,Female,8.3,Yes,Urban,88.4,Tertiary,86.0
1522,Female,10.0,No,Rural,76.6,Secondary,64.3
1523,Male,7.0,No,Urban,63.2,Secondary,54.8
1524,Female,7.9,Yes,Urban,53.0,Secondary,56.1
1525,Female,11.8,No,Urban,61.6,Secondary,78.5
1526,Female,4.7,No,Rural,76.5,Tertiary,49.8
1527,Male,15.8,No,Rural,90.6,Tertiary,96.2
1528,Female,11.6,No,Urban,75.5,none,75.4
1529,Female,16.0,Yes,Urban,88.8,Secondary,100.0
1530,Female,10.1,Yes,Urban,98.8,Secondary,91.4
1531,Female,8.2,Yes,Rural,60.1,Secondary,73.5
1532,Female,14.3,Yes,Urban,57.9,Tertiary,97.1
1533,Male,14.8,No,Rural,91.3,Tertiary,86.8
1534,Female,6.5,Yes,Rural,98.9,Primary,68.5
1535,Female,10.8,No,Rural,80.6,Tertiary,68.4
1536,Male,11.0,No,Urban,79.7,Tertiary,75.7
1537,Male,9.3,Yes,Rural,99.4,none,76.3
1538,Male,5.4,Yes,Rural,86.3,Secondary,68.9
1539,Male,5.0,No,Rural,80.3,Primary,47.8
1540,Female,16.0,No,Urban,59.2,none,83.3
1541,Female,14.7,No,Urban,58.7,Tertiary,92.6
1542,Female,16.0,Yes,Urban,82.6,Secondary,100.0
1543,Female,3.4,No,Rural,86.1,Tertiary,56.3
1544,Female,0.7,Yes,Urban,55.6,Primary,48.6
1545,Male,15.4,Yes,Urban,51.8,Primary,93.3
1546,Female,5.9,No,Urban,89.3,Primary,58.6
1547,Male,13.9,No,Urban,88.2,Tertiary,75.2
1548,Male,12.6,No,Urban,79.5,Primary,76.3
1549,Male,12.7,Yes,Rural,69.7,Secondary,88.4
1550,Female,9.6,No,Urban,64.0,Secondary,50.5
1551,Female,14.1,No,Urban,90.1,Secondary,93.9
1552,Male,11.1,No,Urban,67.3,Tertiary,73.0
1553,Male,7.9,Yes,Rural,58.3,Tertiary,59.9
1554,Male,8.3,No,Rural,64.2,Secondary,54.2
1555,Male,5.2,No,Urban,57.4,Tertiary,46.1
1556,Male,9.2,No,Urban,99.6,Secondary,67.3
1557,Male,12.0,No,Urban,91.0,Tertiary,78.2
1558,Female,14.4,Yes,Rural,99.4,Tertiary,100.0
1559,Male,8.7,No,Rural,75.5,Secondary,62.8
1560,Male,8.2,No,Urban,90.3,Secondary,63.7
1561,Male,6.7,No,Urban,66.1,Secondary,54.7
1562,Male,8.9,No,Urban,66.2,Secondary,52.2
1563,Male,7.1,No,Urban,74.1,Tertiary,59.8
1564,Female,10.0,No,Rural,66.5,Tertiary,62.1
1565,Male,8.9,Yes,Urban,80.1,Secondary,80.3
1566,Female,16.0,No,Urban,55.3,Tertiary,87.1
1567,Male,8.9,No,Urban,62.9,Tertiary,59.8
1568,Male,16.0,Yes,Rural,81.7,Secondary,100.0
1569,Female,7.6,No,Rural,77.9,Primary,62.1
1570,Male,9.3,No,Rural,53.8,Secondary,40.8
1571,Female,9.0,No,Urban,64.2,Tertiary,67.2
1572,Female,9.3,No,Rural,98.8,Secondary,74.0
1573,Female,5.1,No,Urban,97.7,none,56.4
1574,Female,8.2,Yes,Urban,61.4,Primary,71.2
1575,Female,11.5,No,Rural,76.6,Primary,63.6
1576,Female,11.2,No,Urban,81.2,Primary,82.9
1577,Male,11.5,No,Urban,95.3,Tertiary,89.9
1578,Female,8.0,Yes,Urban,94.5,Secondary,82.9
1579,Male,5.5,No,Rural,92.5,Primary,45.8
1580,Male,11.8,No,Urban,98.7,Primary,78.6
1581,Female,0.7,Yes,Urban,51.2,none,39.9
1582,Female,15.1,Yes,Rural,66.9,Primary,100.0
1583,Female,10.0,Yes,Urban,51.2,Secondary,74.1
1584,Male,13.6,Yes,Rural,66.5,Primary,88.3
1585,Female,9.3,No,Urban,75.6,Tertiary,71.3
1586,Female,6.7,No,Urban,62.1,Secondary,43.1
1587,Male,14.8,Yes,Urban,55.6,Primary,88.8
1588,Female,12.4,Yes,Urban,58.3,Secondary,84.5
1589,Male,10.0,No,Rural,99.9,Secondary,70.2
1590,Female,7.9,No,Urban,86.8,Tertiary,63.3
1591,Male,15.6,Yes,Rural,91.5,Secondary,100.0
1592,Female,16.0,No,Urban,95.6,Primary,100.0
1593,Male,7.6,Yes,Urban,76.9,Primary,85.5
1594,Female,7.3,No,Urban,97.9,Secondary,67.5
1595,Female,8.3,No,Rural,81.3,Primary,59.8
1596,Male,4.8,Yes,Urban,92.3,Secondary,69.6
1597,Female,9.1,No,Urban,89.8,Tertiary,66.9
1598,Female,10.8,No,Urban,60.5,Secondary,73.7
1599,Male,2.7,No,Urban,89.4,Tertiary,44.2
1600,Male,7.1,Yes,Rural,94.3,Secondary,73.8
1601,Female,13.8,No,Urban,62.3,Primary,79.9
1602,Male,10.4,No,Rural,92.5,none,66.3
1603,Female,1.1,No,Urban,73.2,Secondary,40.4
1604,Female,10.9,No,Urban,98.3,Secondary,71.0
1605,Male,13.7,No,Urban,71.5,Tertiary,83.7
1606,Male,14.2,No,Rural,54.0,Secondary,76.6
1607,Female,13.7,No,Urban,57.8,Tertiary,74.8
1608,Male,7.7,No,Urban,51.1,Tertiary,60.1
1609,Female,7.7,No,Urban,77.2,Primary,60.0
1610,Male,8.4,No,Urban,97.3,Tertiary,65.5
1611,Female,13.5,Yes,Urban,59.1,Tertiary,96.0
1612,Female,5.9,No,Urban,93.7,Tertiary,65.5
1613,Female,7.3,Yes,Urban,60.2,Secondary,69.2
1614,Female,11.8,Yes,Urban,97.7,Tertiary,100.0
1615,Female,8.5,Yes,Urban,52.2,Secondary,67.2
1616,Female,3.9,No,Urban,52.0,Tertiary,45.8
1617,Female,11.3,Yes,Urban,85.2,Secondary,85.6
1618,Male,14.3,No,Urban,59.3,Secondary,79.7
1619,Male,7.0,No,Rural,84.0,Primary,62.2
1620,Male,9.3,Yes,Rural,91.5,Secondary,82.4
1621,Female,8.7,No,Rural,86.0,Tertiary,70.2
1622,Male,10.1,Yes,Rural,83.8,Secondary,84.7
1623,Male,13.5,Yes,Rural,56.0,none,82.7
1624,Male,11.3,No,Rural,57.6,Primary,68.0
1625,Male,7.8,Yes,Rural,97.3,Secondary,76.7
1626,Female,7.5,Yes,Urban,83.7,Secondary,83.1
1627,Female,11.9,Yes,Rural,88.0,Secondary,90.8
1628,Male,4.5,No,Urban,95.2,Primary,55.5
1629,Female,5.9,No,Rural,58.1,Primary,43.3
1630,Female,11.3,Yes,Rural,90.4,Primary,89.8
1631,Female,11.7,Yes,Urban,51.2,Primary,80.8
1632,Female,6.9,No,Rural,91.4,Primary,42.1
1633,Female,9.2,Yes,Rural,89.4,none,81.7
1634,Male,15.7,No,Urban,97.7,Primary,91.5
1635,Female,4.4,Yes,Urban,53.2,Secondary,61.1
1636,Male,10.0,No,Urban,54.7,Tertiary,63.1
1637,Female,5.7,No,Rural,64.6,Secondary,49.2
1638,Male,14.9,No,Rural,98.5,Tertiary,86.9
1639,Male,5.3,No,Rural,56.0,Primary,38.2
1640,Female,8.5,No,Urban,78.8,Tertiary,67.3
1641,Male,9.5,Yes,Rural,73.3,none,71.7
1642,Female,7.3,No,Rural,58.4,none,45.0
1643,Male,8.7,No,Urban,52.5,Secondary,46.1
1644,Male,9.8,No,Urban,58.2,Tertiary,53.6
1645,Female,12.4,No,Rural,65.9,Secondary,72.6
1646,Male,3.2,Yes,Urban,83.9,none,55.3
1647,Female,9.0,No,Rural,89.5,Tertiary,75.8
1648,Male,8.4,No,Urban,80.7,Primary,61.0
1649,Female,8.4,No,Urban,58.2,Secondary,59.0
1650,Male,16.0,No,Urban,83.9,none,90.3
1651,Male,7.7,No,Urban,85.1,Tertiary,58.3
1652,Female,13.8,Yes,Rural,95.8,none,90.3
1653,Female,12.0,No,Urban,62.7,Tertiary,73.5
1654,Male,8.1,No,Rural,84.1,Primary,65.5
1655,Female,12.0,No,Urban,99.3,Primary,89.0
1656,Male,10.3,No,Urban,72.3,Primary,62.1
1657,Male,11.6,No,Urban,88.0,Primary,73.8
1658,Male,7.7,Yes,Urban,55.8,Primary,69.3
1659,Female,14.3,No,Urban,83.6,Tertiary,93.9
1660,Female,8.1,No,Rural,56.6,Secondary,51.0
1661,Female,9.1,No,Urban,87.1,Secondary,65.4
1662,Male,14.9,Yes,Rural,75.0,Primary,97.0
1663,Male,9.4,No,Urban,77.2,Tertiary,70.3
1664,Male,9.6,No,Urban,94.1,Secondary,74.4
1665,Female,12.1,No,Rural,81.4,Secondary,90.5
1666,Male,16.0,Yes,Urban,70.6,Primary,100.0
1667,Female,7.8,Yes,Urban,72.1,Tertiary,82.5
1668,Female,10.6,No,Urban,77.1,Primary,68.9
1669,Female,11.6,No,Urban,83.2,none,76.7
1670,Female,8.7,No,Urban,53.9,Secondary,62.0
1671,Female,7.8,No,Urban,85.1,Primary,66.7
1672,Male,14.1,No,Urban,72.8,Primary,81.2
1673,Male,8.5,No,Urban,53.3,Secondary,51.8
1674,Male,15.7,Yes,Rural,69.9,Secondary,100.0
1675,Male,4.8,No,Rural,99.0,Primary,61.7
1676,Female,11.2,No,Urban,57.1,Secondary,72.7
1677,Female,12.5,No,Rural,56.5,Secondary,69.4
1678,Female,11.8,No,Urban,70.7,Secondary,72.3
1679,Male,6.5,No,Urban,96.0,Primary,59.2
1680,Male,4.7,Yes,Rural,87.0,Secondary,61.0
1681,Female,6.7,Yes,Urban,56.1,Secondary,66.5
1682,Male,14.2,No,Urban,85.9,Tertiary,90.1
1683,Male,15.1,Yes,Urban,77.2,Secondary,100.0
1684,Male,7.7,Yes,Urban,89.0,Secondary,80.3
1685,Female,16.0,No,Rural,94.0,Secondary,97.1
1686,Male,9.2,Yes,Urban,76.3,Tertiary,92.7
1687,Female,13.2,No,Urban,60.9,Tertiary,78.4
1688,Male,10.0,No,Urban,52.6,Tertiary,52.8
1689,Female,9.1,No,Rural,98.9,Primary,63.2
1690,Male,13.8,Yes,Urban,90.8,Secondary,100.0
1691,Male,15.1,Yes,Urban,99.8,Secondary,100.0
1692,Female,14.6,No,Rural,92.7,Tertiary,87.8
1693,Female,10.0,No,Rural,55.7,Tertiary,54.5
1694,Female,11.3,No,Urban,95.7,Secondary,86.5
1695,Male,11.4,No,Urban,56.6,Secondary,67.5
1696,Female,16.0,Yes,Rural,67.9,Secondary,100.0
1697,Male,6.7,No,Rural,70.3,Tertiary,51.9
1698,Female,9.7,No,Rural,51.0,Secondary,54.1
1699,Male,6.4,No,Rural,55.7,Secondary,43.1
1700,Male,9.8,No,Rural,95.6,Tertiary,75.1
1701,Male,8.2,Yes,Rural,95.6,Secondary,81.2
1702,Female,12.8,No,Urban,93.1,Secondary,86.5
1703,Male,5.9,No,Urban,57.2,Secondary,36.4
1704,Female,16.0,No,Urban,65.4,Secondary,80.5
1705,Male,12.6,No,Urban,63.2,Tertiary,71.2
1706,Male,4.1,No,Urban,82.4,Secondary,49.0
1707,Male,7.0,No,Urban,91.9,Tertiary,63.2
1708,Male,7.6,No,Urban,96.8,Tertiary,62.3
1709,Female,3.7,No,Urban,66.9,Tertiary,40.3
1710,Male,15.5,No,Urban,68.3,Primary,88.6
1711,Male,7.2,No,Urban,89.5,Secondary,61.2
1712,Female,7.9,No,Rural,74.0,Secondary,59.6
1713,Male,5.5,No,Urban,93.8,Primary,56.6
1714,Female,10.2,No,Urban,71.5,Primary,79.1
1715,Female,9.1,Yes,Urban,98.9,Secondary,96.8
1716,Male,10.4,No,Rural,76.7,Secondary,66.7
1717,Male,12.3,Yes,Rural,85.5,Secondary,93.4
1718,Female,7.9,No,Urban,68.7,Secondary,60.3
1719,Female,8.9,No,Rural,78.2,Primary,55.1
1720,Female,6.2,Yes,Rural,97.0,Secondary,79.8
1721,Female,0.3,Yes,Urban,57.9,Secondary,43.7
1722,Female,9.5,Yes,Urban,98.9,Primary,90.1
1723,Female,4.1,Yes,Urban,78.0,Primary,66.1
1724,Female,14.0,No,Urban,92.4,Secondary,85.2
1725,Female,10.8,Yes,Rural,78.4,Primary,76.1
1726,Male,11.5,No,Rural,77.3,Primary,64.7
1727,Female,8.7,No,Rural,96.0,Secondary,69.2
1728,Male,4.5,Yes,Urban,68.4,none,60.8
1729,Male,14.1,No,Rural,68.7,Secondary,82.4
1730,Female,11.3,Yes,Urban,94.0,Tertiary,100.0
1731,Female,5.5,Yes,Rural,91.4,Tertiary,68.7
1732,Male,14.4,Yes,Rural,66.5,Secondary,99.1
1733,Male,7.1,No,Urban,63.9,Primary,52.9
1734,Female,13.6,No,Urban,56.1,Secondary,84.6
1735,Female,12.6,No,Urban,78.0,Primary,74.6
1736,Female,9.5,Yes,Rural,75.1,Tertiary,85.1
1737,Female,14.2,No,Urban,75.9,Tertiary,88.6
1738,Male,12.5,No,Urban,90.7,Primary,77.3
1739,Male,2.7,No,Urban,88.6,none,40.8
1740,Male,13.5,Yes,Rural,78.6,Tertiary,99.3
1741,Male,16.0,No,Urban,55.3,Tertiary,87.1
1742,Male,14.0,Yes,Urban,70.6,Primary,99.7
1743,Male,10.4,No,Urban,78.0,Primary,68.1
1744,Male,10.2,Yes,Urban,75.2,Secondary,82.8
1745,Female,7.4,No,Rural,95.2,Tertiary,71.9
1746,Female,7.9,Yes,Rural,92.1,Primary,80.0
1747,Female,9.6,Yes,Urban,55.2,Secondary,71.2
1748,Female,7.6,No,Urban,99.1,Secondary,77.8
1749,Male,10.1,No,Urban,69.0,Secondary,66.9
1750,Male,16.0,No,Rural,94.0,Primary,88.8
1751,Female,6.3,No,Urban,70.5,Secondary,64.0
1752,Male,14.8,No,Urban,64.5,Tertiary,84.7
1753,Male,9.4,No,Rural,85.4,Secondary,60.4
1754,Male,9.7,No,Rural,73.5,Primary,56.7
1755,Male,9.5,No,Urban,85.6,Tertiary,75.7
1756,Female,16.0,No,Rural,58.1,Secondary,79.7
1757,Female,8.5,No,Urban,84.6,Primary,72.2
1758,Female,14.2,No,Urban,88.4,Secondary,95.3
1759,Female,15.0,No,Rural,64.4,Secondary,86.6
1760,Male,5.6,Yes,Rural,93.9,none,65.9
1761,Female,11.3,No,Rural,90.1,none,70.1
1762,Male,11.4,No,Rural,83.4,Tertiary,66.4
1763,Female,11.2,No,Urban,57.8,Tertiary,74.6
1764,Male,6.9,No,Urban,99.4,Secondary,63.5
1765,Female,11.0,No,Rural,91.5,Tertiary,73.4
1766,Male,9.8,No,Urban,75.2,Secondary,67.5
1767,Male,5.3,Yes,Rural,98.2,Tertiary,66.8
1768,Male,6.9,Yes,Urban,66.4,Tertiary,63.2
1769,Male,7.4,No,Urban,93.7,Tertiary,61.0
1770,Male,12.2,No,Rural,69.0,Secondary,70.2
1771,Male,16.0,No,Urban,79.6,Primary,87.6
1772,Male,9.7,Yes,Rural,54.1,none,62.4
1773,Male,4.8,No,Urban,61.7,Secondary,43.1
1774,Male,7.5,No,Urban,63.7,none,42.6
1775,Female,9.8,Yes,Urban,94.0,Tertiary,85.7
1776,Female,7.5,No,Rural,92.1,Secondary,62.8
1777,Female,11.5,Yes,Urban,97.2,Tertiary,98.5
1778,Female,9.1,No,Urban,79.6,Secondary,67.8
1779,Female,5.3,Yes,Rural,91.8,none,54.6
1780,Male,15.2,No,Urban,86.6,Tertiary,100.0
1781,Female,12.8,No,Rural,84.5,Tertiary,88.1
1782,Female,10.0,No,Urban,55.6,Secondary,73.3
1783,Male,10.6,Yes,Urban,83.9,Secondary,86.9
1784,Female,10.2,No,Urban,52.8,none,67.8
1785,Female,10.9,Yes,Rural,76.0,Secondary,82.3
1786,Male,5.5,No,Urban,50.5,none,46.4
1787,Female,15.5,No,Urban,58.2,Secondary,82.2
1788,Female,14.2,No,Rural,84.3,Primary,87.8
1789,Male,3.8,Yes,Urban,62.3,Tertiary,47.3
1790,Male,3.2,No,Urban,54.1,Secondary,37.8
1791,Male,14.6,No,Urban,68.2,none,85.4
1792,Male,8.9,Yes,Rural,90.8,Primary,79.8
1793,Female,9.5,No,Urban,97.1,Secondary,78.7
1794,Female,10.1,Yes,Rural,60.7,Tertiary,77.2
1795,Female,12.5,No,Rural,64.9,Primary,70.8
1796,Male,16.0,No,Urban,68.4,Tertiary,98.0
1797,Female,10.2,No,Rural,96.2,Primary,73.1
1798,Male,8.4,No,Urban,84.5,Secondary,67.3
1799,Female,8.4,Yes,Rural,54.5,Primary,63.0
1800,Male,9.6,Yes,Rural,98.1,Tertiary,85.8
1801,Female,7.3,No,Urban,64.1,Secondary,49.1
1802,Female,10.6,No,Urban,72.3,Tertiary,74.9
1803,Male,9.7,Yes,Rural,99.2,Primary,94.4
1804,Male,7.8,No,Urban,71.3,Primary,61.0
1805,Male,7.0,Yes,Urban,83.3,Tertiary,68.7
1806,Female,10.3,Yes,Rural,87.3,Secondary,86.8
1807,Female,7.7,Yes,Rural,93.6,none,75.3
1808,Male,2.1,Yes,Urban,72.5,Tertiary,46.2
1809,Male,7.9,No,Urban,54.7,Primary,57.8
1810,Male,9.6,No,Urban,67.9,Primary,57.7
1811,Male,5.1,No,Rural,78.7,Secondary,42.9
1812,Female,13.6,No,Urban,87.1,Secondary,81.3
1813,Male,13.2,No,Rural,83.5,Primary,75.5
1814,Male,13.2,Yes,Rural,79.0,Secondary,95.8
1815,Female,10.7,Yes,Rural,66.4,Secondary,82.0
1816,Female,13.2,No,Urban,67.3,Secondary,75.8
1817,Male,8.7,No,Urban,89.1,Secondary,67.4
1818,Female,5.7,No,Urban,79.8,Tertiary,48.6
1819,Male,13.5,No,Urban,78.7,Secondary,81.9
1820,Female,14.2,Yes,Urban,79.8,Tertiary,100.0
1821,Female,4.8,No,Rural,87.9,Secondary,54.8
1822,Male,8.7,No,Urban,97.5,Secondary,63.6
1823,Female,10.4,No,Rural,65.1,Secondary,66.8
1824,Male,16.0,Yes,Urban,99.1,Tertiary,100.0
1825,Male,14.0,No,Rural,70.8,none,78.7
1826,Female,13.1,Yes,Urban,99.4,Primary,100.0
1827,Female,7.2,No,Urban,58.4,Secondary,56.8
1828,Male,9.8,No,Rural,94.1,Tertiary,72.1
1829,Female,9.3,No,Urban,65.4,Tertiary,68.6
1830,Female,7.6,No,Rural,85.8,Tertiary,55.0
1831,Female,7.4,No,Urban,91.3,Tertiary,63.8
1832,Male,16.0,No,Rural,58.5,Tertiary,81.4
1833,Female,8.8,Yes,Rural,57.2,Secondary,71.1
1834,Female,13.2,No,Rural,60.4,Tertiary,81.1
1835,Male,11.3,Yes,Rural,85.6,Primary,85.8
1836,Female,10.2,No,Urban,98.9,Tertiary,74.8
1837,Male,6.2,No,Urban,70.5,Tertiary,51.2
1838,Male,14.8,No,Rural,54.9,Tertiary,83.6
1839,Male,9.4,Yes,Urban,74.7,Secondary,79.9
1840,Male,12.7,No,Urban,55.7,Tertiary,68.5
1841,Female,14.6,Yes,Urban,59.7,none,100.0
1842,Male,8.1,No,Urban,69.1,Secondary,67.9
1843,Male,13.8,No,Urban,64.6,Secondary,81.1
1844,Male,11.4,No,Urban,91.3,Secondary,76.4
1845,Female,12.5,Yes,Urban,94.8,Primary,100.0
1846,Male,13.4,No,Urban,94.1,Secondary,84.9
1847,Male,16.0,Yes,Rural,96.1,Tertiary,100.0
1848,Male,7.8,Yes,Urban,60.4,Tertiary,70.8
1849,Male,0.9,No,Urban,67.4,Tertiary,30.1
1850,Male,15.1,Yes,Urban,85.1,none,100.0
1851,Male,9.3,No,Urban,63.3,Secondary,61.4
1852,Male,12.3,No,Urban,62.7,Primary,74.7
1853,Male,5.1,Yes,Rural,62.9,Secondary,56.2
1854,Male,16.0,No,Urban,80.9,Secondary,94.5
1855,Male,15.0,Yes,Urban,72.8,Secondary,97.2
1856,Male,16.0,Yes,Rural,90.7,Primary,100.0
1857,Male,5.0,No,Rural,86.9,Secondary,49.6
1858,Female,5.0,No,Rural,64.3,Tertiary,46.7
1859,Female,16.0,No,Urban,68.1,Secondary,86.6
1860,Male,1.5,No,Urban,83.7,none,38.0
1861,Female,11.6,No,Urban,67.2,Tertiary,66.8
1862,Female,12.8,Yes,Urban,82.9,Secondary,99.6
1863,Female,6.6,Yes,Rural,97.7,Tertiary,81.0
1864,Male,9.7,No,Rural,74.2,Tertiary,68.5
1865,Female,16.0,No,Rural,87.0,Tertiary,95.2
1866,Female,7.5,No,Rural,76.0,Secondary,63.3
1867,Male,13.7,No,Rural,83.7,Tertiary,86.3
1868,Female,16.0,No,Rural,90.2,Secondary,93.6
1869,Female,13.3,Yes,Urban,88.7,Primary,91.9
1870,Female,12.0,No,Urban,56.5,Tertiary,70.5
1871,Female,13.5,No,Urban,50.4,Tertiary,81.6
1872,Male,8.9,Yes,Rural,83.0,none,77.0
1873,Female,13.3,Yes,Urban,86.4,Tertiary,98.6
1874,Male,8.5,No,Rural,61.7,Secondary,61.4
1875,Female,12.0,No,Urban,98.1,Tertiary,81.4
1876,Female,16.0,Yes,Urban,87.9,Primary,100.0
1877,Female,11.5,No,Urban,75.6,Secondary,72.7
1878,Female,4.8,No,Urban,54.8,Primary,43.8
1879,Female,16.0,No,Urban,80.0,Tertiary,94.9
1880,Male,9.8,No,Rural,56.0,Primary,55.1
1881,Male,9.4,No,Urban,84.4,Secondary,63.8
1882,Male,7.2,No,Urban,71.1,Primary,55.3
1883,Female,4.4,No,Urban,80.9,Tertiary,56.6
1884,Male,11.5,No,Urban,99.6,Primary,85.9
1885,Female,7.5,No,Urban,65.7,Tertiary,62.4
1886,Male,7.5,No,Urban,86.6,Secondary,64.2
1887,Male,0.0,No,Urban,80.8,Tertiary,32.7
1888,Male,9.8,Yes,Rural,92.8,Secondary,91.8
1889,Female,6.1,Yes,Rural,99.6,Secondary,72.2
1890,Male,14.0,Yes,Rural,95.2,Secondary,95.5
1891,Female,8.5,No,Rural,54.3,Primary,53.7
1892,Male,15.2,No,Urban,80.5,Secondary,86.5
1893,Female,5.1,No,Urban,65.4,Primary,45.2
1894,Female,6.9,No,Urban,96.8,Primary,68.2
1895,Female,9.6,Yes,Urban,68.4,Secondary,83.8
1896,Female,9.5,Yes,Rural,84.6,Primary,89.3
1897,Female,1.7,Yes,Urban,65.1,Secondary,52.0
1898,Female,15.3,No,Urban,74.6,Primary,90.3
1899,Female,7.8,Yes,Rural,86.6,Primary,72.3
1900,Female,2.5,No,Rural,99.2,Tertiary,50.4
1901,Female,8.3,Yes,Urban,97.1,Secondary,78.0
1902,Female,15.0,Yes,Urban,84.6,Tertiary,100.0
1903,Male,1.9,No,Urban,52.5,Secondary,26.9
1904,Female,14.6,No,Urban,55.6,none,79.8
1905,Male,11.3,No,Rural,96.4,Primary,78.2
1906,Male,9.4,No,Rural,70.7,Tertiary,64.1
1907,Female,8.7,No,Urban,80.4,Secondary,67.1
1908,Male,12.2,No,Urban,92.9,Tertiary,75.3
1909,Female,12.2,Yes,Rural,93.4,Secondary,100.0
1910,Female,13.2,No,Urban,69.3,Primary,86.4
1911,Male,6.0,No,Urban,79.3,Tertiary,53.9
1912,Female,9.0,No,Rural,84.4,none,61.2
1913,Male,11.8,Yes,Rural,72.0,Tertiary,91.2
1914,Male,14.5,No,Rural,78.1,Secondary,90.8
1915,Male,16.0,No,Rural,77.1,Secondary,87.8
1916,Male,10.1,No,Rural,89.3,Primary,73.8
1917,Female,16.0,Yes,Urban,90.2,Secondary,100.0
1918,Female,7.6,No,Rural,96.6,Tertiary,69.2
1919,Female,12.6,No,Urban,97.1,Secondary,80.2
1920,Male,11.4,Yes,Urban,97.2,Primary,82.1
1921,Female,7.8,No,Urban,50.8,Primary,55.7
1922,Male,15.4,Yes,Urban,60.1,none,98.1
1923,Male,13.4,Yes,Urban,75.0,Primary,90.6
1924,Male,16.0,Yes,Urban,53.8,Secondary,95.3
1925,Male,1.7,No,Urban,99.8,Tertiary,44.6
1926,Male,9.4,No,Rural,93.3,Secondary,63.6
1927,Male,9.1,No,Urban,52.4,Tertiary,50.9
1928,Female,11.4,Yes,Rural,94.4,Primary,90.2
1929,Female,16.0,Yes,Urban,66.2,Tertiary,100.0
1930,Female,10.8,No,Rural,98.3,Secondary,69.8
1931,Male,9.6,No,Urban,66.6,Primary,68.8
1932,Male,7.2,No,Urban,61.3,Primary,58.1
1933,Female,4.2,No,Urban,64.4,Primary,47.2
1934,Female,4.3,No,Rural,79.3,Tertiary,43.1
1935,Female,15.4,No,Urban,77.9,Secondary,96.2
1936,Male,14.7,Yes,Urban,76.6,Secondary,100.0
1937,Female,10.4,No,Rural,53.4,Secondary,64.4
1938,Female,0.0,Yes,Urban,85.6,Tertiary,44.6
1939,Male,12.2,No,Urban,65.8,Tertiary,78.7
1940,Male,3.0,No,Urban,76.6,none,37.8
1941,Female,12.7,No,Rural,83.0,Secondary,76.6
1942,Female,14.7,Yes,Urban,92.0,Tertiary,100.0
1943,Male,10.4,No,Rural,65.5,Tertiary,60.7
1944,Male,14.1,No,Rural,73.8,Primary,77.5
1945,Male,6.1,No,Urban,82.4,Secondary,67.1
1946,Male,3.8,Yes,Urban,80.6,Secondary,50.4
1947,Female,6.7,Yes,Rural,91.4,Secondary,83.3
1948,Female,7.4,Yes,Urban,63.9,Secondary,66.5
1949,Female,9.7,No,Urban,53.2,Tertiary,62.7
1950,Female,16.0,No,Rural,63.5,Secondary,79.7
1951,Female,8.8,No,Rural,96.1,Secondary,66.6
1952,Male,1.3,Yes,Urban,75.7,Secondary,45.2
1953,Male,8.3,No,Rural,56.6,none,47.8
1954,Female,9.2,No,Urban,96.9,Primary,79.8
1955,Male,10.1,No,Rural,50.9,Secondary,58.9
1956,Female,12.9,No,Rural,69.8,Primary,75.2
1957,Female,9.2,Yes,Rural,67.2,Tertiary,78.2
1958,Female,10.1,No,Urban,92.1,Primary,74.1
1959,Female,7.5,Yes,Urban,66.5,Tertiary,76.5
1960,Male,5.1,No,Rural,80.2,Tertiary,48.7
1961,Female,10.1,No,Urban,72.8,Secondary,71.7
1962,Female,9.3,Yes,Urban,63.8,Tertiary,86.4
1963,Female,6.5,No,Urban,99.7,Tertiary,70.3
1964,Male,5.0,Yes,Rural,71.2,Primary,57.4
1965,Female,16.0,No,Rural,68.5,Tertiary,97.5
1966,Male,13.4,No,Rural,80.9,Primary,70.7
1967,Male,10.1,Yes,Urban,65.8,Tertiary,83.7
1968,Female,8.4,Yes,Urban,75.3,Secondary,77.5
1969,Male,16.0,No,Urban,73.4,Secondary,93.0
1970,Male,5.6,Yes,Urban,84.1,Secondary,74.9
1971,Female,10.4,No,Urban,73.0,Secondary,62.8
1972,Female,9.4,No,Rural,63.3,Primary,65.0
1973,Male,9.2,No,Urban,96.0,Secondary,68.9
1974,Female,6.5,Yes,Urban,62.6,Primary,65.9
1975,Male,10.6,No,Urban,86.8,Secondary,71.5
1976,Female,9.6,No,Rural,54.7,Secondary,54.6
1977,Female,0.0,No,Rural,73.5,Secondary,29.3
1978,Female,7.4,Yes,Urban,78.5,Secondary,72.3
1979,Male,4.5,Yes,Rural,72.0,Tertiary,66.3
1980,Male,15.4,No,Urban,93.2,Secondary,90.5
1981,Male,10.8,No,Urban,85.5,none,64.3
1982,Female,14.1,No,Urban,93.6,Tertiary,95.0
1983,Male,8.6,Yes,Rural,88.7,Primary,72.8
1984,Female,14.1,Yes,Urban,58.7,Tertiary,99.5
1985,Female,13.1,No,Rural,91.4,Primary,82.2
1986,Male,4.1,Yes,Urban,69.2,Primary,50.6
1987,Female,12.0,Yes,Rural,53.5,Tertiary,84.9
1988,Male,12.0,No,Rural,56.5,none,60.6
1989,Female,7.1,Yes,Urban,99.9,none,81.6
1990,Male,12.4,No,Urban,58.3,Secondary,77.9
1991,Female,6.2,Yes,Urban,66.4,Secondary,64.4
1992,Female,11.5,Yes,Rural,59.9,Primary,75.0
1993,Male,10.8,No,Urban,82.0,Tertiary,73.9
1994,Male,16.0,Yes,Rural,61.8,Tertiary,88.4
1995,Female,16.0,No,Rural,63.2,Secondary,83.8
1996,Male,7.4,No,Rural,99.0,Primary,66.7
1997,Female,13.9,No,Rural,66.1,Tertiary,80.8
1998,Female,16.0,No,Urban,93.8,Tertiary,100.0
1999,Female,3.2,No,Rural,96.4,Tertiary,40.2
2000,Female,9.9,Yes,Urban,50.8,Secondary,79.5
2001,Female,7.1,No,Urban,95.3,Tertiary,53.1
2002,Male,7.9,Yes,Rural,81.8,Secondary,71.4
2003,Male,9.0,No,Urban,54.7,Secondary,60.5
2004,Male,13.7,Yes,Urban,88.1,none,100.0
2005,Female,14.4,No,Urban,63.5,Secondary,78.1
2006,Male,15.6,Yes,Urban,50.3,Tertiary,94.6
2007,Male,8.1,No,Urban,89.4,Tertiary,71.6
2008,Male,13.1,No,Rural,81.7,Secondary,82.4
2009,Female,8.8,No,Rural,53.9,Tertiary,62.1
2010,Male,11.4,Yes,Urban,52.0,Secondary,78.3
2011,Male,0.0,Yes,Urban,82.5,Tertiary,46.1
2012,Male,11.3,No,Urban,55.7,Tertiary,64.5
2013,Female,8.3,No,Urban,86.5,Secondary,67.9
2014,Male,15.2,No,Rural,97.2,none,88.3
2015,Female,14.7,No,Urban,98.9,Tertiary,97.1
2016,Female,13.5,Yes,Urban,98.3,Tertiary,100.0
2017,Male,11.4,No,Urban,63.2,Tertiary,59.8
2018,Female,11.6,No,Urban,59.4,Secondary,69.2
2019,Male,7.9,Yes,Urban,52.0,Primary,57.2
2020,Female,15.1,No,Urban,88.7,none,94.0
2021,Male,15.0,No,Urban,60.4,Tertiary,76.4
2022,Male,9.0,No,Rural,74.3,Tertiary,60.3
2023,Female,12.9,No,Rural,83.1,Tertiary,83.7
2024,Male,7.2,No,Rural,68.2,Tertiary,58.8
2025,Female,14.3,Yes,Urban,50.6,Tertiary,93.7
2026,Male,14.0,No,Urban,88.6,Primary,86.0
2027,Female,8.9,No,Rural,70.1,Secondary,65.2
2028,Female,16.0,No,Urban,81.6,Tertiary,100.0
2029,Female,9.3,No,Rural,70.2,Tertiary,65.9
2030,Female,5.3,No,Urban,88.4,Tertiary,59.4
2031,Female,16.0,No,Urban,77.8,Tertiary,95.4
2032,Male,11.1,No,Rural,56.3,none,72.6
2033,Male,14.4,Yes,Urban,84.0,Tertiary,100.0
2034,Female,14.2,Yes,Urban,92.9,none,99.2
2035,Male,13.9,No,Urban,53.7,Tertiary,84.2
2036,Male,3.8,No,Urban,51.1,Secondary,40.4
2037,Female,8.5,Yes,Rural,100.0,Primary,87.6
2038,Female,6.2,Yes,Rural,59.6,Primary,53.8
2039,Female,16.0,Yes,Rural,58.1,none,96.3
2040,Female,7.4,No,Urban,56.4,Secondary,55.1
2041,Male,16.0,Yes,Urban,55.8,Tertiary,100.0
2042,Male,13.0,Yes,Rural,71.0,Secondary,92.2
2043,Female,4.0,Yes,Urban,94.3,Tertiary,50.3
2044,Male,10.9,Yes,Urban,55.4,Tertiary,79.4
2045,Male,8.4,No,Urban,58.1,Tertiary,58.2
2046,Female,8.7,Yes,Rural,55.6,Secondary,74.0
2047,Male,11.6,No,Urban,89.3,Primary,71.4
2048,Male,8.1,Yes,Urban,81.2,Secondary,71.4
2049,Female,3.9,Yes,Urban,86.6,Tertiary,73.4
2050,Male,12.8,No,Urban,98.4,Secondary,88.7
2051,Male,9.1,No,Urban,88.5,Primary,60.2
2052,Male,5.5,Yes,Rural,69.3,Secondary,67.6
2053,Female,16.0,No,Rural,95.5,Secondary,94.5
2054,Female,9.3,Yes,Rural,55.4,Primary,71.1
2055,Male,8.1,No,Urban,72.2,Tertiary,54.8
2056,Female,11.4,No,Urban,82.2,Secondary,77.0
2057,Male,7.3,Yes,Urban,66.9,Secondary,56.3
2058,Female,12.8,No,Urban,76.2,none,73.4
2059,Male,9.0,No,Urban,97.4,Primary,71.0
2060,Female,5.8,No,Urban,81.1,Secondary,57.0
2061,Male,4.5,No,Urban,81.9,Primary,48.7
2062,Male,8.6,No,Urban,61.7,Tertiary,66.1
2063,Female,8.3,Yes,Urban,65.0,Primary,70.1
2064,Male,13.2,No,Urban,99.1,Secondary,89.9
2065,Male,10.7,No,Rural,81.6,none,63.4
2066,Female,13.1,No,Urban,88.5,Primary,92.6
2067,Female,8.9,No,Urban,68.3,Tertiary,66.5
2068,Male,15.4,No,Urban,93.6,Secondary,91.9
2069,Male,10.7,No,Rural,75.2,Tertiary,68.0
2070,Male,11.8,No,Urban,83.0,Primary,73.6
2071,Female,6.6,Yes,Urban,87.4,Primary,70.1
2072,Female,11.8,No,Urban,85.5,Secondary,68.6
2073,Male,3.8,No,Urban,77.4,Primary,40.2
2074,Male,8.6,No,Rural,98.2,Primary,74.3
2075,Male,6.6,Yes,Rural,96.5,none,75.3
2076,Male,16.0,No,Urban,94.0,Tertiary,93.0
2077,Female,8.8,Yes,Urban,66.6,none,82.0
2078,Male,11.0,Yes,Urban,73.8,Tertiary,99.1
2079,Male,13.0,No,Rural,60.0,Tertiary,72.2
2080,Female,7.7,No,Urban,52.4,Primary,47.7
2081,Female,2.5,Yes,Rural,97.8,Tertiary,55.1
2082,Female,14.2,No,Urban,78.0,Secondary,82.3
2083,Female,3.0,No,Rural,91.0,Tertiary,53.0
2084,Male,14.9,Yes,Urban,87.7,none,90.9
2085,Male,12.1,Yes,Urban,96.6,Primary,100.0
2086,Female,7.8,No,Rural,69.0,Secondary,54.4
2087,Female,8.0,No,Rural,93.5,none,56.9
2088,Male,6.6,No,Urban,81.2,Primary,52.3
2089,Male,10.2,Yes,Urban,51.7,Secondary,81.7
2090,Male,7.7,No,Urban,70.8,Primary,56.0
2091,Female,12.4,No,Urban,94.9,Primary,76.3
2092,Female,11.3,Yes,Urban,70.4,Secondary,83.6
2093,Female,6.8,No,Urban,97.5,Primary,64.0
2094,Male,7.3,Yes,Urban,84.6,Secondary,82.4
2095,Male,6.3,No,Urban,73.2,Tertiary,65.7
2096,Male,12.1,No,Rural,55.4,Secondary,68.6
2097,Female,16.0,No,Urban,86.5,none,95.2
2098,Female,10.4,No,Rural,62.7,Secondary,67.7
2099,Male,12.1,Yes,Rural,57.7,Primary,77.1
2100,Male,8.6,Yes,Urban,100.0,Secondary,77.8
2101,Female,3.5,No,Urban,76.4,Primary,44.9
2102,Female,5.3,No,Rural,79.1,Secondary,55.5
2103,Female,6.0,Yes,Rural,76.5,Tertiary,75.4
2104,Male,13.5,No,Urban,84.4,Tertiary,80.0
2105,Male,13.4,Yes,Urban,99.1,Tertiary,100.0
2106,Female,12.2,No,Urban,87.5,Secondary,93.0
2107,Male,6.5,No,Urban,75.0,Secondary,55.6
2108,Female,7.2,Yes,Rural,77.5,Primary,66.9
2109,Male,13.6,No,Rural,57.1,none,71.3
2110,Male,14.6,No,Rural,96.1,Secondary,91.5
2111,Male,11.1,Yes,Urban,87.0,Secondary,100.0
2112,Female,12.6,Yes,Urban,85.1,Secondary,100.0
2113,Male,16.0,No,Urban,51.1,Secondary,80.6
2114,Female,13.8,No,Urban,97.9,Secondary,89.9
2115,Male,16.0,No,Rural,94.3,Secondary,83.3
2116,Female,9.0,No,Rural,95.5,Secondary,67.3
2117,Female,8.0,No,Urban,93.0,Tertiary,69.0
2118,Female,14.4,No,Rural,97.0,Primary,83.4
2119,Female,9.8,No,Urban,64.8,Tertiary,72.5
2120,Female,8.9,No,Rural,64.2,Primary,56.3
2121,Male,16.0,No,Urban,54.8,Secondary,84.5
2122,Male,10.5,Yes,Urban,65.5,Primary,82.7
2123,Female,5.6,Yes,Rural,86.6,Secondary,66.9
2124,Female,8.6,No,Urban,91.9,Secondary,72.3
2125,Female,6.0,Yes,Rural,65.2,Secondary,65.6
2126,Male,5.0,No,Rural,79.6,Primary,38.3
2127,Female,8.7,No,Urban,93.1,none,71.6
2128,Male,9.2,Yes,Rural,95.8,Tertiary,77.7
2129,Female,12.5,No,Rural,74.3,Secondary,81.7
2130,Male,15.9,No,Rural,60.2,Primary,84.3
2131,Female,7.6,Yes,Urban,98.8,Primary,83.3
2132,Male,3.4,No,Urban,94.9,Primary,35.9
2133,Male,11.7,No,Rural,75.1,Tertiary,71.6
2134,Female,3.2,No,Urban,69.7,Secondary,34.7
2135,Female,9.1,No,Urban,65.5,Primary,64.6
2136,Female,7.1,Yes,Urban,73.0,Primary,77.7
2137,Female,9.3,No,Urban,79.1,Tertiary,66.7
2138,Male,8.3,No,Urban,50.6,Secondary,51.3
2139,Male,10.0,No,Rural,58.5,Primary,59.6
2140,Male,11.9,No,Urban,54.9,Tertiary,74.4
2141,Male,5.1,No,Rural,76.5,Secondary,43.3
2142,Male,0.0,Yes,Rural,95.1,Secondary,40.3
2143,Male,11.2,No,Rural,61.6,Secondary,65.1
2144,Female,11.9,No,Urban,93.7,Primary,87.0
2145,Male,9.0,No,Rural,79.1,Primary,55.1
2146,Male,6.9,No,Urban,60.1,Tertiary,52.3
2147,Male,8.6,No,Urban,72.3,Primary,57.4
2148,Female,13.9,No,Rural,94.0,Tertiary,84.4
2149,Male,16.0,No,Urban,92.9,none,92.1
2150,Female,10.6,No,Urban,90.9,Tertiary,82.3
2151,Male,11.4,No,Rural,76.8,Secondary,69.9
2152,Male,14.5,Yes,Urban,53.1,Secondary,96.5
2153,Female,8.2,Yes,Urban,97.4,Tertiary,92.5
2154,Male,6.9,No,Rural,69.7,Secondary,58.7
2155,Male,15.4,No,Urban,54.7,Secondary,75.0
2156,Female,10.3,No,Urban,95.7,none,75.6
2157,Female,4.0,Yes,Urban,98.0,Tertiary,72.6
2158,Male,9.6,Yes,Urban,75.2,Secondary,82.8
2159,Male,4.9,No,Urban,80.2,Tertiary,56.3
2160,Female,9.1,Yes,Urban,51.1,Tertiary,76.3
2161,Female,10.8,No,Urban,81.7,Secondary,80.5
2162,Female,10.9,No,Rural,92.9,Primary,77.5
2163,Female,10.9,No,Rural,65.5,none,57.5
2164,Male,8.0,Yes,Urban,79.2,Secondary,80.4
2165,Male,10.8,Yes,Rural,91.7,Secondary,86.9
2166,Female,9.1,No,Urban,92.5,Secondary,77.8
2167,Male,7.2,No,Urban,57.5,Secondary,59.0
2168,Female,5.3,Yes,Urban,60.4,Primary,58.6
2169,Female,8.9,No,Urban,74.6,Primary,66.4
2170,Male,3.6,No,Urban,75.8,Tertiary,53.7
2171,Female,14.4,Yes,Urban,59.1,Primary,93.9
2172,Female,5.4,No,Urban,61.8,Secondary,40.6
2173,Male,14.5,Yes,Rural,63.9,Secondary,87.3
2174,Male,6.0,No,Rural,90.0,Tertiary,56.2
2175,Female,10.1,No,Urban,78.6,none,63.7
2176,Male,9.0,No,Urban,69.3,Primary,53.6
2177,Male,11.8,Yes,Urban,61.6,Primary,75.2
2178,Male,9.4,Yes,Urban,94.6,Secondary,94.2
2179,Male,10.7,No,Rural,82.2,none,64.4
2180,Male,7.2,No,Rural,89.8,Primary,54.5
2181,Male,10.1,No,Rural,51.8,Tertiary,61.7
2182,Female,8.1,No,Urban,97.1,Secondary,81.0
2183,Male,6.8,No,Urban,50.1,Primary,40.4
2184,Female,9.1,No,Urban,95.6,Tertiary,81.3
2185,Female,4.5,Yes,Rural,87.4,Tertiary,61.9
2186,Female,8.6,No,Urban,60.3,Primary,58.3
2187,Male,11.2,Yes,Urban,76.2,Tertiary,93.5
2188,Male,5.5,No,Rural,59.4,Tertiary,46.7
2189,Female,16.0,No,Rural,70.6,Tertiary,95.7
2190,Female,13.4,No,Urban,60.6,none,80.1
2191,Female,15.3,No,Urban,97.8,Secondary,97.1
2192,Female,9.4,Yes,Urban,93.3,Primary,90.4
2193,Male,9.5,No,Urban,58.4,Primary,65.3
2194,Female,7.5,No,Rural,64.0,Primary,51.6
2195,Male,5.4,No,Urban,88.4,Tertiary,64.3
2196,Female,13.2,Yes,Urban,89.2,Secondary,100.0
2197,Male,5.0,No,Rural,81.7,Secondary,45.7
2198,Male,6.4,No,Urban,84.6,Primary,58.6
2199,Female,5.0,No,Rural,70.1,Primary,44.3
2200,Female,1.6,No,Urban,89.2,Secondary,45.2
2201,Female,8.0,No,Urban,98.7,Secondary,60.2
2202,Female,6.5,Yes,Urban,79.2,Secondary,65.8
2203,Male,14.6,No,Urban,65.1,none,74.3
2204,Male,14.0,Yes,Urban,85.7,Secondary,90.0
2205,Male,12.0,No,Rural,65.1,Primary,61.1
2206,Male,11.5,No,Rural,95.5,Tertiary,83.4
2207,Male,12.6,No,Urban,52.8,Secondary,72.5
2208,Female,8.4,No,Urban,61.6,Secondary,56.1
2209,Male,7.8,Yes,Rural,56.3,Tertiary,56.6
2210,Female,9.7,No,Urban,71.7,Secondary,65.1
2211,Male,16.0,No,Rural,73.2,Tertiary,91.0
2212,Male,5.7,No,Urban,79.5,Secondary,53.2
2213,Female,11.5,Yes,Rural,54.8,Tertiary,80.3
2214,Male,11.3,Yes,Rural,83.7,none,81.2
2215,Male,5.2,No,Urban,78.4,Tertiary,58.0
2216,Female,11.1,No,Urban,54.6,none,64.5
2217,Male,5.7,No,Urban,51.4,Primary,45.9
2218,Female,13.0,No,Urban,73.2,Tertiary,81.0
2219,Male,8.4,No,Urban,60.5,Tertiary,58.1
2220,Female,14.8,No,Rural,73.1,Secondary,87.3
2221,Male,9.3,No,Rural,64.3,Tertiary,54.3
2222,Male,8.6,No,Urban,58.2,Secondary,63.1
2223,Female,7.4,No,Rural,71.4,none,56.4
2224,Female,11.3,Yes,Rural,68.8,none,82.2
2225,Male,11.6,No,Rural,57.6,Tertiary,73.2
2226,Male,7.9,No,Rural,66.9,Primary,50.3
2227,Male,7.9,No,Urban,67.5,Secondary,54.0
2228,Male,14.8,No,Urban,67.1,Secondary,87.3
2229,Male,4.8,No,Urban,89.8,Primary,57.9
2230,Female,13.1,No,Urban,80.4,Tertiary,79.7
2231,Female,9.6,Yes,Urban,59.7,none,73.7
2232,Male,11.8,Yes,Urban,79.3,Secondary,85.1
2233,Female,14.5,No,Urban,79.6,Tertiary,82.4
2234,Female,9.4,No,Rural,50.7,none,48.9
2235,Male,7.4,Yes,Urban,73.1,Primary,66.6
2236,Male,7.6,No,Urban,83.6,Tertiary,68.0
2237,Male,13.9,No,Rural,91.0,Secondary,87.8
2238,Female,13.0,Yes,Urban,69.5,Secondary,98.5
2239,Male,14.4,No,Rural,92.0,Tertiary,89.6
2240,Female,13.8,No,Rural,96.3,Tertiary,87.9
2241,Female,11.5,No,Urban,57.5,Primary,77.0
2242,Female,9.0,No,Urban,58.1,Secondary,54.5
2243,Female,16.0,No,Urban,88.1,Primary,100.0
2244,Female,9.3,No,Rural,59.9,Secondary,59.3
2245,Female,16.0,Yes,Urban,84.5,Tertiary,100.0
2246,Female,9.7,No,Rural,85.0,none,60.6
2247,Female,13.4,No,Urban,62.4,Secondary,78.0
2248,Female,9.1,Yes,Urban,52.7,Secondary,75.6
2249,Male,5.2,No,Rural,87.3,Secondary,44.7
2250,Female,13.1,Yes,Rural,62.2,Secondary,93.4
2251,Female,9.3,No,Urban,91.5,Secondary,70.0
2252,Female,12.1,No,Urban,52.4,Tertiary,75.0
2253,Female,7.5,No,Rural,80.2,Secondary,62.6
2254,Male,12.0,No,Urban,91.6,Tertiary,85.1
2255,Male,7.3,Yes,Urban,59.4,Tertiary,62.2
2256,Male,12.3,No,Urban,51.3,Tertiary,67.3
2257,Male,16.0,No,Urban,65.7,Secondary,83.6
2258,Female,13.3,No,Rural,98.6,Tertiary,83.3
2259,Female,7.1,No,Urban,80.8,Primary,62.1
2260,Female,8.5,No,Urban,61.1,Primary,51.4
2261,Male,15.3,No,Urban,99.5,Secondary,98.0
2262,Female,8.0,No,Urban,74.4,Secondary,55.7
2263,Male,10.0,No,Urban,60.3,Primary,54.8
2264,Male,8.9,No,Rural,93.1,Secondary,56.6
2265,Female,7.7,No,Rural,83.2,Tertiary,62.1
2266,Male,14.3,No,Urban,62.1,none,67.9
2267,Male,10.7,No,Rural,88.5,Secondary,72.3
2268,Female,10.1,Yes,Urban,79.6,Secondary,86.7
2269,Female,11.1,No,Rural,51.4,Tertiary,59.6
2270,Male,13.7,No,Urban,94.0,Primary,85.0
2271,Male,7.7,Yes,Urban,78.8,Tertiary,84.6
2272,Female,0.0,No,Urban,69.4,Tertiary,33.7
2273,Male,7.1,Yes,Urban,72.2,Primary,71.7
2274,Male,7.4,No,Urban,95.0,Tertiary,66.1
2275,Male,11.3,No,Urban,81.2,Secondary,73.6
2276,Female,15.5,Yes,Rural,89.8,Secondary,100.0
2277,Male,3.1,No,Urban,98.5,Secondary,52.3
2278,Male,9.3,No,Rural,97.8,Primary,68.8
2279,Male,8.8,No,Urban,74.6,Secondary,57.5
2280,Female,16.0,No,Urban,66.5,none,90.9
2281,Male,1.7,No,Urban,68.7,Tertiary,33.7
2282,Female,7.7,No,Urban,60.5,Secondary,56.8
2283,Male,9.5,No,Urban,91.2,Tertiary,71.1
2284,Female,7.2,Yes,Rural,73.0,Secondary,69.2
2285,Female,10.1,Yes,Urban,75.0,Primary,83.9
2286,Female,14.5,Yes,Rural,56.2,Secondary,86.1
2287,Female,4.1,No,Rural,96.0,Tertiary,53.8
2288,Male,7.9,No,Rural,60.1,Secondary,51.9
2289,Female,9.0,Yes,Urban,68.9,Tertiary,78.8
2290,Male,5.3,No,Rural,68.2,Primary,48.3
2291,Female,10.5,No,Urban,93.6,none,69.8
2292,Female,9.0,No,Urban,57.6,none,48.0
2293,Male,12.1,No,Rural,91.0,Primary,66.7
2294,Male,16.0,No,Urban,76.4,Secondary,92.9
2295,Male,4.5,No,Urban,64.6,Primary,34.5
2296,Female,10.0,No,Rural,85.3,Secondary,67.0
2297,Female,9.8,No,Urban,58.9,Secondary,65.1
2298,Male,9.7,No,Urban,98.8,none,53.1
2299,Female,10.7,Yes,Urban,50.1,Tertiary,86.5
2300,Female,6.1,No,Rural,64.6,Secondary,43.0
2301,Male,11.3,Yes,Rural,64.1,Primary,72.5
2302,Male,9.3,Yes,Urban,69.7,Tertiary,82.3
2303,Male,13.9,No,Urban,57.1,Primary,64.1
2304,Male,5.3,No,Urban,93.7,Primary,54.9
2305,Female,10.3,No,Urban,68.9,Tertiary,62.0
2306,Female,10.6,Yes,Rural,82.9,Tertiary,87.3
2307,Male,14.6,Yes,Urban,68.9,Secondary,100.0
2308,Female,8.2,No,Urban,91.9,Tertiary,71.3
2309,Female,16.0,No,Rural,82.9,Secondary,87.4
2310,Female,6.6,Yes,Urban,56.8,none,55.9
2311,Female,10.3,No,Urban,54.7,Tertiary,70.8
2312,Female,1.7,No,Urban,87.4,Primary,37.2
2313,Female,13.9,No,Urban,82.4,Secondary,90.2
2314,Male,11.0,No,Rural,61.7,Tertiary,61.8
2315,Female,13.2,No,Urban,71.5,Secondary,84.3
2316,Female,7.1,No,Urban,69.3,Tertiary,66.3
2317,Female,8.2,No,Rural,63.6,Secondary,54.1
2318,Male,14.3,No,Urban,94.8,Secondary,94.3
2319,Female,13.1,Yes,Urban,68.8,Tertiary,93.5
2320,Female,14.2,No,Urban,87.7,Tertiary,88.9
2321,Female,5.3,Yes,Urban,89.9,Tertiary,73.2
2322,Female,9.9,No,Rural,95.5,none,76.6
2323,Female,11.2,No,Rural,52.5,Secondary,61.3
2324,Male,7.0,No,Rural,81.8,Tertiary,57.8
2325,Female,5.9,No,Rural,55.7,none,42.7
2326,Female,14.5,No,Urban,61.6,Tertiary,92.5
2327,Male,7.4,Yes,Rural,88.0,Secondary,74.6
2328,Male,11.9,No,Urban,87.4,Primary,84.7
2329,Female,11.8,No,Rural,83.2,Secondary,80.3
2330,Female,9.0,Yes,Urban,63.9,none,63.7
2331,Female,12.9,No,Urban,63.6,none,75.2
2332,Male,6.1,Yes,Urban,99.2,Secondary,76.1
2333,Female,9.4,No,Urban,89.9,Primary,77.7
2334,Male,12.3,No,Urban,95.8,Primary,84.2
2335,Female,11.5,Yes,Urban,62.3,Tertiary,86.7
2336,Male,3.2,No,Rural,70.0,Secondary,42.2
2337,Male,6.3,No,Rural,64.6,none,50.3
2338,Male,8.4,No,Urban,98.3,Primary,70.9
2339,Female,10.2,No,Rural,78.2,Primary,76.9
2340,Female,0.9,Yes,Urban,76.3,Tertiary,61.8
2341,Female,13.4,No,Rural,89.8,Secondary,88.9
2342,Female,7.9,No,Rural,68.8,Secondary,68.0
2343,Female,6.3,No,Urban,89.1,Secondary,61.8
2344,Male,6.8,No,Rural,88.8,Tertiary,58.4
2345,Female,11.5,No,Rural,79.4,none,68.2
2346,Female,9.9,No,Urban,57.9,Secondary,71.4
2347,Female,7.6,No,Urban,60.0,Primary,51.8
2348,Male,3.6,No,Urban,63.1,Tertiary,45.3
2349,Female,7.4,No,Urban,96.8,Secondary,62.6
2350,Female,6.6,Yes,Urban,61.4,Tertiary,80.9
2351,Female,11.4,No,Urban,90.9,Secondary,79.8
2352,Male,2.2,No,Urban,53.3,Tertiary,44.3
2353,Female,11.8,No,Urban,67.9,Secondary,80.6
2354,Female,13.2,Yes,Urban,74.3,Secondary,100.0
2355,Male,4.9,No,Rural,64.7,Tertiary,42.1
2356,Female,1.7,Yes,Urban,52.0,Primary,47.3
2357,Male,11.9,No,Urban,65.8,Secondary,69.5
2358,Female,16.0,No,Urban,79.1,none,91.1
2359,Female,9.5,No,Rural,80.2,Tertiary,66.8
2360,Male,9.5,Yes,Urban,73.9,Tertiary,76.9
2361,Male,13.0,Yes,Urban,98.7,Primary,97.1
2362,Female,4.8,No,Urban,97.2,Tertiary,58.6
2363,Female,7.3,No,Rural,92.4,none,52.8
2364,Female,10.3,No,Urban,70.7,Tertiary,76.8
2365,Female,2.4,No,Urban,96.1,Tertiary,51.5
2366,Female,10.0,Yes,Urban,59.6,Secondary,77.5
2367,Male,16.0,No,Urban,80.2,Secondary,92.3
2368,Female,8.8,No,Rural,89.1,Tertiary,68.5
2369,Male,8.3,Yes,Urban,68.7,Primary,76.8
2370,Female,12.5,No,Urban,67.4,Secondary,73.9
2371,Female,11.3,No,Rural,71.7,Tertiary,65.8
2372,Female,8.9,Yes,Urban,84.3,none,83.6
2373,Male,13.0,No,Urban,54.4,Secondary,62.6
2374,Female,3.6,Yes,Rural,68.2,Tertiary,55.6
2375,Female,16.0,No,Urban,91.7,none,88.0
2376,Male,5.0,No,Rural,99.9,Primary,43.8
2377,Male,8.9,No,Urban,82.0,Primary,58.7
2378,Female,3.4,No,Urban,57.1,Primary,35.4
2379,Female,11.3,No,Urban,62.4,Tertiary,82.3
2380,Female,10.9,No,Rural,88.4,Secondary,76.5
2381,Female,2.8,No,Rural,84.7,Primary,39.9
2382,Male,13.9,Yes,Urban,74.0,Secondary,100.0
2383,Male,13.9,Yes,Urban,92.2,Secondary,100.0
2384,Female,4.9,Yes,Urban,69.9,Secondary,60.7
2385,Male,13.3,No,Urban,56.0,Secondary,72.0
2386,Male,16.0,Yes,Urban,51.6,Secondary,87.7
2387,Male,11.8,No,Rural,66.6,Secondary,68.4
2388,Male,13.6,No,Rural,86.4,Primary,72.3
2389,Male,10.0,No,Urban,81.0,none,68.6
2390,Female,10.4,No,Rural,99.5,Secondary,71.5
2391,Female,10.3,No,Rural,93.8,Secondary,73.1
2392,Male,6.9,No,Urban,61.9,Primary,50.4
2393,Female,10.5,No,Rural,78.6,Secondary,57.8
2394,Male,7.4,Yes,Urban,89.4,none,78.4
2395,Male,7.2,No,Urban,80.5,Secondary,63.1
2396,Male,7.5,No,Rural,66.2,Secondary,53.9
2397,Male,10.3,No,Rural,58.1,Tertiary,58.3
2398,Male,8.7,Yes,Urban,83.4,Secondary,80.5
2399,Female,6.7,No,Rural,77.9,Primary,51.5
2400,Female,12.6,Yes,Rural,86.5,Secondary,100.0
2401,Female,10.2,Yes,Rural,75.3,Primary,78.3
2402,Female,6.8,No,Urban,91.3,Tertiary,63.7
2403,Female,10.8,No,Rural,71.9,Tertiary,72.4
2404,Female,16.0,Yes,Urban,60.6,none,93.1
2405,Female,16.0,Yes,Rural,75.9,Tertiary,100.0
2406,Male,8.9,No,Urban,79.1,Secondary,57.0
2407,Female,11.8,No,Rural,54.0,Tertiary,68.8
2408,Female,2.6,Yes,Urban,62.5,Secondary,61.9
2409,Male,11.1,Yes,Urban,79.4,Secondary,91.2
2410,Female,12.3,No,Urban,68.5,none,72.3
2411,Male,6.7,No,Urban,80.8,Tertiary,56.9
2412,Female,13.0,Yes,Rural,71.3,Secondary,91.3
2413,Male,12.2,Yes,Urban,70.6,Primary,79.0
2414,Female,10.5,No,Rural,50.8,Primary,63.0
2415,Male,3.7,No,Urban,94.6,Secondary,51.4
2416,Female,14.6,Yes,Rural,80.5,Tertiary,100.0
2417,Male,9.4,No,Rural,72.9,Secondary,60.4
2418,Female,3.6,Yes,Urban,72.6,none,62.2
2419,Female,14.6,Yes,Urban,89.7,Tertiary,100.0
2420,Male,10.2,Yes,Urban,71.1,Secondary,78.2
2421,Male,12.7,Yes,Rural,86.9,none,93.0
2422,Female,9.1,No,Urban,91.5,Tertiary,75.4
2423,Female,10.8,Yes,Urban,85.9,Secondary,87.7
2424,Female,15.0,Yes,Urban,79.2,Secondary,100.0
2425,Male,6.6,No,Urban,63.1,Secondary,54.2
2426,Male,11.7,Yes,Rural,90.0,Secondary,90.7
2427,Male,10.2,No,Rural,78.4,Primary,66.4
2428,Male,9.6,No,Rural,68.7,Tertiary,54.7
2429,Male,11.1,No,Rural,54.0,Tertiary,71.9
2430,Male,9.3,Yes,Urban,50.6,Secondary,73.2
2431,Female,14.5,No,Urban,91.9,Primary,83.4
2432,Male,6.0,Yes,Rural,59.0,Tertiary,65.9
2433,Female,4.7,No,Urban,71.9,Tertiary,50.3
2434,Male,9.2,No,Urban,74.7,none,60.9
2435,Male,14.5,No,Rural,85.0,Tertiary,84.5
2436,Male,8.0,Yes,Urban,72.7,Secondary,72.7
2437,Female,9.8,No,Urban,82.1,none,64.0
2438,Male,6.0,Yes,Urban,57.1,Secondary,57.1
2439,Female,5.9,No,Rural,78.1,Secondary,47.4
2440,Female,12.5,No,Urban,63.4,Tertiary,86.2
2441,Male,10.9,Yes,Rural,96.0,Tertiary,89.3
2442,Male,13.6,Yes,Rural,89.3,Primary,100.0
2443,Male,13.1,Yes,Rural,86.0,Tertiary,100.0
2444,Female,4.0,No,Urban,52.7,Primary,42.9
2445,Female,8.2,No,Rural,83.1,Primary,56.0
2446,Male,6.3,Yes,Urban,71.5,Tertiary,68.3
2447,Male,5.8,No,Rural,51.0,Primary,33.5
2448,Male,8.1,No,Rural,85.2,Tertiary,60.8
2449,Female,15.8,No,Urban,82.8,Tertiary,85.7
2450,Female,13.8,No,Rural,58.9,Primary,75.7
2451,Male,10.6,Yes,Rural,96.7,Tertiary,96.8
2452,Male,9.7,No,Urban,60.7,none,56.7
2453,Male,12.0,No,Rural,82.8,Tertiary,71.9
2454,Female,10.0,No,Urban,80.7,none,68.7
2455,Female,6.3,No,Urban,58.4,Tertiary,49.6
2456,Female,2.8,No,Urban,81.1,Secondary,50.0
2457,Male,2.5,No,Urban,92.0,Secondary,45.5
2458,Female,10.6,No,Rural,92.9,Secondary,68.6
2459,Male,9.2,No,Rural,85.0,Secondary,67.6
2460,Female,7.4,Yes,Rural,95.3,Secondary,77.9
2461,Male,15.5,Yes,Rural,74.5,Primary,100.0
2462,Female,9.8,No,Urban,58.4,Secondary,61.4
2463,Female,7.6,Yes,Rural,64.1,Tertiary,70.9
2464,Male,10.4,No,Urban,58.2,Tertiary,72.5
2465,Female,16.0,No,Urban,64.3,Secondary,94.0
2466,Male,14.6,No,Urban,85.1,Tertiary,89.3
2467,Female,10.1,No,Urban,90.3,Tertiary,73.8
2468,Male,11.7,Yes,Rural,71.4,Tertiary,93.0
2469,Male,14.4,No,Urban,67.6,Primary,80.7
2470,Female,7.0,No,Rural,61.2,Primary,54.7
2471,Female,10.6,Yes,Rural,70.6,Secondary,78.8
2472,Female,13.2,No,Rural,91.1,none,90.8
2473,Male,11.3,No,Rural,82.7,Tertiary,74.4
2474,Male,13.3,No,Urban,86.6,Secondary,82.7
2475,Female,8.3,No,Rural,71.5,Secondary,57.3
2476,Male,8.4,Yes,Urban,76.1,Secondary,69.4
2477,Female,12.8,No,Rural,74.8,Tertiary,78.4
2478,Male,12.2,No,Urban,86.5,Tertiary,75.0
2479,Male,15.0,No,Urban,92.9,Primary,92.0
2480,Female,4.0,No,Urban,98.2,Secondary,46.3
2481,Male,6.9,Yes,Urban,59.7,Secondary,68.1
2482,Male,11.8,No,Urban,94.4,none,76.2
2483,Male,4.4,No,Urban,54.2,Secondary,40.1
2484,Female,11.0,No,Rural,96.5,Tertiary,70.1
2485,Male,3.8,No,Rural,74.3,Tertiary,38.7
2486,Male,16.0,No,Rural,81.0,Tertiary,91.0
2487,Female,12.5,No,Urban,61.3,Primary,65.4
2488,Male,6.5,No,Urban,52.0,none,36.9
2489,Female,11.0,No,Urban,64.7,Primary,69.8
2490,Female,8.2,Yes,Urban,77.1,none,71.8
2491,Male,6.1,No,Rural,78.6,Tertiary,50.4
2492,Female,11.5,No,Rural,71.3,Primary,62.5
2493,Female,5.7,Yes,Rural,60.6,Secondary,49.1
2494,Female,3.5,No,Urban,78.9,none,34.8
2495,Female,11.2,No,Rural,56.4,Secondary,63.5
2496,Female,10.9,No,Urban,86.4,Secondary,66.4
2497,Male,9.0,No,Rural,95.4,Primary,66.6
2498,Male,4.6,Yes,Rural,54.5,Tertiary,55.7
2499,Male,7.6,No,Urban,78.6,Secondary,56.1
2500,Female,13.0,No,Rural,66.8,Secondary,81.2
2501,Female,16.0,No,Rural,73.8,Tertiary,92.3
2502,Male,14.0,No,Rural,83.8,Secondary,82.9
2503,Female,8.9,No,Urban,93.1,Secondary,66.2
2504,Female,6.0,No,Rural,98.5,Tertiary,67.6
2505,Female,14.2,No,Urban,51.2,Secondary,75.0
2506,Male,11.2,No,Urban,78.0,Secondary,73.5
2507,Female,5.2,No,Rural,64.0,Primary,47.2
2508,Female,13.2,Yes,Urban,83.4,Tertiary,100.0
2509,Female,9.4,Yes,Rural,79.7,Secondary,76.5
2510,Female,5.5,No,Urban,55.2,none,45.9
2511,Female,10.9,No,Urban,54.6,Secondary,62.7
2512,Female,5.8,Yes,Rural,59.7,none,54.8
2513,Female,16.0,No,Urban,63.9,Tertiary,86.9
2514,Female,16.0,Yes,Urban,52.0,Primary,100.0
2515,Male,16.0,No,Rural,76.2,Secondary,87.9
2516,Female,11.7,Yes,Rural,54.6,Primary,72.0
2517,Female,7.8,No,Urban,88.6,Secondary,66.2
2518,Male,13.1,No,Urban,91.6,Secondary,91.2
2519,Male,4.0,Yes,Urban,86.6,Tertiary,66.7
2520,Male,13.2,No,Urban,78.5,Secondary,77.5
2521,Female,9.4,No,Urban,58.3,Tertiary,61.1
2522,Female,10.8,No,Urban,93.3,Tertiary,81.5
2523,Female,15.1,Yes,Rural,79.5,Secondary,100.0
2524,Male,4.8,No,Urban,86.8,Tertiary,58.4
2525,Male,11.8,No,Urban,69.9,Primary,72.4
2526,Male,5.4,No,Urban,85.1,Primary,52.4
2527,Female,0.0,No,Rural,68.8,Tertiary,24.6
2528,Male,9.5,No,Urban,79.4,Primary,57.7
2529,Female,9.6,No,Urban,68.2,Secondary,62.1
2530,Female,12.2,Yes,Urban,52.3,Secondary,82.2
2531,Male,9.9,No,Urban,89.7,Secondary,62.2
2532,Female,12.9,No,Urban,69.0,Secondary,79.1
2533,Male,16.0,Yes,Urban,73.3,Secondary,100.0
2534,Female,10.8,Yes,Rural,57.4,Secondary,83.7
2535,Male,14.7,Yes,Urban,80.3,Secondary,100.0
2536,Female,10.3,No,Rural,62.0,none,60.9
2537,Male,8.6,Yes,Urban,91.7,Primary,77.4
2538,Female,6.0,No,Rural,98.7,Secondary,55.2
2539,Male,11.7,No,Rural,61.2,Secondary,63.7
2540,Male,10.9,No,Urban,78.0,Primary,72.3
2541,Female,5.2,No,Urban,70.7,none,50.0
2542,Female,10.4,No,Rural,92.2,Primary,80.3
2543,Male,13.5,No,Urban,50.4,Secondary,61.6
2544,Female,4.2,No,Urban,71.6,Secondary,50.1
2545,Male,15.6,No,Rural,84.2,Primary,88.1
2546,Male,5.5,No,Urban,95.0,none,51.4
2547,Male,10.5,No,Urban,90.0,none,66.0
2548,Female,5.9,No,Rural,71.0,Tertiary,38.0
2549,Male,10.2,No,Urban,87.2,Secondary,68.4
2550,Male,4.0,Yes,Urban,61.0,Tertiary,56.7
2551,Female,9.1,No,Urban,80.3,Primary,67.3
2552,Female,9.8,Yes,Urban,82.1,Primary,80.4
2553,Male,13.7,Yes,Rural,82.6,none,85.0
2554,Female,8.1,Yes,Rural,57.3,Secondary,77.4
2555,Female,9.1,No,Urban,60.7,Secondary,57.2
2556,Male,12.6,No,Rural,65.9,Primary,70.7
2557,Female,3.1,No,Rural,79.1,Secondary,41.9
2558,Male,13.1,No,Urban,75.4,Primary,81.6
2559,Male,10.0,No,Urban,56.5,Primary,68.7
2560,Male,13.6,Yes,Urban,76.7,Secondary,100.0
2561,Male,9.3,No,Urban,84.9,Secondary,65.8
2562,Male,10.3,No,Urban,59.3,Secondary,60.4
2563,Male,13.4,No,Urban,78.2,Secondary,75.7
2564,Male,9.8,No,Urban,76.0,Primary,72.1
2565,Male,12.3,Yes,Urban,83.0,none,85.8
2566,Female,8.8,No,Urban,85.3,Secondary,63.6
2567,Male,9.4,No,Rural,72.1,Tertiary,61.1
2568,Female,8.4,No,Rural,79.8,Tertiary,61.6
2569,Male,5.0,No,Urban,53.6,Tertiary,45.0
2570,Female,16.0,Yes,Rural,62.9,Primary,100.0
2571,Male,5.9,Yes,Urban,71.3,Secondary,66.1
2572,Male,3.4,Yes,Urban,93.0,Secondary,64.7
2573,Male,6.5,No,Urban,97.0,Primary,56.2
2574,Female,5.6,No,Rural,97.5,Secondary,57.0
2575,Male,8.1,No,Rural,71.5,Secondary,59.5
2576,Female,3.9,Yes,Rural,77.4,Primary,57.1
2577,Male,10.9,No,Rural,72.1,Tertiary,68.9
2578,Female,16.0,No,Rural,52.9,Tertiary,80.2
2579,Female,10.2,No,Urban,94.2,Secondary,70.4
2580,Male,13.7,No,Urban,82.1,none,75.1
2581,Female,6.1,Yes,Urban,57.5,Secondary,59.2
2582,Male,9.6,Yes,Urban,60.6,Tertiary,72.0
2583,Male,10.8,No,Urban,84.8,Secondary,73.7
2584,Male,16.0,No,Urban,78.5,Tertiary,100.0
2585,Male,16.0,No,Rural,75.9,Secondary,88.2
2586,Male,16.0,No,Rural,88.3,Tertiary,83.4
2587,Male,13.5,No,Rural,57.1,Secondary,64.9
2588,Male,2.9,No,Rural,57.5,Tertiary,30.8
2589,Male,9.3,No,Rural,90.5,Secondary,57.5
2590,Female,7.5,No,Rural,78.6,Secondary,49.9
2591,Female,11.6,No,Urban,85.9,Primary,77.1
2592,Male,16.0,No,Urban,59.4,Primary,77.1
2593,Female,9.9,No,Rural,51.1,Secondary,60.4
2594,Female,12.2,No,Urban,77.5,Secondary,84.5
2595,Female,7.8,No,Rural,88.7,none,58.2
2596,Male,16.0,Yes,Rural,53.6,none,76.8
2597,Female,7.8,No,Rural,93.3,none,52.9
2598,Female,7.9,No,Urban,67.1,Secondary,64.5
2599,Female,12.3,No,Rural,78.7,Secondary,78.9
2600,Male,7.2,No,Urban,67.9,Secondary,56.8
2601,Male,15.3,No,Urban,68.6,Secondary,93.3
2602,Female,13.2,No,Rural,56.2,Secondary,70.2
2603,Male,3.3,No,Urban,63.6,Secondary,41.0
2604,Male,7.9,Yes,Urban,74.4,Tertiary,73.1
2605,Female,12.8,No,Rural,68.7,Tertiary,77.9
2606,Male,13.3,No,Urban,65.7,Secondary,73.8
2607,Male,8.3,No,Urban,90.1,Secondary,67.7
2608,Male,9.2,Yes,Rural,50.4,Secondary,76.7
2609,Female,7.6,No,Urban,76.8,Primary,54.5
2610,Female,6.8,No,Urban,73.8,Primary,41.8
2611,Male,5.8,No,Rural,84.3,Tertiary,54.2
2612,Female,6.7,Yes,Urban,80.1,Secondary,63.3
2613,Female,11.5,Yes,Rural,60.0,Tertiary,94.8
2614,Male,5.4,No,Urban,56.6,Secondary,47.3
2615,Male,9.8,No,Rural,51.7,Tertiary,55.9
2616,Female,15.5,Yes,Urban,60.8,Primary,98.7
2617,Male,12.5,No,Urban,65.2,Tertiary,73.9
2618,Female,14.7,No,Urban,96.2,Tertiary,98.2
2619,Female,9.9,No,Rural,69.2,none,53.5
2620,Female,13.1,No,Rural,77.3,Tertiary,75.5
2621,Male,3.0,No,Urban,65.9,Secondary,45.0
2622,Male,2.6,No,Urban,85.8,Secondary,42.1
2623,Male,8.1,Yes,Urban,95.1,Tertiary,93.8
2624,Female,4.9,No,Urban,75.3,Primary,48.4
2625,Female,6.1,No,Rural,81.2,Secondary,57.0
2626,Female,10.5,No,Urban,53.6,Tertiary,64.6
2627,Female,9.8,Yes,Rural,85.7,Secondary,84.2
2628,Male,4.9,Yes,Rural,54.8,Secondary,52.3
2629,Male,12.0,No,Rural,96.2,Tertiary,83.6
2630,Female,10.8,No,Urban,63.9,Tertiary,79.8
2631,Female,8.3,No,Urban,96.9,Secondary,72.6
2632,Male,7.2,No,Rural,81.0,Tertiary,54.5
2633,Male,16.0,No,Rural,60.7,Primary,82.0
2634,Female,14.2,Yes,Urban,94.7,Secondary,100.0
2635,Female,11.1,Yes,Urban,57.2,Tertiary,86.5
2636,Female,9.0,No,Urban,56.6,Tertiary,58.4
2637,Female,11.5,No,Urban,72.4,Secondary,73.9
2638,Female,12.1,No,Rural,62.5,Primary,67.9
2639,Male,4.3,No,Urban,76.7,Secondary,51.4
2640,Female,6.5,Yes,Urban,72.3,Tertiary,70.7
2641,Female,12.5,No,Urban,96.7,Primary,81.8
2642,Female,9.7,No,Rural,54.7,none,49.7
2643,Female,12.5,Yes,Rural,54.3,none,78.0
2644,Female,7.7,No,Urban,67.5,Secondary,55.6
2645,Male,10.7,No,Urban,87.3,none,66.8
2646,Female,8.6,Yes,Urban,99.1,Tertiary,88.9
2647,Female,6.2,Yes,Rural,59.1,Tertiary,70.8
2648,Male,8.9,No,Rural,56.3,Tertiary,67.1
2649,Male,16.0,No,Urban,51.3,Secondary,89.1
2650,Female,10.1,Yes,Urban,50.3,none,73.4
2651,Male,7.5,Yes,Urban,64.9,Secondary,67.2
2652,Male,11.8,No,Rural,89.3,none,68.0
2653,Female,10.7,Yes,Urban,96.2,none,89.9
2654,Female,1.6,Yes,Urban,99.6,none,57.1
2655,Male,14.1,No,Urban,96.2,Primary,89.6
2656,Female,8.7,Yes,Rural,56.2,Secondary,69.2
2657,Female,15.5,No,Urban,86.4,Secondary,91.8
2658,Male,10.3,Yes,Rural,60.7,Tertiary,83.0
2659,Female,10.5,Yes,Rural,61.7,Tertiary,84.6
2660,Male,10.5,Yes,Rural,86.6,Primary,80.9
2661,Female,9.3,Yes,Urban,97.5,Secondary,87.9
2662,Male,12.3,No,Urban,99.9,Secondary,96.7
2663,Male,13.2,No,Rural,52.1,none,66.6
2664,Male,16.0,No,Rural,60.6,Tertiary,85.3
2665,Female,7.0,No,Urban,50.6,Secondary,49.4
2666,Male,10.1,No,Urban,96.2,Secondary,70.2
2667,Female,2.5,Yes,Rural,71.8,Primary,50.5
2668,Female,4.3,No,Rural,89.1,Tertiary,53.9
2669,Female,4.5,No,Rural,79.5,Secondary,43.8
2670,Female,10.0,No,Rural,64.7,Secondary,64.8
2671,Male,6.2,No,Rural,53.6,Secondary,36.7
2672,Female,11.2,Yes,Urban,57.9,Tertiary,85.8
2673,Male,4.3,No,Urban,85.5,Secondary,50.0
2674,Female,6.2,Yes,Rural,55.9,Tertiary,66.7
2675,Male,7.8,No,Urban,94.9,Secondary,60.3
2676,Female,12.4,Yes,Urban,79.5,Secondary,92.9
2677,Female,14.1,No,Rural,63.4,Tertiary,78.9
2678,Female,11.0,No,Rural,69.4,Secondary,59.0
2679,Female,13.6,Yes,Rural,91.2,Primary,100.0
2680,Female,9.1,No,Urban,83.7,Secondary,67.2
2681,Female,5.0,No,Urban,74.3,Primary,56.4
2682,Female,7.0,No,Rural,86.4,Primary,56.0
2683,Female,11.8,No,Urban,84.7,Secondary,80.1
2684,Male,14.5,Yes,Rural,55.6,Tertiary,89.5
2685,Female,15.3,Yes,Urban,71.8,Secondary,100.0
2686,Female,12.5,Yes,Urban,75.0,Secondary,95.8
2687,Female,12.2,No,Urban,60.9,none,69.9
2688,Male,11.1,Yes,Rural,77.7,Secondary,88.1
2689,Male,7.7,No,Urban,77.4,Secondary,56.2
2690,Male,11.2,Yes,Rural,79.0,Secondary,84.3
2691,Male,11.3,Yes,Urban,69.3,Primary,85.4
2692,Female,8.3,No,Urban,80.2,Secondary,62.3
2693,Female,6.6,Yes,Urban,57.5,none,58.5
2694,Female,2.9,No,Urban,69.2,Secondary,43.2
2695,Male,10.3,No,Urban,62.6,Primary,54.2
2696,Female,12.9,Yes,Rural,97.2,Secondary,98.3
2697,Female,7.5,No,Urban,71.1,Secondary,62.4
2698,Male,10.5,No,Urban,52.9,Tertiary,67.0
2699,Female,10.3,Yes,Rural,57.6,Secondary,75.7
2700,Male,9.0,No,Rural,78.9,Tertiary,68.9
2701,Female,16.0,Yes,Rural,91.5,Tertiary,100.0
2702,Female,13.4,No,Rural,83.4,none,76.1
2703,Male,2.2,Yes,Urban,93.9,Secondary,67.2
2704,Male,13.1,No,Rural,80.8,Primary,72.4
2705,Female,8.0,Yes,Rural,71.8,Primary,67.5
2706,Male,2.9,No,Urban,83.9,Secondary,45.0
2707,Female,8.6,No,Urban,90.7,Tertiary,70.2
2708,Female,13.3,No,Urban,94.3,none,88.6
2709,Male,14.7,Yes,Urban,55.6,Tertiary,95.2
2710,Female,13.1,No,Rural,89.0,Tertiary,88.3
2711,Male,7.9,No,Rural,91.1,Tertiary,70.6
2712,Female,10.1,No,Rural,51.5,none,59.0
2713,Male,12.6,No,Urban,60.9,Secondary,68.1
2714,Male,11.1,No,Urban,87.0,Primary,70.0
2715,Female,4.6,No,Urban,60.2,Secondary,46.0
2716,Male,10.3,Yes,Rural,71.6,Primary,78.8
2717,Male,8.2,No,Urban,66.0,none,46.6
2718,Male,11.6,Yes,Rural,74.9,Secondary,87.5
2719,Female,1.5,No,Urban,99.3,Secondary,36.8
2720,Female,6.8,No,Rural,67.7,Tertiary,47.5
2721,Male,12.5,No,Urban,78.0,Primary,73.7
2722,Male,9.3,No,Urban,89.4,Secondary,77.4
2723,Male,11.3,No,Urban,62.6,Secondary,63.6
2724,Male,15.3,No,Rural,91.9,none,89.4
2725,Male,16.0,Yes,Rural,94.6,Tertiary,100.0
2726,Female,8.6,No,Rural,79.4,Tertiary,68.6
2727,Female,9.3,No,Urban,50.9,Secondary,60.1
2728,Male,12.7,No,Rural,53.8,Tertiary,69.3
2729,Female,11.0,Yes,Rural,80.2,Secondary,84.6
2730,Male,14.1,No,Urban,77.4,none,81.3
2731,Male,2.6,No,Urban,66.7,Secondary,37.3
2732,Male,11.4,No,Rural,63.0,Secondary,64.2
2733,Female,4.1,No,Urban,56.7,Tertiary,48.2
2734,Female,8.9,No,Rural,93.5,Primary,59.9
2735,Female,7.2,Yes,Rural,70.6,Secondary,67.3
2736,Male,7.3,No,Urban,62.5,Secondary,56.0
2737,Male,4.2,No,Rural,66.1,Secondary,42.9
2738,Male,0.0,No,Rural,94.3,none,18.9
2739,Female,13.5,Yes,Rural,75.3,Secondary,86.4
2740,Female,14.6,Yes,Rural,92.5,none,100.0
2741,Female,12.5,Yes,Urban,78.4,Primary,85.8
2742,Female,9.3,Yes,Urban,72.1,Primary,75.6
2743,Male,12.2,Yes,Rural,62.4,Secondary,82.9
2744,Female,5.5,No,Urban,68.5,Secondary,49.3
2745,Male,11.2,No,Rural,74.6,Tertiary,79.8
2746,Male,8.5,No,Urban,83.2,Tertiary,67.4
2747,Female,15.9,No,Urban,80.3,Secondary,96.3
2748,Female,13.4,Yes,Rural,50.4,Secondary,88.0
2749,Female,16.0,No,Urban,55.0,Primary,93.2
2750,Female,8.5,No,Urban,70.2,Tertiary,63.6
2751,Female,11.2,No,Urban,68.6,Secondary,65.3
2752,Male,12.8,No,Urban,79.9,Secondary,84.7
2753,Male,10.7,Yes,Rural,77.3,Secondary,76.7
2754,Female,11.1,No,Rural,88.2,Tertiary,73.2
2755,Female,5.2,No,Urban,99.4,Tertiary,59.4
2756,Male,10.2,No,Rural,53.0,Secondary,55.5
2757,Female,8.5,No,Urban,82.2,Secondary,61.2
2758,Male,1.6,Yes,Rural,81.7,Tertiary,58.4
2759,Male,6.6,No,Rural,91.4,Secondary,52.9
2760,Male,12.9,Yes,Urban,53.7,none,89.0
2761,Male,12.7,No,Urban,84.5,Tertiary,81.2
2762,Female,3.8,No,Rural,99.0,Secondary,50.8
2763,Male,10.4,No,Rural,64.0,Secondary,65.5
2764,Female,4.2,No,Urban,65.7,Tertiary,46.9
2765,Female,12.1,Yes,Urban,91.6,Secondary,91.0
2766,Female,14.5,No,Urban,84.9,Primary,90.4
2767,Female,9.0,Yes,Urban,62.2,Secondary,76.4
2768,Female,14.7,Yes,Urban,76.5,Secondary,100.0
2769,Female,10.1,Yes,Urban,51.6,Tertiary,88.5
2770,Male,10.6,Yes,Urban,71.6,Tertiary,88.9
2771,Male,14.3,Yes,Urban,62.7,Secondary,89.5
2772,Male,9.2,No,Rural,96.0,none,64.6
2773,Female,14.7,No,Urban,51.7,Secondary,88.5
2774,Male,12.9,No,Urban,92.2,Secondary,83.2
2775,Female,9.3,No,Rural,98.1,Tertiary,70.5
2776,Male,12.4,Yes,Rural,78.9,Primary,100.0
2777,Male,7.1,Yes,Urban,57.6,Primary,71.4
2778,Female,15.3,Yes,Rural,61.0,none,98.3
2779,Male,8.1,Yes,Rural,66.9,Secondary,71.1
2780,Female,9.5,Yes,Rural,64.1,Primary,73.4
2781,Female,2.2,Yes,Urban,96.9,Tertiary,70.2
2782,Female,10.3,Yes,Urban,95.1,Secondary,92.6
2783,Male,6.4,Yes,Urban,78.3,Tertiary,74.6
2784,Female,7.3,Yes,Urban,85.7,Primary,83.0
2785,Female,7.7,No,Urban,52.9,Secondary,52.4
2786,Male,13.1,Yes,Urban,79.6,Tertiary,100.0
2787,Male,6.8,No,Urban,51.8,Tertiary,48.3
2788,Male,5.5,No,Rural,56.6,Secondary,39.1
2789,Female,9.9,No,Urban,65.9,Tertiary,71.7
2790,Male,13.0,No,Urban,50.8,Tertiary,73.7
2791,Female,9.9,No,Rural,74.1,Secondary,64.0
2792,Male,3.8,No,Urban,52.7,Tertiary,41.7
2793,Male,0.0,Yes,Urban,64.7,Tertiary,37.3
2794,Female,11.0,No,Rural,91.5,Primary,68.0
2795,Female,16.0,No,Urban,61.2,Tertiary,96.1
2796,Female,10.4,No,Rural,69.7,Primary,65.8
2797,Male,13.4,Yes,Rural,77.8,Primary,90.5
2798,Female,5.7,Yes,Rural,81.0,Primary,71.5
2799,Male,4.7,No,Urban,96.6,Tertiary,52.2
2800,Male,8.4,No,Rural,72.5,Secondary,54.9
2801,Female,10.7,No,Urban,99.6,Secondary,80.4
2802,Female,3.7,No,Urban,58.6,Tertiary,48.0
2803,Female,8.9,No,Rural,73.7,none,58.2
2804,Female,7.7,No,Urban,71.0,Primary,57.1
2805,Male,10.2,Yes,Rural,67.7,Tertiary,88.5
2806,Male,16.0,Yes,Urban,80.4,Secondary,100.0
2807,Female,15.5,No,Urban,70.7,Secondary,94.4
2808,Female,9.4,No,Rural,70.3,Secondary,65.3
2809,Male,12.2,No,Rural,97.0,Tertiary,82.4
2810,Male,11.5,No,Urban,97.3,Tertiary,83.9
2811,Male,7.8,No,Rural,53.0,none,42.0
2812,Female,11.5,Yes,Rural,61.0,Tertiary,84.6
2813,Female,11.5,No,Urban,86.0,Tertiary,78.4
2814,Male,12.6,No,Rural,63.0,Secondary,66.0
2815,Female,12.8,No,Urban,76.4,none,75.6
2816,Male,16.0,Yes,Rural,63.7,Secondary,86.8
2817,Female,6.7,Yes,Rural,69.2,Tertiary,67.0
2818,Male,11.9,No,Rural,68.7,Primary,67.2
2819,Female,13.1,No,Urban,75.4,Primary,86.0
2820,Female,12.4,No,Urban,65.7,Primary,71.6
2821,Male,5.7,Yes,Urban,79.4,none,64.4
2822,Male,9.6,Yes,Urban,83.7,Tertiary,74.7
2823,Male,7.4,No,Rural,79.3,Secondary,57.1
2824,Male,8.3,Yes,Urban,99.0,Tertiary,84.4
2825,Female,11.0,Yes,Rural,60.8,Primary,81.3
2826,Male,9.2,No,Rural,68.0,Secondary,63.6
2827,Female,11.7,No,Urban,67.2,Secondary,80.0
2828,Male,9.4,No,Urban,91.4,Tertiary,67.1
2829,Male,9.6,No,Urban,63.6,Secondary,62.6
2830,Male,6.3,No,Urban,66.7,Primary,43.5
2831,Female,11.1,Yes,Rural,86.0,Secondary,83.1
2832,Female,11.8,No,Urban,59.4,Secondary,79.0
2833,Female,12.9,Yes,Rural,69.4,Secondary,87.7
2834,Male,9.0,No,Rural,93.3,Tertiary,62.6
2835,Male,8.6,No,Urban,79.3,Secondary,64.1
2836,Female,16.0,No,Urban,82.5,Secondary,96.2
2837,Female,10.0,Yes,Urban,61.8,Secondary,74.6
2838,Female,2.9,No,Urban,50.3,Secondary,40.2
2839,Male,9.4,No,Urban,51.1,Tertiary,61.2
2840,Male,0.3,No,Urban,63.4,Secondary,24.6
2841,Female,16.0,No,Rural,97.9,Tertiary,100.0
2842,Male,14.3,No,Urban,71.4,Tertiary,85.9
2843,Female,9.7,No,Rural,65.2,Tertiary,65.0
2844,Female,10.2,Yes,Rural,62.2,Tertiary,74.2
2845,Female,9.5,No,Urban,99.6,Secondary,70.7
2846,Male,13.5,No,Rural,61.1,Primary,70.3
2847,Male,12.5,No,Rural,56.9,Tertiary,65.5
2848,Female,8.9,No,Rural,76.1,Primary,58.7
2849,Female,16.0,No,Rural,66.1,Primary,69.0
2850,Male,10.0,Yes,Urban,82.4,Secondary,82.0
2851,Female,7.6,No,Urban,63.6,Secondary,59.8
2852,Female,13.3,Yes,Rural,87.2,none,97.5
2853,Female,11.0,No,Urban,79.4,Secondary,80.7
2854,Female,4.0,No,Rural,85.3,Secondary,45.0
2855,Male,8.6,No,Rural,88.2,Tertiary,69.3
2856,Female,7.9,No,Urban,58.9,Tertiary,55.0
2857,Female,13.5,No,Urban,68.4,Secondary,76.8
2858,Male,16.0,Yes,Urban,60.0,Tertiary,100.0
2859,Female,14.6,No,Urban,81.9,Secondary,82.2
2860,Male,11.8,No,Rural,96.9,Primary,72.0
2861,Female,9.1,No,Urban,58.1,Tertiary,63.8
2862,Male,6.0,No,Urban,69.2,Primary,52.4
2863,Female,9.8,Yes,Rural,75.8,Secondary,80.8
2864,Male,2.1,Yes,Rural,82.7,Tertiary,53.4
2865,Female,9.6,Yes,Urban,58.3,Secondary,74.7
2866,Female,13.5,No,Urban,77.5,none,80.1
2867,Male,12.7,No,Urban,58.0,none,67.9
2868,Male,16.0,No,Rural,63.1,Tertiary,77.8
2869,Male,7.7,No,Urban,67.4,none,52.5
2870,Female,8.9,No,Urban,82.0,Tertiary,71.6
2871,Female,14.6,No,Rural,64.0,Tertiary,87.8
2872,Male,13.7,No,Urban,87.1,Secondary,84.8
2873,Male,16.0,No,Rural,99.4,Primary,93.8
2874,Female,5.6,Yes,Urban,64.7,Tertiary,66.6
2875,Male,13.6,No,Rural,66.9,Tertiary,77.4
2876,Male,14.8,No,Urban,70.9,Tertiary,87.9
2877,Male,11.4,No,Urban,93.9,Primary,67.5
2878,Male,16.0,No,Urban,63.6,Tertiary,87.3
2879,Male,11.8,No,Rural,71.5,Secondary,66.7
2880,Male,0.1,Yes,Urban,57.2,Secondary,36.1
2881,Male,14.5,No,Urban,68.3,Secondary,82.2
2882,Male,3.6,No,Rural,90.4,Primary,52.1
2883,Female,7.9,No,Rural,78.4,Secondary,55.1
2884,Male,12.1,No,Urban,76.7,Tertiary,75.9
2885,Male,16.0,No,Urban,92.2,Secondary,97.5
2886,Female,7.2,No,Urban,54.6,Tertiary,57.7
2887,Female,9.7,No,Urban,86.3,Primary,74.9
2888,Female,15.4,No,Urban,51.8,none,74.8
2889,Female,2.4,No,Rural,94.7,Primary,36.8
2890,Male,12.5,No,Rural,60.3,Primary,70.1
2891,Male,5.7,No,Rural,79.8,Secondary,53.7
2892,Female,2.3,No,Rural,55.6,Primary,29.1
2893,Female,10.0,Yes,Rural,77.4,Secondary,82.8
2894,Female,9.8,No,Urban,59.8,Tertiary,68.6
2895,Male,11.5,No,Urban,90.3,Tertiary,82.7
2896,Female,13.7,No,Rural,65.4,Tertiary,82.4
2897,Female,10.9,No,Urban,64.3,Secondary,69.4
2898,Male,16.0,No,Rural,69.0,Tertiary,95.2
2899,Male,15.2,Yes,Urban,61.2,Tertiary,99.8
2900,Female,6.9,No,Urban,79.8,Secondary,55.6
2901,Male,9.6,No,Rural,93.8,Tertiary,74.0
2902,Female,9.0,Yes,Rural,86.8,Secondary,81.9
2903,Female,2.5,Yes,Urban,89.2,Secondary,58.8
2904,Male,16.0,No,Urban,82.7,Secondary,90.8
2905,Female,8.2,No,Urban,65.1,Secondary,55.1
2906,Female,14.3,No,Rural,97.8,Tertiary,89.4
2907,Female,8.4,Yes,Urban,74.1,Tertiary,80.9
2908,Male,14.0,No,Urban,89.4,none,86.2
2909,Male,8.1,No,Urban,60.8,Secondary,52.2
2910,Male,14.5,No,Rural,72.0,Secondary,84.6
2911,Female,11.3,No,Urban,76.0,Tertiary,76.1
2912,Male,12.7,Yes,Urban,77.2,Primary,92.5
2913,Female,12.8,No,Urban,96.7,Tertiary,87.2
2914,Female,11.2,No,Urban,87.6,Primary,81.4
2915,Female,7.7,Yes,Urban,86.3,Tertiary,83.6
2916,Female,6.7,Yes,Rural,80.1,Tertiary,69.0
2917,Male,16.0,No,Urban,58.5,Tertiary,82.4
2918,Female,16.0,Yes,Urban,56.1,Tertiary,100.0
2919,Female,11.3,No,Rural,59.8,Secondary,74.6
2920,Female,15.0,Yes,Rural,68.5,Primary,90.6
2921,Female,7.6,No,Rural,96.8,Tertiary,66.3
2922,Male,10.8,Yes,Rural,91.1,Tertiary,82.3
2923,Female,3.6,No,Urban,55.4,Tertiary,46.7
2924,Female,7.0,Yes,Urban,92.4,Secondary,79.4
2925,Female,9.4,No,Rural,70.5,Tertiary,62.9
2926,Female,9.4,No,Urban,82.1,Primary,62.1
2927,Female,10.5,No,Urban,58.8,Tertiary,70.2
2928,Male,4.5,No,Rural,58.2,Primary,27.8
2929,Male,10.2,No,Urban,91.5,Tertiary,74.3
2930,Male,10.3,No,Rural,72.5,none,59.0
2931,Female,11.0,Yes,Urban,88.9,Tertiary,97.3
2932,Male,13.0,No,Rural,88.4,Tertiary,76.8
2933,Female,7.7,No,Urban,97.3,Tertiary,75.7
2934,Female,4.0,Yes,Urban,95.8,Secondary,66.0
2935,Female,11.8,Yes,Rural,82.6,Primary,87.0
2936,Male,11.5,Yes,Urban,80.7,none,91.4
2937,Female,11.2,No,Urban,92.6,Secondary,73.1
2938,Female,15.7,Yes,Rural,86.5,Secondary,100.0
2939,Male,10.8,Yes,Rural,71.7,Secondary,75.6
2940,Female,13.1,No,Rural,63.4,Primary,67.5
2941,Female,10.2,No,Urban,67.6,Tertiary,72.4
2942,Female,10.5,No,Urban,64.8,Tertiary,76.0
2943,Female,7.7,No,Urban,71.4,Tertiary,55.4
2944,Male,9.9,Yes,Urban,99.3,Secondary,85.4
2945,Male,10.8,No,Urban,95.4,Secondary,77.4
2946,Female,11.3,No,Urban,64.5,Secondary,65.0
2947,Female,15.3,No,Urban,60.6,Tertiary,91.4
2948,Male,15.7,No,Rural,52.0,Secondary,82.1
2949,Male,16.0,No,Urban,98.9,Tertiary,96.1
2950,Female,9.0,Yes,Rural,79.1,Secondary,80.4
2951,Male,10.4,No,Rural,98.3,Secondary,75.9
2952,Male,14.3,Yes,Urban,72.5,Secondary,100.0
2953,Female,10.2,No,Urban,57.1,Secondary,63.8
2954,Male,15.5,No,Urban,99.6,Tertiary,98.8
2955,Male,0.8,Yes,Urban,56.3,Secondary,37.7
2956,Male,16.0,Yes,Rural,53.6,Primary,89.7
2957,Male,7.2,Yes,Rural,56.7,Tertiary,74.8
2958,Male,9.7,No,Rural,87.1,Secondary,66.4
2959,Male,8.8,No,Urban,56.6,Secondary,61.7
2960,Female,13.3,No,Urban,78.6,Secondary,87.1
2961,Female,9.3,No,Urban,62.1,Primary,61.2
2962,Female,16.0,No,Urban,68.9,Secondary,82.8
2963,Male,12.3,No,Urban,67.6,Primary,78.4
2964,Male,9.2,Yes,Urban,73.2,Secondary,79.8
2965,Female,13.7,Yes,Urban,64.1,Secondary,94.4
2966,Male,12.5,Yes,Urban,93.5,Tertiary,99.6
2967,Female,9.3,No,Rural,99.1,Tertiary,71.1
2968,Male,15.0,Yes,Urban,75.8,Secondary,94.8
2969,Female,13.4,Yes,Rural,74.4,Secondary,90.8
2970,Female,14.8,No,Rural,79.8,Primary,76.5
2971,Female,5.9,No,Rural,54.7,Secondary,30.8
2972,Female,8.8,No,Rural,65.4,Secondary,65.3
2973,Female,8.4,No,Urban,87.7,Primary,71.3
2974,Female,13.4,Yes,Urban,79.7,Tertiary,99.0
2975,Male,14.0,No,Rural,91.6,Secondary,76.4
2976,Male,14.1,No,Rural,66.9,Secondary,76.4
2977,Male,8.6,No,Rural,66.6,Tertiary,53.1
2978,Female,7.2,No,Urban,73.2,Primary,61.9
2979,Male,8.8,No,Urban,64.4,Tertiary,66.9
2980,Female,15.9,No,Urban,64.0,none,85.9
2981,Male,16.0,No,Rural,70.0,Secondary,85.6
2982,Female,11.9,Yes,Rural,73.4,Secondary,85.2
2983,Female,8.5,No,Urban,81.7,Primary,79.5
2984,Male,8.8,No,Rural,68.4,Secondary,42.9
2985,Female,11.4,No,Urban,86.5,Tertiary,81.0
2986,Female,0.0,No,Urban,88.3,none,30.2
2987,Female,11.5,No,Urban,95.6,none,74.3
2988,Male,8.5,Yes,Rural,86.3,Tertiary,89.8
2989,Female,7.0,Yes,Rural,58.9,Tertiary,72.3
2990,Male,9.9,Yes,Rural,54.5,Secondary,79.5
2991,Female,6.5,Yes,Urban,52.5,Secondary,72.8
2992,Female,12.4,Yes,Urban,63.0,Secondary,86.6
2993,Female,9.7,Yes,Rural,66.9,Tertiary,81.9
2994,Female,13.9,No,Urban,67.5,none,82.7
2995,Female,1.9,Yes,Urban,50.4,Tertiary,53.5
2996,Female,11.3,Yes,Urban,58.5,Primary,93.4
2997,Male,3.8,Yes,Urban,52.6,Tertiary,61.1
2998,Male,7.6,No,Rural,99.3,Secondary,66.3
2999,Female,15.1,No,Rural,68.4,Tertiary,89.1
3000,Female,7.9,No,Rural,84.7,Primary,60.1
3001,Female,15.6,Yes,Rural,79.4,Primary,99.9
3002,Female,16.0,Yes,Rural,88.7,Primary,100.0
3003,Male,12.7,No,Urban,90.8,Secondary,73.9
3004,Male,12.3,Yes,Urban,69.8,Secondary,90.1
3005,Male,3.2,No,Rural,73.5,Primary,32.3
3006,Female,9.5,Yes,Urban,50.5,Primary,65.3
3007,Male,13.2,Yes,Rural,83.0,Tertiary,100.0
3008,Male,16.0,Yes,Urban,61.2,none,100.0
3009,Female,7.8,Yes,Urban,68.6,Tertiary,73.9
3010,Male,12.2,No,Urban,76.5,Secondary,70.7
3011,Male,8.8,No,Rural,72.0,Tertiary,58.3
3012,Male,9.5,No,Rural,79.9,Primary,60.7
3013,Female,14.3,Yes,Rural,98.0,Tertiary,100.0
3014,Male,10.7,No,Urban,87.6,Primary,67.3
3015,Female,5.3,No,Urban,94.0,none,58.4
3016,Female,3.6,No,Urban,78.6,Tertiary,45.7
3017,Male,14.6,No,Urban,96.3,Secondary,87.9
3018,Male,16.0,No,Urban,88.3,Secondary,89.3
3019,Male,2.8,No,Urban,82.4,Secondary,34.8
3020,Male,8.7,No,Rural,60.6,Primary,53.7
3021,Male,10.6,No,Urban,63.2,Secondary,66.1
3022,Male,8.8,Yes,Rural,63.2,none,72.7
3023,Female,10.1,Yes,Rural,62.4,Tertiary,91.4
3024,Female,10.8,Yes,Urban,60.2,Secondary,82.7
3025,Female,13.8,No,Urban,86.5,Primary,83.2
3026,Male,8.9,Yes,Rural,75.6,none,75.2
3027,Male,16.0,Yes,Urban,65.1,Tertiary,100.0
3028,Male,11.7,No,Urban,85.8,Secondary,76.8
3029,Female,8.4,No,Rural,84.9,Primary,66.9
3030,Female,11.5,No,Urban,82.2,Secondary,79.2
3031,Male,11.5,No,Urban,87.3,Secondary,76.1
3032,Female,6.7,No,Rural,60.5,Secondary,45.5
3033,Female,9.8,No,Rural,82.6,none,70.1
3034,Female,13.4,No,Urban,75.7,Secondary,86.8
3035,Male,11.7,Yes,Urban,97.6,Tertiary,96.7
3036,Female,8.1,No,Rural,65.0,Primary,55.8
3037,Male,12.8,No,Urban,51.7,Secondary,75.2
3038,Female,9.5,Yes,Urban,64.8,Primary,80.7
3039,Female,11.4,No,Rural,81.8,Secondary,79.3
3040,Female,9.2,Yes,Urban,93.5,Secondary,77.9
3041,Male,5.2,No,Rural,56.4,Secondary,45.0
3042,Male,9.9,Yes,Urban,65.0,Secondary,85.3
3043,Male,10.7,Yes,Urban,99.9,Tertiary,100.0
3044,Male,16.0,Yes,Rural,94.9,Secondary,100.0
3045,Male,16.0,No,Urban,57.4,Primary,85.2
3046,Male,12.3,No,Rural,60.5,Secondary,71.0
3047,Female,4.9,Yes,Urban,67.5,Tertiary,64.0
3048,Male,2.9,Yes,Rural,57.7,Secondary,52.4
3049,Female,1.1,No,Urban,96.7,Primary,41.9
3050,Male,16.0,Yes,Rural,74.5,Tertiary,96.0
3051,Male,10.3,No,Rural,50.1,Tertiary,57.3
3052,Male,11.7,No,Rural,51.7,Secondary,67.2
3053,Male,8.3,No,Rural,58.5,none,47.8
3054,Male,5.3,No,Urban,95.1,Tertiary,52.7
3055,Female,15.1,No,Rural,56.2,Secondary,79.9
3056,Male,10.1,No,Urban,67.9,Secondary,68.6
3057,Female,10.0,No,Rural,60.9,Tertiary,57.4
3058,Male,9.0,No,Urban,91.3,Secondary,68.6
3059,Male,14.3,No,Urban,95.4,Primary,95.9
3060,Female,10.2,No,Urban,91.3,Tertiary,79.2
3061,Female,9.5,No,Urban,73.0,Tertiary,69.4
3062,Male,15.3,No,Urban,60.9,Tertiary,95.0
3063,Female,15.0,No,Urban,59.6,none,92.9
3064,Male,6.9,No,Rural,81.9,none,52.6
3065,Female,11.4,No,Urban,74.9,Secondary,88.4
3066,Female,7.1,Yes,Urban,77.9,Tertiary,82.8
3067,Female,16.0,Yes,Rural,93.1,Primary,100.0
3068,Female,12.3,No,Urban,97.6,Tertiary,94.4
3069,Male,1.5,No,Urban,95.2,Tertiary,36.8
3070,Female,8.3,No,Rural,62.0,Tertiary,63.1
3071,Female,12.4,Yes,Rural,71.0,Secondary,83.0
3072,Female,9.6,Yes,Rural,78.4,Secondary,80.7
3073,Female,9.0,No,Urban,74.4,none,54.2
3074,Female,7.6,No,Urban,62.8,Tertiary,65.2
3075,Female,15.7,No,Urban,62.5,Primary,89.4
3076,Female,5.0,No,Urban,64.0,Primary,49.4
3077,Male,16.0,Yes,Rural,78.4,Tertiary,100.0
3078,Male,10.4,No,Urban,77.8,Secondary,80.9
3079,Male,14.3,Yes,Urban,86.3,Tertiary,99.8
3080,Female,12.2,Yes,Urban,62.0,Tertiary,96.0
3081,Male,9.3,No,Urban,96.5,Primary,80.6
3082,Female,11.5,No,Rural,60.6,Secondary,64.7
3083,Female,11.3,No,Rural,84.2,Secondary,83.1
3084,Male,2.9,No,Rural,80.3,Secondary,35.2
3085,Female,7.5,No,Urban,54.9,Secondary,56.5
3086,Female,13.5,Yes,Urban,59.6,Secondary,90.6
3087,Male,9.8,No,Urban,90.9,none,64.0
3088,Female,10.6,No,Urban,96.6,Primary,83.3
3089,Male,7.5,No,Rural,71.6,Secondary,54.0
3090,Female,5.0,No,Urban,96.5,none,55.2
3091,Female,6.3,No,Urban,50.1,Tertiary,47.5
3092,Male,4.5,Yes,Urban,77.5,Secondary,64.8
3093,Female,16.0,Yes,Rural,91.9,none,100.0
3094,Male,11.9,No,Urban,80.0,Tertiary,80.9
3095,Female,9.1,No,Urban,92.7,none,60.7
3096,Male,8.2,No,Urban,59.3,Primary,47.5
3097,Male,16.0,No,Urban,63.1,Tertiary,92.0
3098,Female,10.0,No,Urban,54.6,Tertiary,60.4
3099,Male,7.5,No,Urban,54.8,none,45.1
3100,Female,11.2,No,Urban,85.2,none,76.8
3101,Female,13.4,No,Urban,54.4,Secondary,82.3
3102,Female,11.6,No,Urban,86.9,Secondary,78.5
3103,Male,12.6,No,Rural,87.5,Tertiary,84.6
3104,Male,8.6,Yes,Rural,53.1,Secondary,68.8
3105,Female,9.5,Yes,Rural,55.8,Tertiary,68.3
3106,Female,10.4,Yes,Urban,65.4,Secondary,81.1
3107,Female,12.2,No,Rural,53.2,Primary,67.4
3108,Female,15.4,No,Urban,90.8,Secondary,93.1
3109,Female,11.6,No,Urban,73.1,Secondary,74.5
3110,Male,4.0,No,Urban,50.5,Secondary,40.3
3111,Female,3.3,Yes,Urban,88.2,Tertiary,67.2
3112,Female,14.4,No,Urban,70.8,Secondary,92.0
3113,Male,8.3,No,Urban,72.0,Secondary,51.4
3114,Female,16.0,No,Urban,92.9,Secondary,97.9
3115,Female,15.8,No,Urban,72.7,none,90.1
3116,Male,7.1,No,Rural,90.0,Secondary,51.7
3117,Female,5.4,Yes,Urban,70.1,Secondary,59.1
3118,Female,10.2,Yes,Urban,54.0,Secondary,89.6
3119,Female,10.7,No,Urban,67.4,Tertiary,74.1
3120,Male,8.4,Yes,Urban,53.3,Primary,76.0
3121,Male,5.7,No,Urban,60.4,Secondary,46.2
3122,Female,10.1,Yes,Urban,88.0,Secondary,96.0
3123,Female,9.2,No,Rural,62.0,Secondary,57.7
3124,Male,11.0,Yes,Urban,55.0,Tertiary,83.2
3125,Male,8.3,Yes,Rural,67.0,Secondary,72.9
3126,Female,16.0,No,Rural,78.7,none,86.0
3127,Male,8.8,Yes,Rural,62.8,Secondary,65.4
3128,Male,9.6,No,Urban,88.6,none,65.6
3129,Female,15.8,No,Urban,99.6,Tertiary,97.6
3130,Male,15.2,Yes,Rural,82.4,Tertiary,100.0
3131,Male,16.0,No,Urban,84.2,Tertiary,100.0
3132,Female,16.0,No,Urban,58.0,Tertiary,86.0
3133,Female,15.5,No,Urban,91.5,Secondary,93.5
3134,Female,8.4,No,Urban,52.8,Secondary,47.3
3135,Male,2.2,Yes,Rural,95.7,Secondary,56.4
3136,Male,10.6,Yes,Urban,66.3,Secondary,78.4
3137,Female,8.9,No,Urban,62.9,Primary,57.8
3138,Female,8.7,No,Rural,55.3,Secondary,50.6
3139,Male,11.5,No,Urban,77.2,none,68.1
3140,Female,9.4,Yes,Rural,52.7,Primary,65.7
3141,Female,9.7,No,Urban,74.5,none,65.2
3142,Female,8.9,Yes,Rural,90.7,Secondary,82.4
3143,Female,5.9,Yes,Rural,87.9,Secondary,75.0
3144,Female,9.6,No,Rural,55.0,Secondary,57.7
3145,Male,15.7,No,Urban,74.2,Secondary,81.7
3146,Male,11.4,Yes,Urban,93.7,none,91.8
3147,Female,8.8,No,Urban,84.9,Primary,65.1
3148,Female,7.2,Yes,Urban,53.0,Primary,57.0
3149,Male,10.7,Yes,Rural,59.6,Tertiary,81.4
3150,Male,12.4,No,Urban,96.2,Tertiary,84.1
3151,Male,11.2,Yes,Urban,83.2,Primary,85.3
3152,Male,6.4,No,Rural,89.0,Tertiary,59.0
3153,Female,5.7,No,Urban,77.5,Secondary,56.4
3154,Female,13.9,Yes,Urban,55.4,Tertiary,97.5
3155,Female,6.7,No,Urban,74.3,Tertiary,55.3
3156,Female,4.4,Yes,Urban,76.5,Secondary,59.4
3157,Female,6.6,Yes,Urban,72.3,Secondary,76.0
3158,Female,6.2,Yes,Rural,98.9,Secondary,76.5
3159,Male,10.3,Yes,Urban,64.4,Tertiary,80.3
3160,Female,11.7,Yes,Urban,62.7,none,82.6
3161,Female,14.0,No,Urban,72.4,Tertiary,78.2
3162,Female,9.2,No,Urban,76.0,Secondary,69.0
3163,Female,6.4,Yes,Urban,66.0,Primary,64.9
3164,Male,4.8,No,Urban,99.5,Primary,60.3
3165,Male,6.6,Yes,Rural,55.8,Primary,65.9
3166,Male,4.9,No,Urban,99.1,none,49.8
3167,Male,8.2,Yes,Rural,95.8,Primary,62.9
3168,Female,13.5,No,Rural,96.6,Secondary,88.7
3169,Female,16.0,No,Rural,69.2,Tertiary,91.1
3170,Male,6.2,No,Rural,80.3,Tertiary,51.4
3171,Male,11.6,Yes,Rural,79.1,Primary,80.7
3172,Male,5.5,No,Urban,80.2,none,46.5
3173,Male,10.7,Yes,Rural,53.0,Secondary,84.1
3174,Female,7.6,No,Urban,90.7,Tertiary,72.9
3175,Female,9.0,Yes,Urban,68.4,Tertiary,82.7
3176,Male,15.8,No,Rural,95.8,Primary,87.1
3177,Female,12.4,Yes,Urban,59.3,Secondary,99.6
3178,Male,11.6,No,Rural,78.9,none,64.1
3179,Male,15.5,No,Rural,79.9,Secondary,87.8
3180,Male,6.5,Yes,Urban,51.4,Secondary,57.9
3181,Female,9.0,Yes,Rural,59.5,Secondary,77.4
3182,Male,11.5,No,Rural,74.1,Tertiary,70.0
3183,Female,14.7,No,Urban,79.8,Secondary,95.5
3184,Female,14.1,No,Rural,54.4,none,71.7
3185,Female,11.7,No,Urban,65.5,Tertiary,80.4
3186,Female,12.7,Yes,Rural,77.1,Primary,95.3
3187,Male,10.8,Yes,Urban,83.9,Secondary,93.4
3188,Female,12.1,No,Urban,91.8,Tertiary,87.5
3189,Female,15.4,Yes,Rural,88.0,Secondary,100.0
3190,Male,6.1,No,Urban,89.1,none,53.3
3191,Male,6.0,No,Urban,64.0,Tertiary,47.2
3192,Male,11.7,Yes,Urban,66.1,Primary,90.2
3193,Female,16.0,No,Rural,81.4,Tertiary,84.5
3194,Female,11.1,No,Urban,58.7,Secondary,63.7
3195,Male,6.6,Yes,Urban,95.4,Tertiary,74.7
3196,Female,16.0,No,Urban,86.2,Secondary,90.3
3197,Female,9.1,No,Urban,52.9,Primary,59.7
3198,Male,10.5,No,Urban,87.5,Primary,73.6
3199,Female,2.1,Yes,Urban,76.1,Primary,41.1
3200,Male,10.5,No,Urban,97.0,Tertiary,79.7
3201,Male,12.9,Yes,Urban,75.2,Primary,99.0
3202,Male,10.1,Yes,Urban,78.8,Primary,78.2
3203,Female,13.8,Yes,Urban,92.0,Secondary,100.0
3204,Female,6.2,No,Rural,96.0,Primary,67.5
3205,Female,6.2,No,Rural,94.6,none,52.5
3206,Female,11.7,Yes,Urban,78.2,Primary,91.7
3207,Male,16.0,No,Urban,81.3,Primary,90.1
3208,Male,7.5,Yes,Urban,50.1,Secondary,68.8
3209,Female,10.3,No,Urban,78.6,Secondary,73.5
3210,Male,4.8,Yes,Rural,59.3,Tertiary,64.6
3211,Male,13.4,Yes,Urban,79.1,Secondary,95.9
3212,Female,6.2,No,Urban,99.5,Secondary,61.6
3213,Female,11.0,No,Urban,67.3,none,57.0
3214,Male,10.6,No,Urban,86.4,Secondary,77.3
3215,Female,6.3,No,Urban,74.1,Primary,60.1
3216,Male,13.4,No,Urban,84.3,Tertiary,91.8
3217,Female,2.9,Yes,Rural,91.9,Primary,59.5
3218,Male,14.3,Yes,Rural,85.8,Secondary,91.6
3219,Male,5.6,No,Urban,64.1,none,32.0
3220,Female,16.0,No,Urban,92.7,Secondary,100.0
3221,Male,14.0,No,Rural,98.9,Secondary,87.8
3222,Male,13.2,No,Rural,95.6,Secondary,89.6
3223,Female,7.0,Yes,Rural,79.8,Tertiary,73.1
3224,Female,12.1,No,Rural,94.2,Secondary,79.3
3225,Female,7.6,No,Urban,57.9,Tertiary,61.3
3226,Female,8.0,No,Urban,59.8,Tertiary,53.6
3227,Male,12.4,No,Rural,62.9,Tertiary,74.5
3228,Male,6.1,No,Urban,88.6,Primary,43.0
3229,Male,12.3,No,Urban,62.0,Primary,64.3
3230,Male,5.4,No,Urban,86.0,Secondary,54.3
3231,Male,10.0,No,Urban,91.8,Primary,72.0
3232,Female,11.6,No,Rural,60.1,none,63.2
3233,Male,12.5,Yes,Urban,77.5,none,88.6
3234,Male,12.6,No,Urban,91.9,Secondary,82.6
3235,Female,13.4,No,Rural,53.8,none,71.9
3236,Male,10.7,No,Urban,79.7,Primary,67.8
3237,Female,8.3,Yes,Urban,59.7,Tertiary,65.9
3238,Female,9.5,No,Rural,94.4,Secondary,67.5
3239,Female,15.7,No,Urban,93.9,Primary,99.2
3240,Male,11.8,No,Urban,80.3,Tertiary,74.1
3241,Female,14.2,No,Urban,68.1,Primary,82.4
3242,Female,10.6,No,Urban,88.9,Secondary,78.2
3243,Female,16.0,No,Urban,64.0,Tertiary,86.8
3244,Male,10.8,No,Urban,90.9,Tertiary,77.7
3245,Male,12.4,Yes,Rural,60.0,Primary,91.9
3246,Female,6.6,No,Urban,56.4,Secondary,42.9
3247,Female,13.3,No,Rural,84.4,none,78.6
3248,Male,14.0,No,Urban,85.8,Secondary,87.7
3249,Male,14.1,No,Urban,64.9,Tertiary,86.7
3250,Male,12.6,Yes,Urban,61.9,Secondary,82.2
3251,Male,5.9,No,Rural,96.4,Secondary,50.5
3252,Male,7.3,Yes,Urban,52.7,Secondary,60.4
3253,Female,5.9,Yes,Urban,79.6,Secondary,69.3
3254,Female,13.0,No,Urban,90.2,Secondary,84.9
3255,Male,12.4,No,Urban,97.9,Secondary,87.8
3256,Female,11.7,No,Rural,87.1,Secondary,76.6
3257,Male,11.9,Yes,Urban,90.5,Tertiary,88.4
3258,Male,10.6,No,Rural,96.3,Tertiary,77.7
3259,Female,9.3,No,Urban,72.2,Secondary,64.1
3260,Male,8.3,No,Urban,53.3,Secondary,60.5
3261,Male,7.8,No,Urban,62.3,Secondary,53.5
3262,Female,7.5,No,Rural,99.8,Secondary,59.4
3263,Male,14.3,No,Urban,59.4,Secondary,73.4
3264,Female,12.1,Yes,Rural,62.2,Tertiary,100.0
3265,Male,14.8,No,Rural,70.2,none,75.7
3266,Female,16.0,No,Rural,93.7,Primary,94.8
3267,Female,13.8,Yes,Urban,89.7,Primary,100.0
3268,Female,12.0,No,Urban,79.6,Primary,83.5
3269,Male,11.2,No,Urban,75.0,Secondary,72.0
3270,Female,8.6,No,Rural,84.4,none,57.2
3271,Female,16.0,Yes,Rural,58.5,Primary,99.0
3272,Female,14.3,No,Urban,79.4,Primary,81.5
3273,Male,13.8,No,Urban,75.0,Tertiary,79.3
3274,Male,15.5,No,Rural,78.9,Tertiary,89.1
3275,Female,5.0,No,Rural,90.3,Secondary,52.7
3276,Female,6.3,Yes,Rural,82.5,Secondary,67.5
3277,Male,12.6,No,Rural,95.8,Tertiary,77.4
3278,Male,14.7,No,Urban,80.1,Tertiary,87.5
3279,Male,10.6,No,Urban,63.1,Secondary,70.2
3280,Male,14.6,No,Rural,69.8,Secondary,84.8
3281,Female,12.8,No,Urban,68.2,Secondary,83.5
3282,Male,7.1,No,Rural,84.9,Secondary,54.0
3283,Male,7.1,No,Urban,83.2,none,50.1
3284,Male,12.7,Yes,Urban,63.7,Secondary,88.1
3285,Male,12.2,Yes,Urban,96.4,Secondary,97.2
3286,Male,5.2,No,Rural,52.3,Tertiary,39.5
3287,Female,10.7,No,Rural,93.7,none,69.3
3288,Male,7.1,Yes,Rural,70.3,Tertiary,65.2
3289,Female,3.2,No,Urban,97.6,Secondary,47.2
3290,Female,11.0,No,Rural,94.4,Tertiary,73.0
3291,Male,13.8,No,Rural,79.5,Primary,82.8
3292,Female,5.5,No,Urban,55.2,Secondary,51.5
3293,Male,11.5,No,Urban,86.0,Primary,64.7
3294,Female,7.3,No,Rural,85.8,Tertiary,60.7
3295,Male,13.4,No,Rural,81.8,none,75.3
3296,Male,12.2,No,Urban,63.0,Secondary,66.9
3297,Male,14.9,No,Urban,83.1,Secondary,93.0
3298,Male,12.1,Yes,Urban,59.3,Tertiary,80.0
3299,Male,8.7,No,Urban,86.7,Tertiary,70.2
3300,Female,16.0,No,Urban,79.3,none,90.2
3301,Female,12.5,Yes,Rural,50.2,Tertiary,79.3
3302,Female,10.6,Yes,Urban,77.3,Primary,89.0
3303,Female,9.9,No,Rural,64.0,Secondary,60.8
3304,Male,5.6,No,Urban,77.4,Secondary,43.2
3305,Male,14.4,No,Urban,81.0,Secondary,82.1
3306,Male,11.3,No,Rural,81.7,Secondary,67.3
3307,Male,9.1,No,Rural,53.2,Tertiary,65.1
3308,Male,6.0,Yes,Rural,61.5,Secondary,67.1
3309,Female,11.1,No,Urban,89.8,Secondary,73.0
3310,Male,6.5,No,Rural,54.2,Secondary,48.2
3311,Female,8.8,Yes,Urban,92.3,Secondary,87.9
3312,Female,4.4,No,Rural,86.6,Secondary,47.5
3313,Female,10.2,Yes,Rural,53.5,Tertiary,89.1
3314,Female,10.0,No,Rural,74.1,Tertiary,66.1
3315,Male,11.8,No,Rural,60.3,Secondary,61.9
3316,Male,14.2,No,Rural,57.9,Secondary,75.2
3317,Female,6.5,No,Rural,74.9,Tertiary,50.7
3318,Female,10.7,No,Urban,62.4,Tertiary,69.0
3319,Male,9.1,No,Rural,97.0,Secondary,73.7
3320,Female,7.7,No,Rural,66.9,Tertiary,53.6
3321,Female,8.4,Yes,Urban,56.3,Secondary,80.4
3322,Male,11.3,No,Rural,63.4,Secondary,63.8
3323,Female,5.0,No,Urban,61.1,Secondary,44.0
3324,Female,9.5,Yes,Urban,89.1,Primary,83.3
3325,Female,14.1,No,Urban,60.6,Tertiary,88.7
3326,Female,2.9,No,Urban,59.1,Tertiary,32.8
3327,Female,9.1,No,Rural,76.1,Primary,55.2
3328,Male,11.0,No,Urban,74.3,Tertiary,75.6
3329,Male,9.5,Yes,Rural,65.1,Tertiary,76.4
3330,Male,14.7,No,Urban,57.5,Secondary,68.1
3331,Male,6.3,No,Urban,94.4,Tertiary,59.4
3332,Male,6.5,No,Urban,67.3,Tertiary,54.3
3333,Male,6.2,No,Rural,78.6,Secondary,48.8
3334,Female,11.2,No,Urban,60.7,Tertiary,67.3
3335,Male,13.7,No,Rural,63.7,Primary,69.3
3336,Male,14.8,No,Rural,74.2,Primary,82.3
3337,Male,8.7,Yes,Rural,69.4,none,77.8
3338,Male,7.7,No,Urban,68.8,Tertiary,59.5
3339,Male,11.1,Yes,Urban,78.1,Tertiary,87.7
3340,Male,12.7,No,Urban,85.4,Secondary,76.7
3341,Male,4.3,No,Rural,51.3,Tertiary,37.9
3342,Female,9.3,No,Urban,54.1,Tertiary,67.0
3343,Male,13.6,Yes,Urban,68.5,Secondary,90.8
3344,Male,11.3,No,Rural,62.5,Tertiary,70.8
3345,Male,10.8,No,Rural,94.6,Secondary,69.8
3346,Male,14.6,Yes,Rural,94.5,Primary,98.5
3347,Female,8.9,No,Urban,99.4,Tertiary,81.9
3348,Female,13.7,Yes,Urban,68.2,Secondary,98.4
3349,Female,8.6,Yes,Urban,91.1,Tertiary,85.2
3350,Male,12.9,No,Urban,82.7,Secondary,76.5
3351,Male,11.5,No,Rural,70.3,Secondary,67.9
3352,Male,7.4,Yes,Urban,51.0,Secondary,71.3
3353,Male,7.2,No,Urban,66.4,Tertiary,58.5
3354,Male,9.0,No,Rural,70.8,Primary,57.0
3355,Male,4.0,Yes,Urban,53.1,Secondary,48.7
3356,Male,8.8,No,Rural,55.7,none,49.3
3357,Female,13.1,No,Rural,57.6,Primary,68.5
3358,Female,12.2,No,Urban,50.1,Primary,72.2
3359,Female,6.4,No,Urban,68.1,Secondary,55.7
3360,Female,8.7,No,Urban,77.6,Tertiary,68.8
3361,Male,8.9,Yes,Urban,80.8,Secondary,81.6
3362,Female,11.3,Yes,Rural,63.9,Secondary,85.1
3363,Female,13.1,No,Rural,90.6,Secondary,77.6
3364,Female,14.3,Yes,Urban,88.7,Secondary,100.0
3365,Female,5.3,No,Urban,84.7,Primary,54.4
3366,Female,13.6,Yes,Rural,83.0,none,89.6
3367,Male,12.9,No,Rural,64.6,Tertiary,70.5
3368,Female,9.5,No,Rural,56.2,Primary,56.9
3369,Female,11.7,No,Urban,58.0,Tertiary,77.3
3370,Female,11.4,No,Urban,52.7,Secondary,70.6
3371,Female,15.2,No,Rural,64.9,Secondary,76.3
3372,Male,9.6,No,Rural,51.8,none,55.7
3373,Male,14.8,No,Rural,76.6,Secondary,85.8
3374,Male,7.5,No,Urban,72.6,Tertiary,59.8
3375,Female,12.2,No,Urban,54.8,Tertiary,69.6
3376,Female,1.7,No,Urban,53.4,Secondary,28.2
3377,Female,11.9,No,Rural,90.2,none,74.1
3378,Male,10.0,Yes,Urban,67.7,Secondary,78.7
3379,Male,2.3,Yes,Urban,94.4,Primary,48.7
3380,Male,3.4,No,Urban,51.1,Secondary,40.0
3381,Male,6.1,No,Urban,67.1,Secondary,47.0
3382,Female,8.3,No,Rural,70.6,Secondary,65.2
3383,Male,8.8,Yes,Urban,96.2,Tertiary,85.8
3384,Male,8.1,No,Rural,51.9,Secondary,52.7
3385,Female,8.8,Yes,Rural,58.4,Primary,59.5
3386,Male,7.5,No,Urban,80.7,Secondary,68.5
3387,Male,15.9,Yes,Urban,68.4,none,100.0
3388,Male,10.0,Yes,Rural,53.9,Secondary,69.8
3389,Male,12.7,No,Urban,90.1,Secondary,84.5
3390,Male,11.2,No,Urban,63.5,none,61.4
3391,Male,10.9,No,Urban,84.0,none,72.0
3392,Female,12.2,No,Urban,75.8,Secondary,72.3
3393,Female,11.2,Yes,Urban,57.4,Tertiary,90.0
3394,Female,8.8,No,Urban,64.2,Tertiary,56.2
3395,Female,16.0,No,Urban,62.6,Tertiary,81.6
3396,Female,9.2,No,Urban,76.2,Secondary,75.3
3397,Female,7.0,Yes,Rural,88.7,Secondary,72.0
3398,Female,16.0,Yes,Urban,79.1,Primary,100.0
3399,Male,15.7,No,Urban,77.0,none,85.5
3400,Male,4.7,No,Urban,97.8,Primary,45.7
3401,Male,3.3,No,Rural,71.6,Secondary,34.3
3402,Male,9.2,No,Rural,95.3,Primary,65.9
3403,Male,10.5,Yes,Urban,61.5,Secondary,82.8
3404,Male,10.9,No,Urban,57.8,Tertiary,74.2
3405,Male,5.0,Yes,Rural,88.3,Primary,67.1
3406,Female,5.0,No,Rural,58.1,Tertiary,49.4
3407,Male,10.1,No,Rural,74.1,none,52.0
3408,Female,7.9,No,Urban,50.7,Tertiary,50.6
3409,Male,4.0,Yes,Urban,66.7,Secondary,60.4
3410,Female,16.0,No,Urban,70.6,Secondary,82.6
3411,Male,13.2,No,Rural,67.6,none,67.2
3412,Female,9.0,No,Urban,58.4,Tertiary,67.8
3413,Male,10.5,No,Urban,97.7,Primary,71.5
3414,Female,6.7,Yes,Urban,78.8,Primary,77.9
3415,Male,5.7,No,Urban,89.0,Tertiary,57.8
3416,Male,4.2,Yes,Urban,98.6,Secondary,68.9
3417,Male,12.5,Yes,Rural,81.3,Primary,87.8
3418,Female,9.2,Yes,Urban,88.6,Tertiary,99.4
3419,Male,10.8,No,Rural,81.4,none,66.1
3420,Male,7.4,No,Urban,95.3,Primary,55.3
3421,Female,15.5,No,Urban,67.0,Primary,94.2
3422,Female,11.6,No,Urban,96.6,none,78.1
3423,Female,16.0,Yes,Rural,62.8,Secondary,99.0
3424,Male,13.5,No,Rural,76.2,Tertiary,76.1
3425,Female,12.0,No,Rural,67.5,Tertiary,69.9
3426,Male,11.8,No,Urban,89.2,Secondary,74.8
3427,Female,12.4,Yes,Urban,56.4,Primary,80.4
3428,Female,15.6,Yes,Rural,91.1,Tertiary,100.0
3429,Female,6.3,No,Rural,76.9,Tertiary,54.7
3430,Female,11.6,No,Urban,97.4,Secondary,74.9
3431,Male,9.1,Yes,Urban,72.8,Tertiary,72.2
3432,Female,6.1,No,Urban,65.3,Tertiary,48.6
3433,Male,6.8,No,Rural,95.7,Secondary,60.2
3434,Male,9.4,No,Urban,79.5,Secondary,63.2
3435,Female,11.3,Yes,Urban,56.3,Secondary,88.7
3436,Female,6.2,No,Urban,77.9,Tertiary,53.6
3437,Female,4.9,No,Urban,63.5,Tertiary,48.5
3438,Male,2.0,Yes,Rural,86.6,Tertiary,43.0
3439,Male,9.4,No,Urban,77.9,Secondary,71.3
3440,Female,8.9,No,Urban,56.0,Secondary,60.2
3441,Female,5.9,No,Urban,71.9,none,43.0
3442,Female,7.6,No,Urban,84.6,Primary,53.7
3443,Male,16.0,No,Urban,56.4,Tertiary,84.8
3444,Female,12.7,No,Rural,80.0,none,76.3
3445,Female,8.6,No,Rural,51.2,Secondary,56.5
3446,Male,6.6,No,Urban,75.6,Secondary,54.5
3447,Female,10.5,No,Urban,50.3,none,60.7
3448,Male,9.2,Yes,Urban,67.7,Primary,75.8
3449,Female,15.2,No,Urban,68.7,Secondary,83.1
3450,Female,9.8,No,Urban,72.3,Secondary,59.9
3451,Male,6.8,No,Urban,93.8,none,75.0
3452,Female,2.3,No,Urban,58.0,Secondary,36.0
3453,Male,3.5,No,Urban,78.7,none,47.7
3454,Female,12.7,Yes,Urban,64.2,Primary,86.5
3455,Male,11.1,Yes,Urban,95.4,Primary,89.8
3456,Male,5.6,No,Urban,52.5,none,39.1
3457,Female,12.9,Yes,Rural,58.0,Secondary,81.6
3458,Male,8.2,No,Rural,86.5,Secondary,60.8
3459,Female,8.0,No,Urban,91.4,Primary,62.3
3460,Female,0.0,No,Rural,82.7,Primary,23.5
3461,Female,12.0,Yes,Rural,98.7,Tertiary,100.0
3462,Female,9.6,No,Rural,74.6,Secondary,63.4
3463,Male,5.4,No,Urban,66.8,Primary,47.6
3464,Female,11.2,No,Urban,53.0,Secondary,68.9
3465,Female,9.9,No,Urban,82.3,Secondary,77.1
3466,Female,9.2,No,Urban,77.5,Tertiary,67.6
3467,Male,5.2,Yes,Urban,61.7,Primary,47.5
3468,Male,15.4,Yes,Rural,87.9,Primary,96.4
3469,Female,8.8,Yes,Rural,56.9,Tertiary,77.4
3470,Female,13.1,No,Urban,59.8,Primary,78.3
3471,Female,9.9,Yes,Rural,60.2,none,80.2
3472,Female,8.0,Yes,Urban,79.0,Secondary,82.9
3473,Female,7.4,No,Urban,51.7,Tertiary,58.9
3474,Male,11.8,No,Urban,71.7,Primary,70.3
3475,Male,9.0,No,Urban,98.6,Tertiary,62.4
3476,Female,11.3,No,Rural,88.5,Tertiary,72.7
3477,Female,9.5,Yes,Urban,89.6,Tertiary,90.5
3478,Male,13.8,Yes,Rural,94.4,Tertiary,100.0
3479,Male,11.4,No,Urban,70.6,Primary,73.2
3480,Male,9.7,No,Urban,64.0,Secondary,59.5
3481,Female,10.3,No,Urban,98.0,Primary,70.5
3482,Male,11.3,No,Rural,82.4,Secondary,79.1
3483,Female,7.9,No,Urban,57.7,Tertiary,53.7
3484,Female,10.3,No,Urban,99.4,Secondary,67.7
3485,Female,13.8,No,Rural,83.6,Tertiary,81.8
3486,Male,4.8,No,Rural,89.3,Secondary,45.9
3487,Female,3.6,No,Urban,62.5,Secondary,40.2
3488,Male,8.2,No,Urban,75.0,Primary,68.5
3489,Male,9.7,Yes,Rural,57.1,none,69.2
3490,Male,7.5,No,Urban,68.7,Secondary,59.9
3491,Male,8.0,No,Urban,77.4,Tertiary,69.4
3492,Male,4.7,No,Urban,71.2,Secondary,30.5
3493,Female,7.4,No,Rural,53.4,Tertiary,56.4
3494,Male,11.5,No,Urban,86.2,Secondary,80.7
3495,Female,11.0,No,Rural,88.9,Secondary,68.1
3496,Female,12.4,Yes,Urban,70.3,none,89.1
3497,Female,5.5,No,Urban,62.0,Tertiary,51.4
3498,Female,16.0,No,Urban,84.0,Secondary,89.4
3499,Female,15.5,Yes,Urban,78.5,Secondary,100.0
3500,Female,8.0,No,Urban,82.8,Tertiary,60.6
3501,Male,9.0,No,Rural,68.8,Tertiary,57.5
3502,Female,10.5,No,Urban,81.2,Secondary,82.6
3503,Male,15.6,Yes,Urban,70.3,Secondary,99.3
3504,Male,9.2,No,Rural,77.0,Secondary,60.4
3505,Male,8.5,No,Urban,63.9,Primary,58.7
3506,Male,10.3,Yes,Urban,70.2,Secondary,79.6
3507,Male,5.7,No,Urban,64.0,Secondary,48.5
3508,Female,11.1,Yes,Rural,82.3,Secondary,87.7
3509,Female,10.1,Yes,Urban,58.1,Tertiary,82.0
3510,Male,5.7,Yes,Urban,79.1,Secondary,76.4
3511,Male,11.2,No,Urban,79.1,Tertiary,76.7
3512,Male,5.5,Yes,Urban,90.9,none,63.2
3513,Male,9.8,Yes,Rural,87.5,Secondary,79.3
3514,Female,11.7,No,Urban,51.3,none,58.2
3515,Male,13.2,Yes,Urban,80.1,Tertiary,100.0
3516,Male,11.5,No,Urban,54.0,Primary,70.9
3517,Male,7.9,Yes,Urban,53.7,Secondary,65.6
3518,Female,7.7,No,Rural,92.0,Primary,63.3
3519,Male,5.1,No,Urban,63.1,Secondary,41.1
3520,Female,14.1,No,Urban,86.9,Secondary,90.1
3521,Male,5.7,Yes,Rural,99.3,none,64.4
3522,Female,5.8,Yes,Rural,99.4,Tertiary,77.1
3523,Male,7.1,No,Urban,85.0,Secondary,56.2
3524,Female,13.2,No,Urban,78.2,Secondary,90.0
3525,Male,11.4,No,Rural,90.5,Tertiary,79.2
3526,Male,11.9,Yes,Urban,59.2,Tertiary,82.3
3527,Female,15.5,No,Urban,99.5,Tertiary,99.1
3528,Female,8.6,No,Rural,60.1,Primary,53.4
3529,Male,7.1,No,Urban,84.9,Secondary,55.7
3530,Male,15.7,No,Urban,53.6,Secondary,78.3
3531,Male,5.7,No,Rural,57.5,Secondary,45.0
3532,Female,7.7,No,Urban,60.2,Secondary,62.4
3533,Female,9.8,No,Rural,71.6,Primary,69.0
3534,Female,7.7,No,Urban,60.5,Secondary,58.0
3535,Female,14.2,Yes,Rural,87.4,Secondary,96.6
3536,Male,7.8,No,Urban,65.3,none,58.4
3537,Female,10.0,No,Rural,68.0,Secondary,62.9
3538,Female,9.5,No,Rural,82.8,Secondary,70.2
3539,Male,9.2,No,Rural,51.6,Primary,49.2
3540,Female,14.4,No,Urban,97.3,Secondary,92.7
3541,Male,10.1,No,Rural,68.8,Tertiary,70.5
3542,Female,7.9,No,Urban,61.5,Primary,62.3
3543,Male,6.3,No,Rural,89.3,Primary,60.3
3544,Male,11.9,Yes,Rural,67.7,Secondary,84.4
3545,Male,10.8,No,Rural,67.8,Primary,71.5
3546,Male,7.9,No,Urban,64.6,Tertiary,52.3
3547,Male,4.3,No,Urban,54.9,Primary,40.0
3548,Male,13.7,Yes,Rural,85.8,Tertiary,97.1
3549,Female,5.0,No,Rural,80.5,Secondary,52.1
3550,Male,11.3,No,Rural,99.3,Secondary,75.6
3551,Male,15.5,No,Urban,81.3,Tertiary,90.9
3552,Female,7.3,No,Urban,51.6,Primary,44.1
3553,Female,7.9,No,Rural,73.7,Secondary,57.1
3554,Female,10.5,Yes,Urban,51.5,Primary,73.4
3555,Female,9.4,No,Urban,66.3,Primary,64.9
3556,Female,14.4,No,Urban,76.6,Tertiary,78.0
3557,Male,3.8,No,Rural,97.7,Secondary,46.4
3558,Female,13.4,No,Urban,51.0,Tertiary,77.2
3559,Male,15.1,No,Rural,98.4,Tertiary,95.7
3560,Male,13.4,No,Urban,95.3,Secondary,87.0
3561,Female,7.3,Yes,Urban,83.8,Secondary,77.0
3562,Male,6.2,No,Urban,54.7,Secondary,48.8
3563,Male,6.8,Yes,Urban,98.2,Secondary,69.8
3564,Female,15.1,No,Urban,78.2,none,87.5
3565,Male,4.2,No,Rural,50.0,Secondary,37.9
3566,Female,12.6,Yes,Urban,91.4,Secondary,100.0
3567,Female,10.7,No,Rural,61.1,Tertiary,75.4
3568,Female,12.4,No,Rural,63.6,Primary,66.4
3569,Female,7.5,No,Urban,79.8,Secondary,60.5
3570,Male,10.8,No,Urban,55.9,Tertiary,65.0
3571,Male,6.4,No,Urban,96.2,Tertiary,65.2
3572,Female,0.9,No,Rural,83.0,Secondary,25.7
3573,Male,8.0,No,Rural,67.2,Secondary,60.2
3574,Female,8.5,Yes,Urban,86.8,Primary,81.1
3575,Male,8.6,Yes,Rural,93.2,Secondary,86.5
3576,Male,16.0,Yes,Urban,91.6,Secondary,100.0
3577,Female,14.1,No,Urban,79.5,Primary,88.7
3578,Female,15.1,No,Urban,90.2,none,93.9
3579,Male,4.2,No,Urban,58.1,Primary,39.6
3580,Male,11.7,Yes,Urban,81.3,Tertiary,99.6
3581,Male,13.1,No,Urban,67.7,Secondary,69.7
3582,Male,14.8,Yes,Rural,65.2,Primary,99.8
3583,Female,16.0,Yes,Urban,57.3,Tertiary,100.0
3584,Male,4.5,No,Urban,52.0,Primary,42.1
3585,Male,9.8,Yes,Rural,50.9,Secondary,77.3
3586,Male,12.0,Yes,Urban,93.8,Secondary,99.2
3587,Female,9.4,No,Rural,84.3,Primary,57.6
3588,Female,2.3,Yes,Urban,83.8,Primary,56.8
3589,Male,9.7,No,Rural,80.0,Tertiary,67.1
3590,Male,14.1,No,Urban,69.1,Primary,79.8
3591,Female,7.3,Yes,Rural,67.7,Primary,65.4
3592,Male,16.0,No,Urban,63.9,Secondary,79.3
3593,Male,7.9,Yes,Urban,67.1,Tertiary,80.3
3594,Male,11.7,No,Rural,85.5,Primary,78.6
3595,Female,14.9,No,Urban,74.7,none,84.9
3596,Male,13.0,No,Urban,87.7,Secondary,89.0
3597,Male,10.2,No,Urban,54.7,Secondary,58.2
3598,Male,11.1,Yes,Rural,74.9,none,73.3
3599,Female,9.8,No,Urban,69.3,Secondary,56.1
3600,Female,8.9,Yes,Rural,50.9,Secondary,65.3
3601,Male,10.6,No,Urban,58.3,Tertiary,68.4
3602,Male,14.5,No,Urban,54.6,Secondary,81.1
3603,Male,8.1,No,Urban,67.8,Secondary,58.0
3604,Male,11.2,No,Urban,85.9,Secondary,82.4
3605,Male,9.8,Yes,Urban,82.3,Tertiary,89.8
3606,Female,13.0,No,Urban,80.1,Secondary,81.8
3607,Female,11.1,No,Rural,74.8,Secondary,75.2
3608,Male,13.2,No,Urban,54.3,Secondary,70.8
3609,Female,6.0,No,Urban,77.4,Primary,59.2
3610,Male,4.6,No,Urban,60.7,Secondary,38.3
3611,Female,15.6,No,Urban,92.4,Tertiary,100.0
3612,Female,8.4,Yes,Rural,60.5,Secondary,75.8
3613,Male,9.5,No,Urban,91.3,Secondary,62.2
3614,Female,10.7,No,Urban,78.0,Tertiary,79.9
3615,Female,9.5,Yes,Rural,69.0,none,68.7
3616,Female,15.3,Yes,Urban,63.1,Secondary,100.0
3617,Female,4.4,No,Urban,75.8,Tertiary,53.2
3618,Male,16.0,No,Urban,79.0,Tertiary,89.0
3619,Female,4.2,Yes,Rural,57.3,Tertiary,64.9
3620,Male,10.8,No,Rural,99.3,Tertiary,78.4
3621,Male,13.1,Yes,Urban,58.8,Secondary,99.6
3622,Female,3.7,Yes,Rural,85.5,Secondary,60.6
3623,Male,13.1,No,Urban,98.9,Secondary,84.3
3624,Male,12.9,No,Urban,98.9,Tertiary,84.3
3625,Male,13.6,No,Urban,88.0,Tertiary,83.2
3626,Male,5.8,No,Urban,96.7,Tertiary,63.4
3627,Male,10.5,No,Rural,88.2,Secondary,74.5
3628,Female,10.2,No,Rural,81.4,Tertiary,78.6
3629,Male,7.8,Yes,Rural,60.7,Tertiary,70.2
3630,Male,12.5,No,Rural,54.0,Secondary,64.0
3631,Female,6.8,Yes,Urban,52.1,Secondary,68.1
3632,Female,7.1,No,Rural,71.0,Secondary,52.4
3633,Female,12.2,No,Urban,79.5,Secondary,73.4
3634,Female,5.5,No,Rural,70.5,Tertiary,46.5
3635,Female,13.0,No,Urban,86.8,Primary,82.4
3636,Male,16.0,No,Urban,76.0,Secondary,89.4
3637,Male,6.4,Yes,Urban,64.1,Secondary,67.8
3638,Male,6.3,Yes,Urban,97.6,Tertiary,76.9
3639,Male,13.1,Yes,Rural,69.5,Secondary,93.1
3640,Male,7.0,Yes,Rural,55.9,Primary,59.9
3641,Male,10.0,Yes,Urban,89.5,Secondary,82.4
3642,Female,12.4,No,Urban,59.9,Primary,77.8
3643,Female,14.3,No,Urban,54.9,Secondary,82.0
3644,Female,10.0,No,Rural,82.5,none,72.9
3645,Male,16.0,No,Urban,87.5,Secondary,88.7
3646,Male,6.6,No,Urban,52.6,Primary,41.7
3647,Female,9.4,No,Urban,83.0,Secondary,65.9
3648,Female,16.0,No,Urban,86.0,Tertiary,100.0
3649,Female,10.9,Yes,Urban,81.3,Tertiary,89.8
3650,Male,12.0,Yes,Rural,92.9,Tertiary,97.2
3651,Female,9.1,Yes,Urban,51.8,Tertiary,76.4
3652,Female,16.0,No,Urban,97.7,none,95.5
3653,Female,15.8,No,Urban,81.4,Tertiary,97.0
3654,Female,11.2,Yes,Urban,74.4,Secondary,79.8
3655,Male,11.5,No,Urban,54.3,Tertiary,67.5
3656,Female,13.1,No,Urban,52.3,Secondary,78.7
3657,Female,13.3,No,Urban,93.8,Primary,87.2
3658,Female,15.1,No,Urban,77.2,Secondary,90.8
3659,Female,12.1,No,Urban,57.0,Secondary,82.7
3660,Female,16.0,No,Urban,63.5,Secondary,83.1
3661,Male,10.2,No,Rural,76.6,Primary,56.7
3662,Male,6.9,Yes,Urban,89.4,none,71.7
3663,Male,8.1,No,Rural,69.5,none,44.6
3664,Female,10.2,No,Rural,96.8,Primary,76.2
3665,Female,8.1,Yes,Urban,59.2,none,64.1
3666,Female,10.2,No,Rural,90.3,Secondary,73.9
3667,Female,6.8,No,Rural,60.4,Tertiary,43.6
3668,Male,9.2,No,Urban,68.0,Primary,59.3
3669,Male,11.4,No,Urban,95.2,Tertiary,88.1
3670,Female,10.0,Yes,Urban,79.5,Secondary,81.9
3671,Male,10.0,Yes,Urban,56.2,none,71.0
3672,Female,2.5,No,Urban,61.7,Tertiary,37.8
3673,Male,7.3,No,Rural,50.1,Secondary,47.3
3674,Female,15.0,No,Urban,66.3,Tertiary,89.3
3675,Female,11.6,Yes,Urban,76.4,none,89.9
3676,Male,6.2,No,Urban,78.4,Secondary,68.7
3677,Male,13.7,No,Rural,97.1,Primary,75.8
3678,Male,7.2,No,Rural,93.4,none,58.8
3679,Male,7.6,No,Urban,93.7,Secondary,66.3
3680,Female,13.2,No,Urban,87.9,Secondary,88.7
3681,Male,9.9,No,Urban,75.6,Secondary,66.9
3682,Female,7.0,Yes,Urban,83.0,Tertiary,83.5
3683,Male,6.5,Yes,Rural,80.8,Secondary,71.1
3684,Female,9.7,No,Urban,75.7,none,61.6
3685,Female,10.9,No,Rural,86.8,Secondary,73.6
3686,Male,9.6,No,Rural,98.0,Tertiary,86.0
3687,Female,7.5,No,Rural,72.1,Secondary,57.4
3688,Female,13.6,No,Rural,65.8,Primary,70.2
3689,Male,10.1,No,Urban,99.3,Primary,73.3
3690,Female,6.8,No,Urban,89.6,Secondary,64.1
3691,Female,5.4,Yes,Rural,99.0,Tertiary,80.9
3692,Female,1.2,No,Rural,70.3,Tertiary,30.9
3693,Female,12.3,Yes,Urban,99.8,none,100.0
3694,Female,8.5,Yes,Urban,78.1,Primary,77.3
3695,Male,6.1,No,Urban,71.6,Secondary,55.7
3696,Male,12.4,No,Rural,69.2,Secondary,71.4
3697,Female,3.5,No,Urban,67.6,Tertiary,48.4
3698,Male,11.7,No,Urban,71.0,Secondary,76.5
3699,Male,3.7,Yes,Rural,74.7,Secondary,51.3
3700,Male,7.9,Yes,Rural,96.8,Tertiary,71.6
3701,Female,5.1,No,Urban,81.2,Primary,52.7
3702,Female,15.3,No,Rural,81.2,Tertiary,92.0
3703,Male,8.9,No,Rural,75.2,Primary,59.3
3704,Female,13.6,Yes,Rural,53.7,none,87.5
3705,Male,7.6,No,Urban,65.2,Secondary,63.4
3706,Male,13.7,No,Rural,95.7,none,80.9
3707,Male,11.6,Yes,Urban,64.3,Tertiary,87.3
3708,Male,11.4,No,Rural,60.0,Primary,59.8
3709,Female,6.4,Yes,Rural,50.6,Tertiary,58.5
3710,Male,12.6,Yes,Rural,79.2,none,86.4
3711,Male,7.9,No,Urban,52.9,Secondary,58.7
3712,Male,8.2,No,Urban,90.5,Secondary,65.4
3713,Male,15.0,No,Urban,77.5,Tertiary,83.0
3714,Female,2.8,Yes,Rural,69.7,Secondary,61.5
3715,Female,14.4,No,Urban,89.9,Secondary,94.0
3716,Male,7.7,Yes,Rural,88.0,none,72.9
3717,Female,14.0,Yes,Urban,69.7,Secondary,99.9
3718,Female,13.9,Yes,Urban,70.7,Secondary,94.6
3719,Female,16.0,No,Rural,62.2,Primary,78.5
3720,Female,9.3,No,Rural,52.0,Secondary,52.8
3721,Female,10.3,No,Urban,61.6,Tertiary,71.6
3722,Female,7.6,No,Urban,64.2,Tertiary,60.6
3723,Male,12.6,No,Urban,84.8,Secondary,84.0
3724,Female,4.5,No,Urban,94.8,Secondary,57.5
3725,Female,13.3,Yes,Rural,62.5,Tertiary,88.8
3726,Male,10.5,Yes,Urban,95.6,Tertiary,89.2
3727,Male,7.2,Yes,Urban,61.4,Tertiary,71.4
3728,Female,7.1,Yes,Urban,65.7,Tertiary,72.2
3729,Male,10.1,Yes,Urban,93.9,Secondary,94.9
3730,Female,12.3,No,Urban,63.2,Secondary,67.5
3731,Female,12.5,No,Urban,58.1,Secondary,77.9
3732,Male,6.2,Yes,Rural,95.9,Primary,69.0
3733,Female,0.7,No,Urban,80.9,Tertiary,35.7
3734,Female,9.5,No,Urban,75.8,Secondary,67.8
3735,Male,7.0,Yes,Urban,88.2,Tertiary,68.5
3736,Male,16.0,No,Rural,53.0,Secondary,76.5
3737,Female,8.3,Yes,Rural,54.0,Tertiary,66.7
3738,Male,14.7,No,Rural,67.3,Tertiary,81.3
3739,Male,7.3,No,Urban,72.3,none,45.8
3740,Female,13.8,No,Rural,50.1,Tertiary,78.4
3741,Female,5.1,Yes,Rural,90.2,Tertiary,70.1
3742,Female,7.3,No,Urban,59.1,Tertiary,58.6
3743,Female,5.3,Yes,Urban,69.2,Secondary,63.6
3744,Female,8.5,Yes,Rural,81.0,Secondary,75.7
3745,Male,0.9,No,Rural,91.3,Secondary,35.6
3746,Female,2.5,No,Rural,76.5,Tertiary,40.3
3747,Male,6.2,Yes,Urban,69.2,Tertiary,65.6
3748,Female,10.7,Yes,Urban,86.6,none,86.1
3749,Male,10.1,No,Urban,73.0,Tertiary,63.6
3750,Male,5.5,No,Rural,97.4,Secondary,49.2
3751,Male,16.0,No,Rural,87.8,Secondary,82.8
3752,Male,12.7,No,Rural,70.0,Secondary,70.2
3753,Female,16.0,No,Rural,72.3,Primary,86.1
3754,Female,9.3,Yes,Rural,90.8,Tertiary,79.1
3755,Female,4.2,No,Rural,70.8,none,39.0
3756,Male,6.2,No,Urban,84.4,Primary,53.5
3757,Male,0.7,Yes,Urban,71.2,Tertiary,46.6
3758,Male,9.6,No,Urban,85.6,Secondary,69.0
3759,Female,7.9,No,Rural,70.8,Tertiary,60.1
3760,Female,10.6,No,Urban,63.9,Secondary,60.4
3761,Male,9.2,Yes,Rural,62.4,Tertiary,74.3
3762,Male,10.8,No,Urban,65.6,Secondary,60.5
3763,Male,11.4,No,Rural,55.2,Tertiary,59.6
3764,Female,14.4,No,Rural,69.6,Primary,71.3
3765,Female,12.2,No,Rural,66.9,Tertiary,67.5
3766,Male,1.0,Yes,Rural,52.6,Tertiary,35.9
3767,Male,9.6,No,Urban,62.2,none,61.0
3768,Female,10.6,No,Rural,56.5,Secondary,55.1
3769,Female,9.2,No,Rural,75.7,Primary,61.9
3770,Male,8.5,No,Urban,84.3,Tertiary,61.9
3771,Female,14.9,No,Rural,81.9,Primary,95.3
3772,Male,5.8,No,Urban,89.0,Primary,55.8
3773,Male,5.3,Yes,Urban,56.0,none,64.9
3774,Female,8.5,No,Rural,99.6,Primary,64.1
3775,Male,7.0,Yes,Urban,55.9,Primary,61.9
3776,Female,7.9,No,Urban,99.7,Tertiary,78.7
3777,Female,16.0,No,Urban,56.1,Tertiary,88.0
3778,Female,7.8,No,Urban,80.1,Tertiary,58.8
3779,Female,7.7,Yes,Urban,88.9,Primary,77.8
3780,Female,6.9,No,Rural,92.8,Primary,52.7
3781,Male,13.8,No,Urban,74.7,Secondary,79.9
3782,Male,13.0,No,Rural,71.1,Secondary,73.0
3783,Male,12.5,No,Rural,84.0,Tertiary,69.4
3784,Male,11.9,No,Rural,63.5,Secondary,66.7
3785,Female,5.7,No,Urban,90.5,Primary,55.7
3786,Female,14.0,No,Urban,72.0,Secondary,93.5
3787,Male,10.1,Yes,Rural,83.0,Secondary,87.1
3788,Female,4.6,No,Urban,83.5,Primary,49.5
3789,Male,13.4,Yes,Rural,91.6,Secondary,95.5
3790,Female,6.6,No,Urban,86.0,Secondary,59.3
3791,Male,6.0,No,Urban,52.2,Secondary,51.0
3792,Female,10.1,No,Rural,66.8,Primary,65.8
3793,Male,12.5,No,Urban,96.8,Primary,88.4
3794,Male,10.2,No,Urban,60.9,Tertiary,68.1
3795,Male,6.7,Yes,Rural,89.9,Primary,65.7
3796,Male,13.9,Yes,Urban,72.3,Secondary,96.4
3797,Female,7.4,No,Urban,60.2,Tertiary,51.2
3798,Male,10.0,No,Rural,50.9,Tertiary,68.1
3799,Female,9.8,Yes,Urban,75.1,Tertiary,84.5
3800,Female,6.0,No,Urban,57.6,Tertiary,59.3
3801,Male,16.0,No,Rural,91.8,Tertiary,98.9
3802,Male,12.6,No,Rural,77.7,Tertiary,80.5
3803,Female,16.0,No,Urban,62.2,Secondary,100.0
3804,Male,5.1,No,Urban,75.3,Primary,48.0
3805,Female,10.8,No,Urban,76.7,Primary,68.9
3806,Male,14.9,No,Urban,78.1,Tertiary,80.4
3807,Male,7.2,No,Rural,96.0,Tertiary,57.8
3808,Female,7.7,No,Urban,72.2,Tertiary,68.4
3809,Female,4.4,No,Rural,99.8,Primary,56.2
3810,Female,4.2,No,Urban,83.9,none,44.3
3811,Male,9.4,Yes,Urban,51.8,Secondary,73.6
3812,Female,11.0,Yes,Rural,62.1,Tertiary,86.2
3813,Male,12.2,No,Rural,51.4,Tertiary,76.5
3814,Female,8.5,No,Urban,96.7,Secondary,76.2
3815,Male,4.9,No,Urban,75.2,Primary,46.8
3816,Female,10.6,No,Rural,96.0,none,68.4
3817,Male,12.9,No,Rural,83.3,Secondary,79.3
3818,Female,13.6,Yes,Urban,77.7,Tertiary,94.1
3819,Male,8.1,No,Rural,56.0,Primary,44.7
3820,Female,13.0,Yes,Rural,72.8,Tertiary,85.0
3821,Female,10.2,No,Urban,94.3,Secondary,75.3
3822,Female,4.2,Yes,Urban,73.8,Tertiary,62.4
3823,Male,11.1,No,Urban,67.9,Tertiary,68.6
3824,Male,12.4,Yes,Rural,85.8,none,92.1
3825,Female,16.0,No,Urban,50.8,Secondary,86.5
3826,Male,8.2,No,Urban,87.3,Primary,62.1
3827,Male,16.0,No,Urban,88.5,Secondary,93.9
3828,Male,9.6,No,Urban,95.3,Secondary,81.5
3829,Female,11.0,No,Rural,99.5,Primary,80.8
3830,Female,16.0,No,Rural,78.7,Secondary,87.2
3831,Female,8.8,Yes,Rural,58.4,Primary,70.2
3832,Female,7.5,No,Urban,95.0,Tertiary,61.3
3833,Male,5.5,No,Rural,54.4,Tertiary,39.7
3834,Male,9.5,Yes,Urban,57.0,Secondary,72.6
3835,Female,6.0,No,Urban,93.2,Primary,47.9
3836,Female,10.4,No,Urban,80.1,Secondary,73.1
3837,Female,8.8,Yes,Urban,78.5,Secondary,83.5
3838,Female,16.0,Yes,Urban,53.4,Secondary,95.1
3839,Female,16.0,Yes,Rural,67.8,Secondary,99.3
3840,Female,16.0,Yes,Rural,50.6,Tertiary,100.0
3841,Female,8.8,No,Urban,99.6,none,73.1
3842,Female,15.8,No,Rural,67.2,Primary,92.5
3843,Female,6.4,No,Urban,90.0,Secondary,59.0
3844,Male,3.9,No,Rural,85.1,Secondary,37.0
3845,Female,5.0,No,Urban,78.5,none,34.6
3846,Female,13.8,No,Urban,83.6,Tertiary,83.5
3847,Male,16.0,Yes,Urban,55.8,Primary,90.8
3848,Male,13.7,Yes,Urban,77.6,none,99.1
3849,Female,12.1,No,Rural,65.0,Secondary,67.2
3850,Male,10.1,No,Rural,78.6,Primary,66.9
3851,Male,8.4,No,Rural,63.6,none,53.0
3852,Female,8.0,No,Urban,55.3,none,48.7
3853,Male,7.9,Yes,Rural,56.3,Secondary,75.1
3854,Male,12.9,Yes,Urban,56.8,Secondary,94.3
3855,Female,7.5,Yes,Urban,90.0,Secondary,67.4
3856,Female,9.5,No,Urban,78.6,Secondary,74.4
3857,Female,16.0,No,Rural,78.6,Tertiary,91.3
3858,Male,8.4,No,Rural,62.8,Secondary,52.1
3859,Male,10.5,Yes,Rural,91.2,Secondary,92.4
3860,Male,11.7,Yes,Urban,65.6,Secondary,78.9
3861,Male,12.2,No,Rural,66.3,Tertiary,68.7
3862,Female,9.5,Yes,Urban,51.9,Tertiary,79.5
3863,Female,8.9,No,Rural,70.7,Tertiary,67.5
3864,Male,13.3,Yes,Rural,70.7,Primary,86.3
3865,Male,8.4,Yes,Rural,74.6,none,73.8
3866,Female,13.2,No,Rural,63.5,none,72.2
3867,Male,11.7,No,Urban,58.1,Secondary,59.8
3868,Male,11.3,No,Rural,72.7,Tertiary,66.4
3869,Male,5.6,No,Urban,65.9,Tertiary,54.6
3870,Male,5.6,No,Rural,68.6,Secondary,55.6
3871,Female,6.0,No,Urban,61.7,none,58.4
3872,Male,10.0,No,Urban,64.9,Secondary,58.8
3873,Male,12.6,Yes,Rural,69.3,Secondary,93.1
3874,Female,14.7,Yes,Rural,83.2,Secondary,94.8
3875,Female,9.4,No,Urban,82.3,Tertiary,71.9
3876,Male,11.0,No,Urban,96.2,Primary,71.8
3877,Male,8.3,No,Urban,99.6,Tertiary,68.0
3878,Female,7.3,No,Rural,99.2,Secondary,58.7
3879,Male,3.8,No,Urban,96.5,Tertiary,53.0
3880,Female,8.2,Yes,Urban,79.5,Secondary,76.7
3881,Male,13.4,No,Urban,56.7,Tertiary,77.7
3882,Male,12.3,Yes,Rural,60.2,Secondary,84.6
3883,Female,12.0,No,Rural,98.9,Secondary,83.2
3884,Male,12.7,Yes,Urban,66.4,Primary,85.1
3885,Female,11.1,No,Rural,67.0,Primary,67.4
3886,Male,14.0,Yes,Urban,76.5,Primary,96.2
3887,Male,12.3,No,Urban,50.2,Secondary,65.3
3888,Female,11.9,Yes,Urban,77.6,none,90.0
3889,Female,7.1,Yes,Urban,57.5,Tertiary,77.4
3890,Male,7.0,No,Urban,72.2,Secondary,58.5
3891,Female,4.9,No,Urban,54.3,Secondary,45.7
3892,Male,13.9,No,Rural,59.3,Tertiary,69.6
3893,Male,12.9,Yes,Urban,68.8,Tertiary,98.4
3894,Male,12.5,No,Rural,76.3,Secondary,64.2
3895,Female,8.6,Yes,Urban,81.5,Secondary,73.1
3896,Male,8.9,Yes,Urban,98.4,Secondary,84.7
3897,Female,13.7,No,Rural,55.3,Secondary,75.5
3898,Male,10.6,Yes,Rural,55.4,none,79.7
3899,Female,13.4,Yes,Urban,50.1,Tertiary,85.4
3900,Female,12.3,Yes,Rural,63.9,Secondary,93.9
3901,Female,11.3,Yes,Urban,90.1,Primary,91.5
3902,Male,5.6,No,Urban,83.4,Primary,51.2
3903,Female,10.5,No,Rural,90.9,Secondary,84.0
3904,Female,10.5,No,Urban,99.2,Secondary,83.6
3905,Male,16.0,Yes,Urban,96.5,Primary,100.0
3906,Female,10.3,No,Urban,84.9,none,67.3
3907,Female,13.9,No,Rural,51.1,none,65.1
3908,Male,8.9,No,Rural,53.2,Secondary,51.7
3909,Female,1.9,No,Urban,99.5,Secondary,37.9
3910,Female,9.0,Yes,Urban,71.0,Tertiary,85.5
3911,Male,13.4,No,Urban,90.4,Secondary,83.0
3912,Male,6.1,Yes,Rural,77.1,Primary,63.1
3913,Female,10.2,No,Urban,96.6,Secondary,72.4
3914,Male,10.7,Yes,Urban,86.8,Tertiary,94.6
3915,Male,13.5,Yes,Urban,79.0,none,87.7
3916,Male,10.9,No,Rural,70.3,Secondary,69.3
3917,Male,4.2,No,Rural,73.5,Secondary,34.2
3918,Male,5.2,Yes,Rural,51.2,none,50.7
3919,Male,14.0,No,Urban,60.5,Secondary,70.6
3920,Female,7.1,No,Urban,98.2,Primary,62.8
3921,Male,9.6,No,Rural,69.7,Secondary,67.2
3922,Male,11.7,Yes,Urban,54.7,Tertiary,79.3
3923,Female,16.0,No,Urban,69.7,Tertiary,88.2
3924,Male,14.3,Yes,Rural,56.3,Primary,84.6
3925,Female,15.0,No,Rural,93.1,Secondary,85.8
3926,Female,3.5,Yes,Urban,94.1,Secondary,69.8
3927,Female,9.2,No,Urban,95.2,Primary,69.7
3928,Female,5.5,No,Rural,51.1,Primary,44.0
3929,Female,9.7,No,Urban,91.6,Secondary,72.8
3930,Male,11.5,No,Urban,69.1,none,73.3
3931,Female,12.0,Yes,Urban,58.8,Primary,87.2
3932,Female,11.9,No,Urban,61.7,Secondary,67.6
3933,Male,16.0,No,Urban,73.4,none,85.4
3934,Male,11.9,Yes,Urban,64.6,Tertiary,85.6
3935,Female,9.0,No,Urban,93.4,Tertiary,71.6
3936,Male,13.9,No,Rural,56.2,Secondary,78.8
3937,Male,5.5,No,Urban,78.7,Secondary,57.6
3938,Female,9.1,Yes,Urban,66.1,Secondary,84.0
3939,Female,16.0,No,Urban,55.9,Tertiary,87.8
3940,Male,14.9,No,Urban,61.1,Primary,64.5
3941,Male,6.8,No,Rural,80.8,Secondary,60.7
3942,Male,16.0,Yes,Rural,90.0,none,100.0
3943,Female,7.6,Yes,Urban,80.4,Tertiary,82.0
3944,Female,12.7,Yes,Urban,78.8,Secondary,92.9
3945,Male,16.0,No,Urban,72.8,Secondary,87.0
3946,Male,8.9,No,Urban,74.3,Tertiary,71.3
3947,Male,0.0,No,Rural,65.6,Secondary,23.4
3948,Female,13.2,Yes,Rural,77.5,Secondary,97.2
3949,Female,3.1,No,Rural,82.4,Secondary,44.8
3950,Female,6.6,No,Urban,75.1,Tertiary,58.8
3951,Female,9.0,No,Urban,57.4,Secondary,59.3
3952,Male,10.0,Yes,Urban,89.6,Tertiary,99.1
3953,Male,6.6,No,Rural,91.2,Tertiary,52.3
3954,Female,2.9,Yes,Urban,92.0,Secondary,66.4
3955,Female,10.1,Yes,Urban,63.9,Secondary,84.0
3956,Male,14.7,No,Urban,88.6,Tertiary,90.3
3957,Male,16.0,No,Urban,85.3,Secondary,93.1
3958,Male,12.5,No,Rural,67.2,Tertiary,74.2
3959,Female,9.4,No,Urban,90.9,Secondary,78.1
3960,Male,5.1,No,Rural,80.6,none,47.0
3961,Male,14.3,No,Urban,82.4,Tertiary,90.6
3962,Male,13.2,Yes,Rural,67.2,none,94.4
3963,Male,13.6,No,Urban,61.6,Secondary,79.3
3964,Male,7.7,Yes,Urban,93.6,Secondary,71.8
3965,Female,7.6,Yes,Urban,60.1,Tertiary,79.5
3966,Female,13.4,Yes,Urban,75.9,Primary,98.7
3967,Female,13.4,No,Urban,51.0,Primary,73.1
3968,Female,13.3,No,Rural,63.9,Secondary,81.6
3969,Female,16.0,Yes,Rural,50.6,Tertiary,96.6
3970,Male,5.0,Yes,Urban,52.7,none,52.4
3971,Male,10.5,No,Rural,67.2,Tertiary,62.2
3972,Male,14.8,No,Urban,77.6,Secondary,79.9
3973,Male,12.5,Yes,Rural,89.8,Tertiary,100.0
3974,Female,16.0,Yes,Urban,90.2,Primary,100.0
3975,Female,13.0,Yes,Rural,53.0,Tertiary,92.3
3976,Female,7.7,No,Urban,98.6,Tertiary,76.3
3977,Female,9.2,No,Urban,87.8,Tertiary,70.6
3978,Female,16.0,Yes,Rural,99.3,Tertiary,100.0
3979,Male,12.3,No,Rural,54.1,Secondary,65.9
3980,Male,8.4,No,Urban,54.4,Secondary,53.3
3981,Male,11.7,No,Rural,75.2,Secondary,75.6
3982,Female,12.0,No,Urban,70.0,Primary,71.1
3983,Male,14.9,No,Rural,98.1,Secondary,89.2
3984,Male,5.9,No,Rural,65.2,Secondary,54.2
3985,Female,8.1,No,Urban,67.7,Secondary,59.5
3986,Female,10.6,No,Rural,50.8,Primary,60.4
3987,Male,7.3,Yes,Rural,95.7,Tertiary,76.7
3988,Female,14.0,Yes,Urban,87.1,Primary,100.0
3989,Male,7.1,No,Rural,62.1,none,51.0
3990,Female,6.3,Yes,Rural,73.1,Tertiary,68.2
3991,Female,7.4,No,Urban,56.3,Secondary,50.1
3992,Female,16.0,No,Urban,57.1,Secondary,85.8
3993,Male,14.2,No,Urban,84.3,Tertiary,78.7
3994,Female,12.4,No,Rural,71.1,Secondary,76.9
3995,Male,11.3,Yes,Urban,79.5,Secondary,93.5
3996,Male,3.7,Yes,Urban,50.7,Tertiary,53.8
3997,Female,0.0,No,Rural,72.7,Tertiary,25.4
3998,Male,4.0,No,Urban,62.2,Tertiary,40.3
3999,Male,7.8,No,Rural,79.6,Primary,62.0
